solid OpenSCAD_Model
  facet normal -1 0 0
    outer loop
      vertex -23.8 29.6 9
      vertex -23.8 32 35
      vertex -23.8 32 9
    endloop
  endfacet
  facet normal -1 -0 0
    outer loop
      vertex -23.8 32 35
      vertex -23.8 29.6 9
      vertex -23.8 29.6 35
    endloop
  endfacet
  facet normal 0 0 -1
    outer loop
      vertex -27.8 29.6 35
      vertex -23.8 32 35
      vertex -23.8 29.6 35
    endloop
  endfacet
  facet normal -0 0 -1
    outer loop
      vertex -23.8 32 35
      vertex -27.8 29.6 35
      vertex -27.8 32 35
    endloop
  endfacet
  facet normal -0 0 1
    outer loop
      vertex -27.8 32 9
      vertex -23.8 29.6 9
      vertex -23.8 32 9
    endloop
  endfacet
  facet normal 0 0 1
    outer loop
      vertex -23.8 29.6 9
      vertex -27.8 32 9
      vertex -27.8 29.6 9
    endloop
  endfacet
  facet normal 1 -0 0
    outer loop
      vertex -27.8 29.6 35
      vertex -27.8 32 9
      vertex -27.8 32 35
    endloop
  endfacet
  facet normal 1 0 0
    outer loop
      vertex -27.8 32 9
      vertex -27.8 29.6 35
      vertex -27.8 29.6 9
    endloop
  endfacet
  facet normal -1 0 0
    outer loop
      vertex 27.8 29.6 9
      vertex 27.8 32 35
      vertex 27.8 32 9
    endloop
  endfacet
  facet normal -1 -0 0
    outer loop
      vertex 27.8 32 35
      vertex 27.8 29.6 9
      vertex 27.8 29.6 35
    endloop
  endfacet
  facet normal 0 0 -1
    outer loop
      vertex 23.8 29.6 35
      vertex 27.8 32 35
      vertex 27.8 29.6 35
    endloop
  endfacet
  facet normal -0 0 -1
    outer loop
      vertex 27.8 32 35
      vertex 23.8 29.6 35
      vertex 23.8 32 35
    endloop
  endfacet
  facet normal -0 0 1
    outer loop
      vertex 23.8 32 9
      vertex 27.8 29.6 9
      vertex 27.8 32 9
    endloop
  endfacet
  facet normal 0 0 1
    outer loop
      vertex 27.8 29.6 9
      vertex 23.8 32 9
      vertex 23.8 29.6 9
    endloop
  endfacet
  facet normal 1 -0 0
    outer loop
      vertex 23.8 29.6 35
      vertex 23.8 32 9
      vertex 23.8 32 35
    endloop
  endfacet
  facet normal 1 0 0
    outer loop
      vertex 23.8 32 9
      vertex 23.8 29.6 35
      vertex 23.8 29.6 9
    endloop
  endfacet
  facet normal -1 0 0
    outer loop
      vertex -23.8 29.6 60
      vertex -23.8 32 86
      vertex -23.8 32 60
    endloop
  endfacet
  facet normal -1 -0 0
    outer loop
      vertex -23.8 32 86
      vertex -23.8 29.6 60
      vertex -23.8 29.6 86
    endloop
  endfacet
  facet normal 0 0 -1
    outer loop
      vertex -27.8 29.6 86
      vertex -23.8 32 86
      vertex -23.8 29.6 86
    endloop
  endfacet
  facet normal -0 0 -1
    outer loop
      vertex -23.8 32 86
      vertex -27.8 29.6 86
      vertex -27.8 32 86
    endloop
  endfacet
  facet normal -0 0 1
    outer loop
      vertex -27.8 32 60
      vertex -23.8 29.6 60
      vertex -23.8 32 60
    endloop
  endfacet
  facet normal 0 0 1
    outer loop
      vertex -23.8 29.6 60
      vertex -27.8 32 60
      vertex -27.8 29.6 60
    endloop
  endfacet
  facet normal 1 -0 0
    outer loop
      vertex -27.8 29.6 86
      vertex -27.8 32 60
      vertex -27.8 32 86
    endloop
  endfacet
  facet normal 1 0 0
    outer loop
      vertex -27.8 32 60
      vertex -27.8 29.6 86
      vertex -27.8 29.6 60
    endloop
  endfacet
  facet normal -1 0 0
    outer loop
      vertex 27.8 29.6 60
      vertex 27.8 32 86
      vertex 27.8 32 60
    endloop
  endfacet
  facet normal -1 -0 0
    outer loop
      vertex 27.8 32 86
      vertex 27.8 29.6 60
      vertex 27.8 29.6 86
    endloop
  endfacet
  facet normal 0 0 -1
    outer loop
      vertex 23.8 29.6 86
      vertex 27.8 32 86
      vertex 27.8 29.6 86
    endloop
  endfacet
  facet normal -0 0 -1
    outer loop
      vertex 27.8 32 86
      vertex 23.8 29.6 86
      vertex 23.8 32 86
    endloop
  endfacet
  facet normal -0 0 1
    outer loop
      vertex 23.8 32 60
      vertex 27.8 29.6 60
      vertex 27.8 32 60
    endloop
  endfacet
  facet normal 0 0 1
    outer loop
      vertex 27.8 29.6 60
      vertex 23.8 32 60
      vertex 23.8 29.6 60
    endloop
  endfacet
  facet normal 1 -0 0
    outer loop
      vertex 23.8 29.6 86
      vertex 23.8 32 60
      vertex 23.8 32 86
    endloop
  endfacet
  facet normal 1 0 0
    outer loop
      vertex 23.8 32 60
      vertex 23.8 29.6 86
      vertex 23.8 29.6 60
    endloop
  endfacet
  facet normal 0.0490702 -0.998795 0
    outer loop
      vertex 31 -2.4 0
      vertex 31.9017 -2.3557 95
      vertex 31 -2.4 95
    endloop
  endfacet
  facet normal 0.0490702 -0.998795 0
    outer loop
      vertex 31.9017 -2.3557 95
      vertex 31 -2.4 0
      vertex 31.9017 -2.3557 0
    endloop
  endfacet
  facet normal -0.0490702 0.998795 0
    outer loop
      vertex -31 32 0
      vertex -31.9017 31.9557 95
      vertex -31 32 95
    endloop
  endfacet
  facet normal -0.0490702 0.998795 0
    outer loop
      vertex -31.9017 31.9557 95
      vertex -31 32 0
      vertex -31.9017 31.9557 0
    endloop
  endfacet
  facet normal 0.904004 0.427524 0
    outer loop
      vertex 39.4997 26.3207 95
      vertex 39.1137 27.1369 0
      vertex 39.1137 27.1369 95
    endloop
  endfacet
  facet normal 0.904004 0.427524 0
    outer loop
      vertex 39.1137 27.1369 0
      vertex 39.4997 26.3207 95
      vertex 39.4997 26.3207 0
    endloop
  endfacet
  facet normal -0.857708 -0.514137 0
    outer loop
      vertex -38.6495 1.68875 0
      vertex -39.1137 2.46315 95
      vertex -39.1137 2.46315 0
    endloop
  endfacet
  facet normal -0.857708 -0.514137 0
    outer loop
      vertex -39.1137 2.46315 95
      vertex -38.6495 1.68875 0
      vertex -38.6495 1.68875 95
    endloop
  endfacet
  facet normal -0.0490702 -0.998795 0
    outer loop
      vertex -31.9017 -2.3557 0
      vertex -31 -2.4 95
      vertex -31.9017 -2.3557 95
    endloop
  endfacet
  facet normal -0.0490702 -0.998795 -0
    outer loop
      vertex -31 -2.4 95
      vertex -31.9017 -2.3557 0
      vertex -31 -2.4 0
    endloop
  endfacet
  facet normal 0.989171 0.146769 0
    outer loop
      vertex 40.1557 23.7018 95
      vertex 40.0232 24.5948 0
      vertex 40.0232 24.5948 95
    endloop
  endfacet
  facet normal 0.989171 0.146769 0
    outer loop
      vertex 40.0232 24.5948 0
      vertex 40.1557 23.7018 95
      vertex 40.1557 23.7018 0
    endloop
  endfacet
  facet normal 0 1 0
    outer loop
      vertex -23.8 32 9
      vertex -14.49 32 37.5
      vertex 23.8 32 9
    endloop
  endfacet
  facet normal 0 1 0
    outer loop
      vertex -14.49 32 37.5
      vertex -23.8 32 9
      vertex -23.8 32 35
    endloop
  endfacet
  facet normal 0 1 0
    outer loop
      vertex 23.8 32 86
      vertex 14.49 32 77.5
      vertex -23.8 32 86
    endloop
  endfacet
  facet normal 0 1 -0
    outer loop
      vertex 23.8 32 60
      vertex 14.49 32 77.5
      vertex 23.8 32 86
    endloop
  endfacet
  facet normal 0 1 0
    outer loop
      vertex 14.49 32 77.5
      vertex 23.8 32 60
      vertex 14.49 32 37.5
    endloop
  endfacet
  facet normal 0 1 0
    outer loop
      vertex 23.8 32 86
      vertex 31 32 95
      vertex 27.8 32 86
    endloop
  endfacet
  facet normal 0 1 0
    outer loop
      vertex 31 32 95
      vertex 27.8 32 60
      vertex 27.8 32 86
    endloop
  endfacet
  facet normal 0 1 0
    outer loop
      vertex 23.8 32 35
      vertex 23.8 32 60
      vertex 27.8 32 60
    endloop
  endfacet
  facet normal 0 1 0
    outer loop
      vertex 23.8 32 60
      vertex 23.8 32 35
      vertex 14.49 32 37.5
    endloop
  endfacet
  facet normal 0 1 0
    outer loop
      vertex 23.8 32 35
      vertex 27.8 32 60
      vertex 27.8 32 35
    endloop
  endfacet
  facet normal 0 1 0
    outer loop
      vertex 31 32 95
      vertex 27.8 32 35
      vertex 27.8 32 60
    endloop
  endfacet
  facet normal 0 1 -0
    outer loop
      vertex 31 32 0
      vertex 27.8 32 35
      vertex 31 32 95
    endloop
  endfacet
  facet normal 0 1 0
    outer loop
      vertex 31 32 0
      vertex 23.8 32 9
      vertex 27.8 32 9
    endloop
  endfacet
  facet normal 0 1 0
    outer loop
      vertex 23.8 32 9
      vertex 31 32 0
      vertex -23.8 32 9
    endloop
  endfacet
  facet normal 0 1 0
    outer loop
      vertex -31 32 0
      vertex -23.8 32 9
      vertex 31 32 0
    endloop
  endfacet
  facet normal 0 1 0
    outer loop
      vertex 27.8 32 35
      vertex 31 32 0
      vertex 27.8 32 9
    endloop
  endfacet
  facet normal 0 1 0
    outer loop
      vertex 31 32 95
      vertex 23.8 32 86
      vertex -31 32 95
    endloop
  endfacet
  facet normal 0 1 -0
    outer loop
      vertex -23.8 32 86
      vertex -31 32 95
      vertex 23.8 32 86
    endloop
  endfacet
  facet normal 0 1 -0
    outer loop
      vertex -27.8 32 86
      vertex -31 32 95
      vertex -23.8 32 86
    endloop
  endfacet
  facet normal 0 1 -0
    outer loop
      vertex -27.8 32 60
      vertex -31 32 95
      vertex -27.8 32 86
    endloop
  endfacet
  facet normal 0 1 -0
    outer loop
      vertex 23.8 32 9
      vertex 14.49 32 37.5
      vertex 23.8 32 35
    endloop
  endfacet
  facet normal 0 1 0
    outer loop
      vertex 14.49 32 37.5
      vertex 23.8 32 9
      vertex -14.49 32 37.5
    endloop
  endfacet
  facet normal 0 1 0
    outer loop
      vertex -23.8 32 60
      vertex -23.8 32 35
      vertex -27.8 32 60
    endloop
  endfacet
  facet normal 0 1 0
    outer loop
      vertex -27.8 32 35
      vertex -27.8 32 60
      vertex -23.8 32 35
    endloop
  endfacet
  facet normal 0 1 -0
    outer loop
      vertex -27.8 32 35
      vertex -31 32 95
      vertex -27.8 32 60
    endloop
  endfacet
  facet normal 0 1 0
    outer loop
      vertex -31 32 0
      vertex -27.8 32 35
      vertex -27.8 32 9
    endloop
  endfacet
  facet normal 0 1 0
    outer loop
      vertex -27.8 32 35
      vertex -31 32 0
      vertex -31 32 95
    endloop
  endfacet
  facet normal 0 1 0
    outer loop
      vertex -23.8 32 9
      vertex -31 32 0
      vertex -27.8 32 9
    endloop
  endfacet
  facet normal 0 1 -0
    outer loop
      vertex -14.49 32 77.5
      vertex -23.8 32 86
      vertex 14.49 32 77.5
    endloop
  endfacet
  facet normal 0 1 0
    outer loop
      vertex -14.49 32 77.5
      vertex -23.8 32 60
      vertex -23.8 32 86
    endloop
  endfacet
  facet normal 0 1 0
    outer loop
      vertex -23.8 32 35
      vertex -23.8 32 60
      vertex -14.49 32 37.5
    endloop
  endfacet
  facet normal 0 1 -0
    outer loop
      vertex -14.49 32 37.5
      vertex -23.8 32 60
      vertex -14.49 32 77.5
    endloop
  endfacet
  facet normal 0.803222 -0.595679 0
    outer loop
      vertex 38.1117 0.963573 95
      vertex 38.6495 1.68875 0
      vertex 38.6495 1.68875 95
    endloop
  endfacet
  facet normal 0.803222 -0.595679 0
    outer loop
      vertex 38.6495 1.68875 0
      vertex 38.1117 0.963573 95
      vertex 38.1117 0.963573 0
    endloop
  endfacet
  facet normal -0.989171 0.146769 0
    outer loop
      vertex -40.1557 23.7018 0
      vertex -40.0232 24.5948 95
      vertex -40.0232 24.5948 0
    endloop
  endfacet
  facet normal -0.989171 0.146769 0
    outer loop
      vertex -40.0232 24.5948 95
      vertex -40.1557 23.7018 0
      vertex -40.1557 23.7018 95
    endloop
  endfacet
  facet normal -0.146732 -0.989176 0
    outer loop
      vertex -32.7948 -2.22322 0
      vertex -31.9017 -2.3557 95
      vertex -32.7948 -2.22322 95
    endloop
  endfacet
  facet normal -0.146732 -0.989176 -0
    outer loop
      vertex -31.9017 -2.3557 95
      vertex -32.7948 -2.22322 0
      vertex -31.9017 -2.3557 0
    endloop
  endfacet
  facet normal 0 -1 0
    outer loop
      vertex -31 -2.4 95
      vertex -23 -2.4 14
      vertex -23 -2.4 95
    endloop
  endfacet
  facet normal 0 -1 -0
    outer loop
      vertex -23 -2.4 14
      vertex -31 -2.4 0
      vertex 23 -2.4 14
    endloop
  endfacet
  facet normal 0 -1 0
    outer loop
      vertex -31 -2.4 0
      vertex -23 -2.4 14
      vertex -31 -2.4 95
    endloop
  endfacet
  facet normal 0 -1 0
    outer loop
      vertex 23 -2.4 14
      vertex 31 -2.4 95
      vertex 23 -2.4 95
    endloop
  endfacet
  facet normal 0 -1 0
    outer loop
      vertex 23 -2.4 14
      vertex 31 -2.4 0
      vertex 31 -2.4 95
    endloop
  endfacet
  facet normal 0 -1 0
    outer loop
      vertex 31 -2.4 0
      vertex 23 -2.4 14
      vertex -31 -2.4 0
    endloop
  endfacet
  facet normal -0.242973 -0.970033 0
    outer loop
      vertex -33.6706 -2.00385 0
      vertex -32.7948 -2.22322 95
      vertex -33.6706 -2.00385 95
    endloop
  endfacet
  facet normal -0.242973 -0.970033 -0
    outer loop
      vertex -32.7948 -2.22322 95
      vertex -33.6706 -2.00385 0
      vertex -32.7948 -2.22322 0
    endloop
  endfacet
  facet normal 0.671531 0.740977 -0
    outer loop
      vertex 37.5054 29.3054 0
      vertex 36.8364 29.9117 95
      vertex 37.5054 29.3054 95
    endloop
  endfacet
  facet normal 0.671531 0.740977 0
    outer loop
      vertex 36.8364 29.9117 95
      vertex 37.5054 29.3054 0
      vertex 36.8364 29.9117 0
    endloop
  endfacet
  facet normal -0.740977 0.671531 0
    outer loop
      vertex -38.1117 28.6364 0
      vertex -37.5054 29.3054 95
      vertex -37.5054 29.3054 0
    endloop
  endfacet
  facet normal -0.740977 0.671531 0
    outer loop
      vertex -37.5054 29.3054 95
      vertex -38.1117 28.6364 0
      vertex -38.1117 28.6364 95
    endloop
  endfacet
  facet normal -0.970025 0.243005 0
    outer loop
      vertex -40.0232 24.5948 0
      vertex -39.8038 25.4706 95
      vertex -39.8038 25.4706 0
    endloop
  endfacet
  facet normal -0.970025 0.243005 0
    outer loop
      vertex -39.8038 25.4706 95
      vertex -40.0232 24.5948 0
      vertex -40.0232 24.5948 95
    endloop
  endfacet
  facet normal -0.998795 -0.049067 0
    outer loop
      vertex -40.1557 5.89824 0
      vertex -40.2 6.8 95
      vertex -40.2 6.8 0
    endloop
  endfacet
  facet normal -0.998795 -0.049067 0
    outer loop
      vertex -40.2 6.8 95
      vertex -40.1557 5.89824 0
      vertex -40.1557 5.89824 95
    endloop
  endfacet
  facet normal -0.740957 -0.671553 0
    outer loop
      vertex -37.5054 0.294613 0
      vertex -38.1117 0.963573 95
      vertex -38.1117 0.963573 0
    endloop
  endfacet
  facet normal -0.740957 -0.671553 0
    outer loop
      vertex -38.1117 0.963573 95
      vertex -37.5054 0.294613 0
      vertex -37.5054 0.294613 95
    endloop
  endfacet
  facet normal -0.941569 0.33682 0
    outer loop
      vertex -39.8038 25.4706 0
      vertex -39.4997 26.3207 95
      vertex -39.4997 26.3207 0
    endloop
  endfacet
  facet normal -0.941569 0.33682 0
    outer loop
      vertex -39.4997 26.3207 95
      vertex -39.8038 25.4706 0
      vertex -39.8038 25.4706 95
    endloop
  endfacet
  facet normal -0.146753 0.989173 0
    outer loop
      vertex -31.9017 31.9557 0
      vertex -32.7948 31.8232 95
      vertex -31.9017 31.9557 95
    endloop
  endfacet
  facet normal -0.146753 0.989173 0
    outer loop
      vertex -32.7948 31.8232 95
      vertex -31.9017 31.9557 0
      vertex -32.7948 31.8232 0
    endloop
  endfacet
  facet normal -0.989172 -0.146758 0
    outer loop
      vertex -40.0232 5.00517 0
      vertex -40.1557 5.89824 95
      vertex -40.1557 5.89824 0
    endloop
  endfacet
  facet normal -0.989172 -0.146758 0
    outer loop
      vertex -40.1557 5.89824 95
      vertex -40.0232 5.00517 0
      vertex -40.0232 5.00517 95
    endloop
  endfacet
  facet normal -0.803192 0.59572 0
    outer loop
      vertex -38.6495 27.9113 0
      vertex -38.1117 28.6364 95
      vertex -38.1117 28.6364 0
    endloop
  endfacet
  facet normal -0.803192 0.59572 0
    outer loop
      vertex -38.1117 28.6364 95
      vertex -38.6495 27.9113 0
      vertex -38.6495 27.9113 95
    endloop
  endfacet
  facet normal 0.0490702 0.998795 -0
    outer loop
      vertex 31.9017 31.9557 0
      vertex 31 32 95
      vertex 31.9017 31.9557 95
    endloop
  endfacet
  facet normal 0.0490702 0.998795 0
    outer loop
      vertex 31 32 95
      vertex 31.9017 31.9557 0
      vertex 31 32 0
    endloop
  endfacet
  facet normal -0.941565 -0.336831 0
    outer loop
      vertex -39.4997 3.27931 0
      vertex -39.8038 4.12938 95
      vertex -39.8038 4.12938 0
    endloop
  endfacet
  facet normal -0.941565 -0.336831 0
    outer loop
      vertex -39.8038 4.12938 95
      vertex -39.4997 3.27931 0
      vertex -39.4997 3.27931 95
    endloop
  endfacet
  facet normal 0.740977 0.671531 0
    outer loop
      vertex 38.1117 28.6364 95
      vertex 37.5054 29.3054 0
      vertex 37.5054 29.3054 95
    endloop
  endfacet
  facet normal 0.740977 0.671531 0
    outer loop
      vertex 37.5054 29.3054 0
      vertex 38.1117 28.6364 95
      vertex 38.1117 28.6364 0
    endloop
  endfacet
  facet normal -0.970024 -0.243007 0
    outer loop
      vertex -39.8038 4.12938 0
      vertex -40.0232 5.00517 95
      vertex -40.0232 5.00517 0
    endloop
  endfacet
  facet normal -0.970024 -0.243007 0
    outer loop
      vertex -40.0232 5.00517 95
      vertex -39.8038 4.12938 0
      vertex -39.8038 4.12938 95
    endloop
  endfacet
  facet normal -0.427576 -0.903979 0
    outer loop
      vertex -35.3368 -1.31368 0
      vertex -34.5207 -1.69969 95
      vertex -35.3368 -1.31368 95
    endloop
  endfacet
  facet normal -0.427576 -0.903979 -0
    outer loop
      vertex -34.5207 -1.69969 95
      vertex -35.3368 -1.31368 0
      vertex -34.5207 -1.69969 0
    endloop
  endfacet
  facet normal 0.33682 0.941569 -0
    outer loop
      vertex 34.5207 31.2997 0
      vertex 33.6706 31.6038 95
      vertex 34.5207 31.2997 95
    endloop
  endfacet
  facet normal 0.33682 0.941569 0
    outer loop
      vertex 33.6706 31.6038 95
      vertex 34.5207 31.2997 0
      vertex 33.6706 31.6038 0
    endloop
  endfacet
  facet normal -0.998796 0.0490648 0
    outer loop
      vertex -40.2 22.8 0
      vertex -40.1557 23.7018 95
      vertex -40.1557 23.7018 0
    endloop
  endfacet
  facet normal -0.998796 0.0490648 0
    outer loop
      vertex -40.1557 23.7018 95
      vertex -40.2 22.8 0
      vertex -40.2 22.8 95
    endloop
  endfacet
  facet normal 0.803192 0.59572 0
    outer loop
      vertex 38.6495 27.9113 95
      vertex 38.1117 28.6364 0
      vertex 38.1117 28.6364 95
    endloop
  endfacet
  facet normal 0.803192 0.59572 0
    outer loop
      vertex 38.1117 28.6364 0
      vertex 38.6495 27.9113 95
      vertex 38.6495 27.9113 0
    endloop
  endfacet
  facet normal 0.146753 0.989173 -0
    outer loop
      vertex 32.7948 31.8232 0
      vertex 31.9017 31.9557 95
      vertex 32.7948 31.8232 95
    endloop
  endfacet
  facet normal 0.146753 0.989173 0
    outer loop
      vertex 31.9017 31.9557 95
      vertex 32.7948 31.8232 0
      vertex 31.9017 31.9557 0
    endloop
  endfacet
  facet normal 0.740957 -0.671553 0
    outer loop
      vertex 37.5054 0.294613 95
      vertex 38.1117 0.963573 0
      vertex 38.1117 0.963573 95
    endloop
  endfacet
  facet normal 0.740957 -0.671553 0
    outer loop
      vertex 38.1117 0.963573 0
      vertex 37.5054 0.294613 95
      vertex 37.5054 0.294613 0
    endloop
  endfacet
  facet normal 0.427567 0.903984 -0
    outer loop
      vertex 35.3368 30.9137 0
      vertex 34.5207 31.2997 95
      vertex 35.3368 30.9137 95
    endloop
  endfacet
  facet normal 0.427567 0.903984 0
    outer loop
      vertex 34.5207 31.2997 95
      vertex 35.3368 30.9137 0
      vertex 34.5207 31.2997 0
    endloop
  endfacet
  facet normal 0.903996 -0.427542 0
    outer loop
      vertex 39.1137 2.46315 95
      vertex 39.4997 3.27931 0
      vertex 39.4997 3.27931 95
    endloop
  endfacet
  facet normal 0.903996 -0.427542 0
    outer loop
      vertex 39.4997 3.27931 0
      vertex 39.1137 2.46315 95
      vertex 39.1137 2.46315 0
    endloop
  endfacet
  facet normal 0.970025 0.243005 0
    outer loop
      vertex 40.0232 24.5948 95
      vertex 39.8038 25.4706 0
      vertex 39.8038 25.4706 95
    endloop
  endfacet
  facet normal 0.970025 0.243005 0
    outer loop
      vertex 39.8038 25.4706 0
      vertex 40.0232 24.5948 95
      vertex 40.0232 24.5948 0
    endloop
  endfacet
  facet normal -1 0 0
    outer loop
      vertex -40.2 6.8 0
      vertex -40.2 22.8 95
      vertex -40.2 22.8 0
    endloop
  endfacet
  facet normal -1 -0 0
    outer loop
      vertex -40.2 22.8 95
      vertex -40.2 6.8 0
      vertex -40.2 6.8 95
    endloop
  endfacet
  facet normal 0.243005 0.970025 -0
    outer loop
      vertex 33.6706 31.6038 0
      vertex 32.7948 31.8232 95
      vertex 33.6706 31.6038 95
    endloop
  endfacet
  facet normal 0.243005 0.970025 0
    outer loop
      vertex 32.7948 31.8232 95
      vertex 33.6706 31.6038 0
      vertex 32.7948 31.8232 0
    endloop
  endfacet
  facet normal 0.514137 0.857708 -0
    outer loop
      vertex 36.1112 30.4495 0
      vertex 35.3368 30.9137 95
      vertex 36.1112 30.4495 95
    endloop
  endfacet
  facet normal 0.514137 0.857708 0
    outer loop
      vertex 35.3368 30.9137 95
      vertex 36.1112 30.4495 0
      vertex 35.3368 30.9137 0
    endloop
  endfacet
  facet normal -0.903996 -0.427542 0
    outer loop
      vertex -39.1137 2.46315 0
      vertex -39.4997 3.27931 95
      vertex -39.4997 3.27931 0
    endloop
  endfacet
  facet normal -0.903996 -0.427542 0
    outer loop
      vertex -39.4997 3.27931 95
      vertex -39.1137 2.46315 0
      vertex -39.1137 2.46315 95
    endloop
  endfacet
  facet normal -0.803222 -0.595679 0
    outer loop
      vertex -38.1117 0.963573 0
      vertex -38.6495 1.68875 95
      vertex -38.6495 1.68875 0
    endloop
  endfacet
  facet normal -0.803222 -0.595679 0
    outer loop
      vertex -38.6495 1.68875 95
      vertex -38.1117 0.963573 0
      vertex -38.1117 0.963573 95
    endloop
  endfacet
  facet normal 0.595686 -0.803217 0
    outer loop
      vertex 36.1112 -0.849521 0
      vertex 36.8364 -0.311694 95
      vertex 36.1112 -0.849521 95
    endloop
  endfacet
  facet normal 0.595686 -0.803217 0
    outer loop
      vertex 36.8364 -0.311694 95
      vertex 36.1112 -0.849521 0
      vertex 36.8364 -0.311694 0
    endloop
  endfacet
  facet normal -0.243005 0.970025 0
    outer loop
      vertex -32.7948 31.8232 0
      vertex -33.6706 31.6038 95
      vertex -32.7948 31.8232 95
    endloop
  endfacet
  facet normal -0.243005 0.970025 0
    outer loop
      vertex -33.6706 31.6038 95
      vertex -32.7948 31.8232 0
      vertex -33.6706 31.6038 0
    endloop
  endfacet
  facet normal -0.671535 -0.740973 0
    outer loop
      vertex -37.5054 0.294613 0
      vertex -36.8364 -0.311694 95
      vertex -37.5054 0.294613 95
    endloop
  endfacet
  facet normal -0.671535 -0.740973 -0
    outer loop
      vertex -36.8364 -0.311694 95
      vertex -37.5054 0.294613 0
      vertex -36.8364 -0.311694 0
    endloop
  endfacet
  facet normal -0.336879 -0.941548 0
    outer loop
      vertex -34.5207 -1.69969 0
      vertex -33.6706 -2.00385 95
      vertex -34.5207 -1.69969 95
    endloop
  endfacet
  facet normal -0.336879 -0.941548 -0
    outer loop
      vertex -33.6706 -2.00385 95
      vertex -34.5207 -1.69969 0
      vertex -33.6706 -2.00385 0
    endloop
  endfacet
  facet normal 0.146732 -0.989176 0
    outer loop
      vertex 31.9017 -2.3557 0
      vertex 32.7948 -2.22322 95
      vertex 31.9017 -2.3557 95
    endloop
  endfacet
  facet normal 0.146732 -0.989176 0
    outer loop
      vertex 32.7948 -2.22322 95
      vertex 31.9017 -2.3557 0
      vertex 32.7948 -2.22322 0
    endloop
  endfacet
  facet normal 0.857708 -0.514137 0
    outer loop
      vertex 38.6495 1.68875 95
      vertex 39.1137 2.46315 0
      vertex 39.1137 2.46315 95
    endloop
  endfacet
  facet normal 0.857708 -0.514137 0
    outer loop
      vertex 39.1137 2.46315 0
      vertex 38.6495 1.68875 95
      vertex 38.6495 1.68875 0
    endloop
  endfacet
  facet normal -0.671531 0.740977 0
    outer loop
      vertex -36.8364 29.9117 0
      vertex -37.5054 29.3054 95
      vertex -36.8364 29.9117 95
    endloop
  endfacet
  facet normal -0.671531 0.740977 0
    outer loop
      vertex -37.5054 29.3054 95
      vertex -36.8364 29.9117 0
      vertex -37.5054 29.3054 0
    endloop
  endfacet
  facet normal 0.595667 0.803231 -0
    outer loop
      vertex 36.8364 29.9117 0
      vertex 36.1112 30.4495 95
      vertex 36.8364 29.9117 95
    endloop
  endfacet
  facet normal 0.595667 0.803231 0
    outer loop
      vertex 36.1112 30.4495 95
      vertex 36.8364 29.9117 0
      vertex 36.1112 30.4495 0
    endloop
  endfacet
  facet normal -0.514104 -0.857728 0
    outer loop
      vertex -36.1112 -0.849521 0
      vertex -35.3368 -1.31368 95
      vertex -36.1112 -0.849521 95
    endloop
  endfacet
  facet normal -0.514104 -0.857728 -0
    outer loop
      vertex -35.3368 -1.31368 95
      vertex -36.1112 -0.849521 0
      vertex -35.3368 -1.31368 0
    endloop
  endfacet
  facet normal 0.427576 -0.903979 0
    outer loop
      vertex 34.5207 -1.69969 0
      vertex 35.3368 -1.31368 95
      vertex 34.5207 -1.69969 95
    endloop
  endfacet
  facet normal 0.427576 -0.903979 0
    outer loop
      vertex 35.3368 -1.31368 95
      vertex 34.5207 -1.69969 0
      vertex 35.3368 -1.31368 0
    endloop
  endfacet
  facet normal -0.595686 -0.803217 0
    outer loop
      vertex -36.8364 -0.311694 0
      vertex -36.1112 -0.849521 95
      vertex -36.8364 -0.311694 95
    endloop
  endfacet
  facet normal -0.595686 -0.803217 -0
    outer loop
      vertex -36.1112 -0.849521 95
      vertex -36.8364 -0.311694 0
      vertex -36.1112 -0.849521 0
    endloop
  endfacet
  facet normal -0.595667 0.803231 0
    outer loop
      vertex -36.1112 30.4495 0
      vertex -36.8364 29.9117 95
      vertex -36.1112 30.4495 95
    endloop
  endfacet
  facet normal -0.595667 0.803231 0
    outer loop
      vertex -36.8364 29.9117 95
      vertex -36.1112 30.4495 0
      vertex -36.8364 29.9117 0
    endloop
  endfacet
  facet normal 1 -0 0
    outer loop
      vertex 40.2 6.8 95
      vertex 40.2 22.8 0
      vertex 40.2 22.8 95
    endloop
  endfacet
  facet normal 1 0 0
    outer loop
      vertex 40.2 22.8 0
      vertex 40.2 6.8 95
      vertex 40.2 6.8 0
    endloop
  endfacet
  facet normal -0.33682 0.941569 0
    outer loop
      vertex -33.6706 31.6038 0
      vertex -34.5207 31.2997 95
      vertex -33.6706 31.6038 95
    endloop
  endfacet
  facet normal -0.33682 0.941569 0
    outer loop
      vertex -34.5207 31.2997 95
      vertex -33.6706 31.6038 0
      vertex -34.5207 31.2997 0
    endloop
  endfacet
  facet normal 0.941569 0.33682 0
    outer loop
      vertex 39.8038 25.4706 95
      vertex 39.4997 26.3207 0
      vertex 39.4997 26.3207 95
    endloop
  endfacet
  facet normal 0.941569 0.33682 0
    outer loop
      vertex 39.4997 26.3207 0
      vertex 39.8038 25.4706 95
      vertex 39.8038 25.4706 0
    endloop
  endfacet
  facet normal 0.998795 -0.049067 0
    outer loop
      vertex 40.1557 5.89824 95
      vertex 40.2 6.8 0
      vertex 40.2 6.8 95
    endloop
  endfacet
  facet normal 0.998795 -0.049067 0
    outer loop
      vertex 40.2 6.8 0
      vertex 40.1557 5.89824 95
      vertex 40.1557 5.89824 0
    endloop
  endfacet
  facet normal -0.427567 0.903984 0
    outer loop
      vertex -34.5207 31.2997 0
      vertex -35.3368 30.9137 95
      vertex -34.5207 31.2997 95
    endloop
  endfacet
  facet normal -0.427567 0.903984 0
    outer loop
      vertex -35.3368 30.9137 95
      vertex -34.5207 31.2997 0
      vertex -35.3368 30.9137 0
    endloop
  endfacet
  facet normal 0.989172 -0.146758 0
    outer loop
      vertex 40.0232 5.00517 95
      vertex 40.1557 5.89824 0
      vertex 40.1557 5.89824 95
    endloop
  endfacet
  facet normal 0.989172 -0.146758 0
    outer loop
      vertex 40.1557 5.89824 0
      vertex 40.0232 5.00517 95
      vertex 40.0232 5.00517 0
    endloop
  endfacet
  facet normal -0.514137 0.857708 0
    outer loop
      vertex -35.3368 30.9137 0
      vertex -36.1112 30.4495 95
      vertex -35.3368 30.9137 95
    endloop
  endfacet
  facet normal -0.514137 0.857708 0
    outer loop
      vertex -36.1112 30.4495 95
      vertex -35.3368 30.9137 0
      vertex -36.1112 30.4495 0
    endloop
  endfacet
  facet normal -0.857708 0.514137 0
    outer loop
      vertex -39.1137 27.1369 0
      vertex -38.6495 27.9113 95
      vertex -38.6495 27.9113 0
    endloop
  endfacet
  facet normal -0.857708 0.514137 0
    outer loop
      vertex -38.6495 27.9113 95
      vertex -39.1137 27.1369 0
      vertex -39.1137 27.1369 95
    endloop
  endfacet
  facet normal 0.336879 -0.941548 0
    outer loop
      vertex 33.6706 -2.00385 0
      vertex 34.5207 -1.69969 95
      vertex 33.6706 -2.00385 95
    endloop
  endfacet
  facet normal 0.336879 -0.941548 0
    outer loop
      vertex 34.5207 -1.69969 95
      vertex 33.6706 -2.00385 0
      vertex 34.5207 -1.69969 0
    endloop
  endfacet
  facet normal -0.904004 0.427524 0
    outer loop
      vertex -39.4997 26.3207 0
      vertex -39.1137 27.1369 95
      vertex -39.1137 27.1369 0
    endloop
  endfacet
  facet normal -0.904004 0.427524 0
    outer loop
      vertex -39.1137 27.1369 95
      vertex -39.4997 26.3207 0
      vertex -39.4997 26.3207 95
    endloop
  endfacet
  facet normal 0 0 -1
    outer loop
      vertex 26.7807 7.60794 0
      vertex 40.2 6.8 0
      vertex 40.1557 5.89824 0
    endloop
  endfacet
  facet normal 0 0 -1
    outer loop
      vertex 40.2 6.8 0
      vertex 26.8 8.00001 0
      vertex 40.2 22.8 0
    endloop
  endfacet
  facet normal 0 0 -1
    outer loop
      vertex 26.7807 7.60794 0
      vertex 40.1557 5.89824 0
      vertex 40.0232 5.00517 0
    endloop
  endfacet
  facet normal 0 0 -1
    outer loop
      vertex 26.8 21.6 0
      vertex 40.2 22.8 0
      vertex 26.8 8.00001 0
    endloop
  endfacet
  facet normal 0 0 -1
    outer loop
      vertex 26.7231 7.21965 0
      vertex 40.0232 5.00517 0
      vertex 39.8038 4.12938 0
    endloop
  endfacet
  facet normal 0 0 -1
    outer loop
      vertex 26.7807 21.9921 0
      vertex 40.2 22.8 0
      vertex 26.8 21.6 0
    endloop
  endfacet
  facet normal 0 0 -1
    outer loop
      vertex 26.7231 7.21965 0
      vertex 39.8038 4.12938 0
      vertex 39.4997 3.27931 0
    endloop
  endfacet
  facet normal -0 0 -1
    outer loop
      vertex 40.2 22.8 0
      vertex 26.7807 21.9921 0
      vertex 40.1557 23.7018 0
    endloop
  endfacet
  facet normal 0 0 -1
    outer loop
      vertex 26.7231 7.21965 0
      vertex 39.4997 3.27931 0
      vertex 39.1137 2.46315 0
    endloop
  endfacet
  facet normal -0 0 -1
    outer loop
      vertex 40.1557 23.7018 0
      vertex 26.7807 21.9921 0
      vertex 40.0232 24.5948 0
    endloop
  endfacet
  facet normal 0 0 -1
    outer loop
      vertex 26.7231 7.21965 0
      vertex 39.1137 2.46315 0
      vertex 38.6495 1.68875 0
    endloop
  endfacet
  facet normal 0 0 -1
    outer loop
      vertex 26.7231 22.3804 0
      vertex 40.0232 24.5948 0
      vertex 26.7807 21.9921 0
    endloop
  endfacet
  facet normal 0 0 -1
    outer loop
      vertex 26.6277 6.83888 0
      vertex 38.6495 1.68875 0
      vertex 38.1117 0.963573 0
    endloop
  endfacet
  facet normal -0 0 -1
    outer loop
      vertex 40.0232 24.5948 0
      vertex 26.7231 22.3804 0
      vertex 39.8038 25.4706 0
    endloop
  endfacet
  facet normal 0 0 -1
    outer loop
      vertex 26.6277 6.83888 0
      vertex 38.1117 0.963573 0
      vertex 37.5054 0.294613 0
    endloop
  endfacet
  facet normal -0 0 -1
    outer loop
      vertex 39.8038 25.4706 0
      vertex 26.7231 22.3804 0
      vertex 39.4997 26.3207 0
    endloop
  endfacet
  facet normal 0 0 -1
    outer loop
      vertex 26.6277 6.83888 0
      vertex 37.5054 0.294613 0
      vertex 36.8364 -0.311694 0
    endloop
  endfacet
  facet normal -0 0 -1
    outer loop
      vertex 39.4997 26.3207 0
      vertex 26.7231 22.3804 0
      vertex 39.1137 27.1369 0
    endloop
  endfacet
  facet normal 0 0 -1
    outer loop
      vertex 26.6277 6.83888 0
      vertex 36.8364 -0.311694 0
      vertex 36.1112 -0.849521 0
    endloop
  endfacet
  facet normal -0 0 -1
    outer loop
      vertex 39.1137 27.1369 0
      vertex 26.7231 22.3804 0
      vertex 38.6495 27.9113 0
    endloop
  endfacet
  facet normal 0 0 -1
    outer loop
      vertex 26.4955 6.46928 0
      vertex 36.1112 -0.849521 0
      vertex 35.3368 -1.31368 0
    endloop
  endfacet
  facet normal 0 0 -1
    outer loop
      vertex 26.6277 22.7611 0
      vertex 38.6495 27.9113 0
      vertex 26.7231 22.3804 0
    endloop
  endfacet
  facet normal 0 0 -1
    outer loop
      vertex 26.4955 6.46928 0
      vertex 35.3368 -1.31368 0
      vertex 34.5207 -1.69969 0
    endloop
  endfacet
  facet normal -0 0 -1
    outer loop
      vertex 38.6495 27.9113 0
      vertex 26.6277 22.7611 0
      vertex 38.1117 28.6364 0
    endloop
  endfacet
  facet normal 0 0 -1
    outer loop
      vertex 26.4955 6.46928 0
      vertex 34.5207 -1.69969 0
      vertex 33.6706 -2.00385 0
    endloop
  endfacet
  facet normal -0 0 -1
    outer loop
      vertex 38.1117 28.6364 0
      vertex 26.6277 22.7611 0
      vertex 37.5054 29.3054 0
    endloop
  endfacet
  facet normal 0 0 -1
    outer loop
      vertex 26.3277 6.11442 0
      vertex 33.6706 -2.00385 0
      vertex 32.7948 -2.22322 0
    endloop
  endfacet
  facet normal -0 0 -1
    outer loop
      vertex 37.5054 29.3054 0
      vertex 26.6277 22.7611 0
      vertex 36.8364 29.9117 0
    endloop
  endfacet
  facet normal 0 0 -1
    outer loop
      vertex 26.3277 6.11442 0
      vertex 32.7948 -2.22322 0
      vertex 31.9017 -2.3557 0
    endloop
  endfacet
  facet normal -0 0 -1
    outer loop
      vertex 36.8364 29.9117 0
      vertex 26.6277 22.7611 0
      vertex 36.1112 30.4495 0
    endloop
  endfacet
  facet normal 0 0 -1
    outer loop
      vertex 26.3277 6.11442 0
      vertex 31.9017 -2.3557 0
      vertex 31 -2.4 0
    endloop
  endfacet
  facet normal 0 0 -1
    outer loop
      vertex 26.4955 23.1307 0
      vertex 36.1112 30.4495 0
      vertex 26.6277 22.7611 0
    endloop
  endfacet
  facet normal -0 0 -1
    outer loop
      vertex 36.1112 30.4495 0
      vertex 26.4955 23.1307 0
      vertex 35.3368 30.9137 0
    endloop
  endfacet
  facet normal 0 0 -1
    outer loop
      vertex 40.2 6.8 0
      vertex 26.7807 7.60794 0
      vertex 26.8 8.00001 0
    endloop
  endfacet
  facet normal 0 0 -1
    outer loop
      vertex 40.0232 5.00517 0
      vertex 26.7231 7.21965 0
      vertex 26.7807 7.60794 0
    endloop
  endfacet
  facet normal 0 0 -1
    outer loop
      vertex 38.6495 1.68875 0
      vertex 26.6277 6.83888 0
      vertex 26.7231 7.21965 0
    endloop
  endfacet
  facet normal 0 0 -1
    outer loop
      vertex 36.1112 -0.849521 0
      vertex 26.4955 6.46928 0
      vertex 26.6277 6.83888 0
    endloop
  endfacet
  facet normal 0 0 -1
    outer loop
      vertex 33.6706 -2.00385 0
      vertex 26.3277 6.11442 0
      vertex 26.4955 6.46928 0
    endloop
  endfacet
  facet normal 0 0 -1
    outer loop
      vertex 31 -2.4 0
      vertex 26.1259 5.77774 0
      vertex 26.3277 6.11442 0
    endloop
  endfacet
  facet normal 0 0 -1
    outer loop
      vertex 31 -2.4 0
      vertex 25.892 5.46244 0
      vertex 26.1259 5.77774 0
    endloop
  endfacet
  facet normal 0 0 -1
    outer loop
      vertex 31 -2.4 0
      vertex 25.6284 5.17158 0
      vertex 25.892 5.46244 0
    endloop
  endfacet
  facet normal 0 0 -1
    outer loop
      vertex 31 -2.4 0
      vertex 25.3376 4.90797 0
      vertex 25.6284 5.17158 0
    endloop
  endfacet
  facet normal 0 0 -1
    outer loop
      vertex 31 -2.4 0
      vertex 25.0223 4.67413 0
      vertex 25.3376 4.90797 0
    endloop
  endfacet
  facet normal 0 0 -1
    outer loop
      vertex 31 -2.4 0
      vertex 24.6856 4.47233 0
      vertex 25.0223 4.67413 0
    endloop
  endfacet
  facet normal 0 0 -1
    outer loop
      vertex 31 -2.4 0
      vertex 24.3307 4.3045 0
      vertex 24.6856 4.47233 0
    endloop
  endfacet
  facet normal 0 0 -1
    outer loop
      vertex 31 -2.4 0
      vertex 23.9611 4.17225 0
      vertex 24.3307 4.3045 0
    endloop
  endfacet
  facet normal 0 0 -1
    outer loop
      vertex 31 -2.4 0
      vertex 23.5804 4.07687 0
      vertex 23.9611 4.17225 0
    endloop
  endfacet
  facet normal 0 0 -1
    outer loop
      vertex 31 -2.4 0
      vertex 23.1921 4.01927 0
      vertex 23.5804 4.07687 0
    endloop
  endfacet
  facet normal 0 0 -1
    outer loop
      vertex 31 -2.4 0
      vertex 22.8 4.00001 0
      vertex 23.1921 4.01927 0
    endloop
  endfacet
  facet normal 0 0 -1
    outer loop
      vertex 31 -2.4 0
      vertex -22.8 4.00001 0
      vertex 22.8 4.00001 0
    endloop
  endfacet
  facet normal 0 0 -1
    outer loop
      vertex -31 -2.4 0
      vertex -22.8 4.00001 0
      vertex 31 -2.4 0
    endloop
  endfacet
  facet normal 0 0 -1
    outer loop
      vertex -35.3368 -1.31368 0
      vertex -26.4955 6.46928 0
      vertex -34.5207 -1.69969 0
    endloop
  endfacet
  facet normal 0 0 -1
    outer loop
      vertex -34.5207 -1.69969 0
      vertex -26.4955 6.46928 0
      vertex -33.6706 -2.00385 0
    endloop
  endfacet
  facet normal -0 0 -1
    outer loop
      vertex -26.3277 6.11442 0
      vertex -33.6706 -2.00385 0
      vertex -26.4955 6.46928 0
    endloop
  endfacet
  facet normal 0 0 -1
    outer loop
      vertex -33.6706 -2.00385 0
      vertex -26.3277 6.11442 0
      vertex -32.7948 -2.22322 0
    endloop
  endfacet
  facet normal 0 0 -1
    outer loop
      vertex -32.7948 -2.22322 0
      vertex -26.3277 6.11442 0
      vertex -31.9017 -2.3557 0
    endloop
  endfacet
  facet normal 0 0 -1
    outer loop
      vertex -31.9017 -2.3557 0
      vertex -26.3277 6.11442 0
      vertex -31 -2.4 0
    endloop
  endfacet
  facet normal -0 0 -1
    outer loop
      vertex -26.1259 5.77774 0
      vertex -31 -2.4 0
      vertex -26.3277 6.11442 0
    endloop
  endfacet
  facet normal -0 0 -1
    outer loop
      vertex -25.892 5.46244 0
      vertex -31 -2.4 0
      vertex -26.1259 5.77774 0
    endloop
  endfacet
  facet normal -0 0 -1
    outer loop
      vertex -25.6284 5.17158 0
      vertex -31 -2.4 0
      vertex -25.892 5.46244 0
    endloop
  endfacet
  facet normal -0 0 -1
    outer loop
      vertex -25.3376 4.90797 0
      vertex -31 -2.4 0
      vertex -25.6284 5.17158 0
    endloop
  endfacet
  facet normal -0 0 -1
    outer loop
      vertex -25.0223 4.67413 0
      vertex -31 -2.4 0
      vertex -25.3376 4.90797 0
    endloop
  endfacet
  facet normal -0 0 -1
    outer loop
      vertex -24.6856 4.47233 0
      vertex -31 -2.4 0
      vertex -25.0223 4.67413 0
    endloop
  endfacet
  facet normal -0 0 -1
    outer loop
      vertex -24.3307 4.3045 0
      vertex -31 -2.4 0
      vertex -24.6856 4.47233 0
    endloop
  endfacet
  facet normal -0 0 -1
    outer loop
      vertex -23.9611 4.17225 0
      vertex -31 -2.4 0
      vertex -24.3307 4.3045 0
    endloop
  endfacet
  facet normal -0 0 -1
    outer loop
      vertex -23.5804 4.07687 0
      vertex -31 -2.4 0
      vertex -23.9611 4.17225 0
    endloop
  endfacet
  facet normal -0 0 -1
    outer loop
      vertex -23.1921 4.01927 0
      vertex -31 -2.4 0
      vertex -23.5804 4.07687 0
    endloop
  endfacet
  facet normal -0 0 -1
    outer loop
      vertex -22.8 4.00001 0
      vertex -31 -2.4 0
      vertex -23.1921 4.01927 0
    endloop
  endfacet
  facet normal -0 0 -1
    outer loop
      vertex 35.3368 30.9137 0
      vertex 26.4955 23.1307 0
      vertex 34.5207 31.2997 0
    endloop
  endfacet
  facet normal -0 0 -1
    outer loop
      vertex 34.5207 31.2997 0
      vertex 26.4955 23.1307 0
      vertex 33.6706 31.6038 0
    endloop
  endfacet
  facet normal 0 0 -1
    outer loop
      vertex 26.3277 23.4856 0
      vertex 33.6706 31.6038 0
      vertex 26.4955 23.1307 0
    endloop
  endfacet
  facet normal -0 0 -1
    outer loop
      vertex 33.6706 31.6038 0
      vertex 26.3277 23.4856 0
      vertex 32.7948 31.8232 0
    endloop
  endfacet
  facet normal -0 0 -1
    outer loop
      vertex 32.7948 31.8232 0
      vertex 26.3277 23.4856 0
      vertex 31.9017 31.9557 0
    endloop
  endfacet
  facet normal -0 0 -1
    outer loop
      vertex 31.9017 31.9557 0
      vertex 26.3277 23.4856 0
      vertex 31 32 0
    endloop
  endfacet
  facet normal 0 0 -1
    outer loop
      vertex 26.1259 23.8223 0
      vertex 31 32 0
      vertex 26.3277 23.4856 0
    endloop
  endfacet
  facet normal 0 0 -1
    outer loop
      vertex 25.892 24.1376 0
      vertex 31 32 0
      vertex 26.1259 23.8223 0
    endloop
  endfacet
  facet normal 0 0 -1
    outer loop
      vertex 25.6284 24.4284 0
      vertex 31 32 0
      vertex 25.892 24.1376 0
    endloop
  endfacet
  facet normal 0 0 -1
    outer loop
      vertex 25.3376 24.692 0
      vertex 31 32 0
      vertex 25.6284 24.4284 0
    endloop
  endfacet
  facet normal 0 0 -1
    outer loop
      vertex 25.0223 24.9259 0
      vertex 31 32 0
      vertex 25.3376 24.692 0
    endloop
  endfacet
  facet normal 0 0 -1
    outer loop
      vertex 24.6856 25.1277 0
      vertex 31 32 0
      vertex 25.0223 24.9259 0
    endloop
  endfacet
  facet normal 0 0 -1
    outer loop
      vertex 24.3307 25.2955 0
      vertex 31 32 0
      vertex 24.6856 25.1277 0
    endloop
  endfacet
  facet normal 0 0 -1
    outer loop
      vertex 23.9611 25.4277 0
      vertex 31 32 0
      vertex 24.3307 25.2955 0
    endloop
  endfacet
  facet normal 0 0 -1
    outer loop
      vertex 23.5804 25.5231 0
      vertex 31 32 0
      vertex 23.9611 25.4277 0
    endloop
  endfacet
  facet normal 0 0 -1
    outer loop
      vertex 23.1921 25.5807 0
      vertex 31 32 0
      vertex 23.5804 25.5231 0
    endloop
  endfacet
  facet normal 0 0 -1
    outer loop
      vertex 22.8 25.6 0
      vertex 31 32 0
      vertex 23.1921 25.5807 0
    endloop
  endfacet
  facet normal 0 0 -1
    outer loop
      vertex -22.8 25.6 0
      vertex 31 32 0
      vertex 22.8 25.6 0
    endloop
  endfacet
  facet normal 0 0 -1
    outer loop
      vertex -31 32 0
      vertex -22.8 25.6 0
      vertex -23.1921 25.5807 0
    endloop
  endfacet
  facet normal -0 0 -1
    outer loop
      vertex -26.8 8.00001 0
      vertex -40.2 6.8 0
      vertex -26.8 21.6 0
    endloop
  endfacet
  facet normal 0 0 -1
    outer loop
      vertex -40.2 22.8 0
      vertex -26.8 21.6 0
      vertex -40.2 6.8 0
    endloop
  endfacet
  facet normal 0 0 -1
    outer loop
      vertex -22.8 25.6 0
      vertex -31 32 0
      vertex 31 32 0
    endloop
  endfacet
  facet normal 0 0 -1
    outer loop
      vertex -23.5804 25.5231 0
      vertex -31 32 0
      vertex -23.1921 25.5807 0
    endloop
  endfacet
  facet normal 0 0 -1
    outer loop
      vertex -23.9611 25.4277 0
      vertex -31 32 0
      vertex -23.5804 25.5231 0
    endloop
  endfacet
  facet normal 0 0 -1
    outer loop
      vertex -24.3307 25.2955 0
      vertex -31 32 0
      vertex -23.9611 25.4277 0
    endloop
  endfacet
  facet normal 0 0 -1
    outer loop
      vertex -24.6856 25.1277 0
      vertex -31 32 0
      vertex -24.3307 25.2955 0
    endloop
  endfacet
  facet normal 0 0 -1
    outer loop
      vertex -25.0223 24.9259 0
      vertex -31 32 0
      vertex -24.6856 25.1277 0
    endloop
  endfacet
  facet normal 0 0 -1
    outer loop
      vertex -25.3376 24.692 0
      vertex -31 32 0
      vertex -25.0223 24.9259 0
    endloop
  endfacet
  facet normal 0 0 -1
    outer loop
      vertex -25.6284 24.4284 0
      vertex -31 32 0
      vertex -25.3376 24.692 0
    endloop
  endfacet
  facet normal 0 0 -1
    outer loop
      vertex -25.892 24.1376 0
      vertex -31 32 0
      vertex -25.6284 24.4284 0
    endloop
  endfacet
  facet normal 0 0 -1
    outer loop
      vertex -26.1259 23.8223 0
      vertex -31 32 0
      vertex -25.892 24.1376 0
    endloop
  endfacet
  facet normal 0 0 -1
    outer loop
      vertex -26.3277 23.4856 0
      vertex -31 32 0
      vertex -26.1259 23.8223 0
    endloop
  endfacet
  facet normal 0 0 -1
    outer loop
      vertex -33.6706 31.6038 0
      vertex -26.3277 23.4856 0
      vertex -26.4955 23.1307 0
    endloop
  endfacet
  facet normal 0 0 -1
    outer loop
      vertex -36.1112 30.4495 0
      vertex -26.4955 23.1307 0
      vertex -26.6277 22.7611 0
    endloop
  endfacet
  facet normal 0 0 -1
    outer loop
      vertex -38.6495 27.9113 0
      vertex -26.6277 22.7611 0
      vertex -26.7231 22.3804 0
    endloop
  endfacet
  facet normal 0 0 -1
    outer loop
      vertex -26.8 21.6 0
      vertex -40.2 22.8 0
      vertex -26.7807 21.9921 0
    endloop
  endfacet
  facet normal 0 0 -1
    outer loop
      vertex -36.1112 -0.849521 0
      vertex -26.4955 6.46928 0
      vertex -35.3368 -1.31368 0
    endloop
  endfacet
  facet normal 0 -0 -1
    outer loop
      vertex -40.1557 23.7018 0
      vertex -26.7807 21.9921 0
      vertex -40.2 22.8 0
    endloop
  endfacet
  facet normal -0 0 -1
    outer loop
      vertex -26.4955 6.46928 0
      vertex -36.1112 -0.849521 0
      vertex -26.6277 6.83888 0
    endloop
  endfacet
  facet normal 0 0 -1
    outer loop
      vertex -26.7807 21.9921 0
      vertex -40.1557 23.7018 0
      vertex -26.7231 22.3804 0
    endloop
  endfacet
  facet normal 0 0 -1
    outer loop
      vertex -36.8364 -0.311694 0
      vertex -26.6277 6.83888 0
      vertex -36.1112 -0.849521 0
    endloop
  endfacet
  facet normal 0 0 -1
    outer loop
      vertex -26.3277 23.4856 0
      vertex -31.9017 31.9557 0
      vertex -31 32 0
    endloop
  endfacet
  facet normal 0 0 -1
    outer loop
      vertex -37.5054 0.294613 0
      vertex -26.6277 6.83888 0
      vertex -36.8364 -0.311694 0
    endloop
  endfacet
  facet normal 0 0 -1
    outer loop
      vertex -26.3277 23.4856 0
      vertex -32.7948 31.8232 0
      vertex -31.9017 31.9557 0
    endloop
  endfacet
  facet normal 0 0 -1
    outer loop
      vertex -38.1117 0.963573 0
      vertex -26.6277 6.83888 0
      vertex -37.5054 0.294613 0
    endloop
  endfacet
  facet normal 0 0 -1
    outer loop
      vertex -26.3277 23.4856 0
      vertex -33.6706 31.6038 0
      vertex -32.7948 31.8232 0
    endloop
  endfacet
  facet normal 0 0 -1
    outer loop
      vertex -38.6495 1.68875 0
      vertex -26.6277 6.83888 0
      vertex -38.1117 0.963573 0
    endloop
  endfacet
  facet normal 0 0 -1
    outer loop
      vertex -26.4955 23.1307 0
      vertex -34.5207 31.2997 0
      vertex -33.6706 31.6038 0
    endloop
  endfacet
  facet normal -0 0 -1
    outer loop
      vertex -26.6277 6.83888 0
      vertex -38.6495 1.68875 0
      vertex -26.7231 7.21965 0
    endloop
  endfacet
  facet normal 0 0 -1
    outer loop
      vertex -26.4955 23.1307 0
      vertex -35.3368 30.9137 0
      vertex -34.5207 31.2997 0
    endloop
  endfacet
  facet normal 0 0 -1
    outer loop
      vertex -39.1137 2.46315 0
      vertex -26.7231 7.21965 0
      vertex -38.6495 1.68875 0
    endloop
  endfacet
  facet normal 0 0 -1
    outer loop
      vertex -26.4955 23.1307 0
      vertex -36.1112 30.4495 0
      vertex -35.3368 30.9137 0
    endloop
  endfacet
  facet normal 0 0 -1
    outer loop
      vertex -39.4997 3.27931 0
      vertex -26.7231 7.21965 0
      vertex -39.1137 2.46315 0
    endloop
  endfacet
  facet normal 0 0 -1
    outer loop
      vertex -26.6277 22.7611 0
      vertex -36.8364 29.9117 0
      vertex -36.1112 30.4495 0
    endloop
  endfacet
  facet normal 0 0 -1
    outer loop
      vertex -39.8038 4.12938 0
      vertex -26.7231 7.21965 0
      vertex -39.4997 3.27931 0
    endloop
  endfacet
  facet normal 0 0 -1
    outer loop
      vertex -26.6277 22.7611 0
      vertex -37.5054 29.3054 0
      vertex -36.8364 29.9117 0
    endloop
  endfacet
  facet normal 0 0 -1
    outer loop
      vertex -40.0232 5.00517 0
      vertex -26.7231 7.21965 0
      vertex -39.8038 4.12938 0
    endloop
  endfacet
  facet normal 0 0 -1
    outer loop
      vertex -26.6277 22.7611 0
      vertex -38.1117 28.6364 0
      vertex -37.5054 29.3054 0
    endloop
  endfacet
  facet normal -0 0 -1
    outer loop
      vertex -26.7231 7.21965 0
      vertex -40.0232 5.00517 0
      vertex -26.7807 7.60794 0
    endloop
  endfacet
  facet normal 0 0 -1
    outer loop
      vertex -26.6277 22.7611 0
      vertex -38.6495 27.9113 0
      vertex -38.1117 28.6364 0
    endloop
  endfacet
  facet normal 0 0 -1
    outer loop
      vertex -40.1557 5.89824 0
      vertex -26.7807 7.60794 0
      vertex -40.0232 5.00517 0
    endloop
  endfacet
  facet normal 0 0 -1
    outer loop
      vertex -26.7231 22.3804 0
      vertex -39.1137 27.1369 0
      vertex -38.6495 27.9113 0
    endloop
  endfacet
  facet normal 0 0 -1
    outer loop
      vertex -40.2 6.8 0
      vertex -26.7807 7.60794 0
      vertex -40.1557 5.89824 0
    endloop
  endfacet
  facet normal 0 0 -1
    outer loop
      vertex -26.7231 22.3804 0
      vertex -39.4997 26.3207 0
      vertex -39.1137 27.1369 0
    endloop
  endfacet
  facet normal -0 0 -1
    outer loop
      vertex -26.7807 7.60794 0
      vertex -40.2 6.8 0
      vertex -26.8 8.00001 0
    endloop
  endfacet
  facet normal 0 0 -1
    outer loop
      vertex -26.7231 22.3804 0
      vertex -39.8038 25.4706 0
      vertex -39.4997 26.3207 0
    endloop
  endfacet
  facet normal 0 0 -1
    outer loop
      vertex -26.7231 22.3804 0
      vertex -40.0232 24.5948 0
      vertex -39.8038 25.4706 0
    endloop
  endfacet
  facet normal 0 0 -1
    outer loop
      vertex -26.7231 22.3804 0
      vertex -40.1557 23.7018 0
      vertex -40.0232 24.5948 0
    endloop
  endfacet
  facet normal 0.514104 -0.857728 0
    outer loop
      vertex 35.3368 -1.31368 0
      vertex 36.1112 -0.849521 95
      vertex 35.3368 -1.31368 95
    endloop
  endfacet
  facet normal 0.514104 -0.857728 0
    outer loop
      vertex 36.1112 -0.849521 95
      vertex 35.3368 -1.31368 0
      vertex 36.1112 -0.849521 0
    endloop
  endfacet
  facet normal 0.970024 -0.243007 0
    outer loop
      vertex 39.8038 4.12938 95
      vertex 40.0232 5.00517 0
      vertex 40.0232 5.00517 95
    endloop
  endfacet
  facet normal 0.970024 -0.243007 0
    outer loop
      vertex 40.0232 5.00517 0
      vertex 39.8038 4.12938 95
      vertex 39.8038 4.12938 0
    endloop
  endfacet
  facet normal 0.857708 0.514137 0
    outer loop
      vertex 39.1137 27.1369 95
      vertex 38.6495 27.9113 0
      vertex 38.6495 27.9113 95
    endloop
  endfacet
  facet normal 0.857708 0.514137 0
    outer loop
      vertex 38.6495 27.9113 0
      vertex 39.1137 27.1369 95
      vertex 39.1137 27.1369 0
    endloop
  endfacet
  facet normal 0.941565 -0.336831 0
    outer loop
      vertex 39.4997 3.27931 95
      vertex 39.8038 4.12938 0
      vertex 39.8038 4.12938 95
    endloop
  endfacet
  facet normal 0.941565 -0.336831 0
    outer loop
      vertex 39.8038 4.12938 0
      vertex 39.4997 3.27931 95
      vertex 39.4997 3.27931 0
    endloop
  endfacet
  facet normal 0 0 1
    outer loop
      vertex 37.8 22.8 95
      vertex 40.2 22.8 95
      vertex 40.1557 23.7018 95
    endloop
  endfacet
  facet normal 0 0 1
    outer loop
      vertex 40.2 22.8 95
      vertex 37.8 22.8 95
      vertex 40.2 6.8 95
    endloop
  endfacet
  facet normal 0 0 1
    outer loop
      vertex 37.7672 23.4665 95
      vertex 40.1557 23.7018 95
      vertex 40.0232 24.5948 95
    endloop
  endfacet
  facet normal 0 0 1
    outer loop
      vertex 37.8 6.8 95
      vertex 40.2 6.8 95
      vertex 37.8 22.8 95
    endloop
  endfacet
  facet normal 0 0 1
    outer loop
      vertex 37.6693 24.1266 95
      vertex 40.0232 24.5948 95
      vertex 39.8038 25.4706 95
    endloop
  endfacet
  facet normal 0 0 1
    outer loop
      vertex 40.2 6.8 95
      vertex 37.8 6.8 95
      vertex 40.1557 5.89824 95
    endloop
  endfacet
  facet normal 0 0 1
    outer loop
      vertex 37.5072 24.7739 95
      vertex 39.8038 25.4706 95
      vertex 39.4997 26.3207 95
    endloop
  endfacet
  facet normal -0 0 1
    outer loop
      vertex 37.7672 6.13348 95
      vertex 40.1557 5.89824 95
      vertex 37.8 6.8 95
    endloop
  endfacet
  facet normal 0 0 1
    outer loop
      vertex 37.2824 25.4022 95
      vertex 39.4997 26.3207 95
      vertex 39.1137 27.1369 95
    endloop
  endfacet
  facet normal 0 0 1
    outer loop
      vertex 40.1557 5.89824 95
      vertex 37.7672 6.13348 95
      vertex 40.0232 5.00517 95
    endloop
  endfacet
  facet normal 0 0 1
    outer loop
      vertex 36.9971 26.0055 95
      vertex 39.1137 27.1369 95
      vertex 38.6495 27.9113 95
    endloop
  endfacet
  facet normal -0 0 1
    outer loop
      vertex 37.6693 5.47338 95
      vertex 40.0232 5.00517 95
      vertex 37.7672 6.13348 95
    endloop
  endfacet
  facet normal 0 0 1
    outer loop
      vertex 36.654 26.5779 95
      vertex 38.6495 27.9113 95
      vertex 38.1117 28.6364 95
    endloop
  endfacet
  facet normal 0 0 1
    outer loop
      vertex 40.0232 5.00517 95
      vertex 37.6693 5.47338 95
      vertex 39.8038 4.12938 95
    endloop
  endfacet
  facet normal -0 0 1
    outer loop
      vertex 37.5072 4.82606 95
      vertex 39.8038 4.12938 95
      vertex 37.6693 5.47338 95
    endloop
  endfacet
  facet normal 0 0 1
    outer loop
      vertex 40.1557 23.7018 95
      vertex 37.7672 23.4665 95
      vertex 37.8 22.8 95
    endloop
  endfacet
  facet normal 0 0 1
    outer loop
      vertex 40.0232 24.5948 95
      vertex 37.6693 24.1266 95
      vertex 37.7672 23.4665 95
    endloop
  endfacet
  facet normal 0 0 1
    outer loop
      vertex 39.8038 25.4706 95
      vertex 37.5072 24.7739 95
      vertex 37.6693 24.1266 95
    endloop
  endfacet
  facet normal 0 0 1
    outer loop
      vertex 36.2565 27.1139 95
      vertex 38.1117 28.6364 95
      vertex 37.5054 29.3054 95
    endloop
  endfacet
  facet normal 0 0 1
    outer loop
      vertex 39.4997 26.3207 95
      vertex 37.2824 25.4022 95
      vertex 37.5072 24.7739 95
    endloop
  endfacet
  facet normal 0 0 1
    outer loop
      vertex 39.1137 27.1369 95
      vertex 36.9971 26.0055 95
      vertex 37.2824 25.4022 95
    endloop
  endfacet
  facet normal 0 0 1
    outer loop
      vertex 35.8083 27.6083 95
      vertex 37.5054 29.3054 95
      vertex 36.8364 29.9117 95
    endloop
  endfacet
  facet normal 0 0 1
    outer loop
      vertex 38.6495 27.9113 95
      vertex 36.654 26.5779 95
      vertex 36.9971 26.0055 95
    endloop
  endfacet
  facet normal 0 0 1
    outer loop
      vertex 38.1117 28.6364 95
      vertex 36.2565 27.1139 95
      vertex 36.654 26.5779 95
    endloop
  endfacet
  facet normal 0 0 1
    outer loop
      vertex 35.3139 28.0565 95
      vertex 36.8364 29.9117 95
      vertex 36.1112 30.4495 95
    endloop
  endfacet
  facet normal 0 0 1
    outer loop
      vertex 37.5054 29.3054 95
      vertex 35.8083 27.6083 95
      vertex 36.2565 27.1139 95
    endloop
  endfacet
  facet normal 0 0 1
    outer loop
      vertex 34.7779 28.454 95
      vertex 36.1112 30.4495 95
      vertex 35.3368 30.9137 95
    endloop
  endfacet
  facet normal 0 0 1
    outer loop
      vertex 36.8364 29.9117 95
      vertex 35.3139 28.0565 95
      vertex 35.8083 27.6083 95
    endloop
  endfacet
  facet normal 0 0 1
    outer loop
      vertex 36.1112 30.4495 95
      vertex 34.7779 28.454 95
      vertex 35.3139 28.0565 95
    endloop
  endfacet
  facet normal 0 0 1
    outer loop
      vertex 34.2055 28.7971 95
      vertex 35.3368 30.9137 95
      vertex 34.5207 31.2997 95
    endloop
  endfacet
  facet normal 0 0 1
    outer loop
      vertex 35.3368 30.9137 95
      vertex 34.2055 28.7971 95
      vertex 34.7779 28.454 95
    endloop
  endfacet
  facet normal 0 0 1
    outer loop
      vertex 33.6022 29.0824 95
      vertex 34.5207 31.2997 95
      vertex 33.6706 31.6038 95
    endloop
  endfacet
  facet normal 0 0 1
    outer loop
      vertex 34.5207 31.2997 95
      vertex 33.6022 29.0824 95
      vertex 34.2055 28.7971 95
    endloop
  endfacet
  facet normal 0 0 1
    outer loop
      vertex 33.6706 31.6038 95
      vertex 32.9739 29.3072 95
      vertex 33.6022 29.0824 95
    endloop
  endfacet
  facet normal 0 0 1
    outer loop
      vertex 32.7948 31.8232 95
      vertex 32.9739 29.3072 95
      vertex 33.6706 31.6038 95
    endloop
  endfacet
  facet normal 0 0 1
    outer loop
      vertex 32.7948 31.8232 95
      vertex 32.3266 29.4693 95
      vertex 32.9739 29.3072 95
    endloop
  endfacet
  facet normal 0 0 1
    outer loop
      vertex 31.9017 31.9557 95
      vertex 32.3266 29.4693 95
      vertex 32.7948 31.8232 95
    endloop
  endfacet
  facet normal 0 0 1
    outer loop
      vertex 31.9017 31.9557 95
      vertex 31.6665 29.5673 95
      vertex 32.3266 29.4693 95
    endloop
  endfacet
  facet normal 0 0 1
    outer loop
      vertex 31 32 95
      vertex 31.6665 29.5673 95
      vertex 31.9017 31.9557 95
    endloop
  endfacet
  facet normal 0 0 1
    outer loop
      vertex 31 32 95
      vertex 31 29.6 95
      vertex 31.6665 29.5673 95
    endloop
  endfacet
  facet normal -0 0 1
    outer loop
      vertex -31 32 95
      vertex 31 29.6 95
      vertex 31 32 95
    endloop
  endfacet
  facet normal 0 0 1
    outer loop
      vertex -31 32 95
      vertex -31 29.6 95
      vertex 31 29.6 95
    endloop
  endfacet
  facet normal 0 0 1
    outer loop
      vertex -31 32 95
      vertex -31.6665 29.5673 95
      vertex -31 29.6 95
    endloop
  endfacet
  facet normal -0 0 1
    outer loop
      vertex -31.9017 31.9557 95
      vertex -31.6665 29.5673 95
      vertex -31 32 95
    endloop
  endfacet
  facet normal 0 0 1
    outer loop
      vertex -31.9017 31.9557 95
      vertex -32.3266 29.4693 95
      vertex -31.6665 29.5673 95
    endloop
  endfacet
  facet normal -0 0 1
    outer loop
      vertex -32.7948 31.8232 95
      vertex -32.3266 29.4693 95
      vertex -31.9017 31.9557 95
    endloop
  endfacet
  facet normal 0 0 1
    outer loop
      vertex -32.7948 31.8232 95
      vertex -32.9739 29.3072 95
      vertex -32.3266 29.4693 95
    endloop
  endfacet
  facet normal -0 0 1
    outer loop
      vertex -33.6706 31.6038 95
      vertex -32.9739 29.3072 95
      vertex -32.7948 31.8232 95
    endloop
  endfacet
  facet normal 0 0 1
    outer loop
      vertex -32.9739 29.3072 95
      vertex -33.6706 31.6038 95
      vertex -33.6022 29.0824 95
    endloop
  endfacet
  facet normal -0 0 1
    outer loop
      vertex -34.5207 31.2997 95
      vertex -33.6022 29.0824 95
      vertex -33.6706 31.6038 95
    endloop
  endfacet
  facet normal 0 0 1
    outer loop
      vertex -33.6022 29.0824 95
      vertex -34.5207 31.2997 95
      vertex -34.2055 28.7971 95
    endloop
  endfacet
  facet normal -0 0 1
    outer loop
      vertex -35.3368 30.9137 95
      vertex -34.2055 28.7971 95
      vertex -34.5207 31.2997 95
    endloop
  endfacet
  facet normal 0 0 1
    outer loop
      vertex -34.2055 28.7971 95
      vertex -35.3368 30.9137 95
      vertex -34.7779 28.454 95
    endloop
  endfacet
  facet normal -0 0 1
    outer loop
      vertex -36.1112 30.4495 95
      vertex -34.7779 28.454 95
      vertex -35.3368 30.9137 95
    endloop
  endfacet
  facet normal 0 0 1
    outer loop
      vertex -34.7779 28.454 95
      vertex -36.1112 30.4495 95
      vertex -35.3139 28.0565 95
    endloop
  endfacet
  facet normal -0 0 1
    outer loop
      vertex -36.8364 29.9117 95
      vertex -35.3139 28.0565 95
      vertex -36.1112 30.4495 95
    endloop
  endfacet
  facet normal 0 0 1
    outer loop
      vertex -35.3139 28.0565 95
      vertex -36.8364 29.9117 95
      vertex -35.8083 27.6083 95
    endloop
  endfacet
  facet normal -0 0 1
    outer loop
      vertex -37.5054 29.3054 95
      vertex -35.8083 27.6083 95
      vertex -36.8364 29.9117 95
    endloop
  endfacet
  facet normal 0 0 1
    outer loop
      vertex -35.8083 27.6083 95
      vertex -37.5054 29.3054 95
      vertex -36.2565 27.1139 95
    endloop
  endfacet
  facet normal -0 0 1
    outer loop
      vertex -38.1117 28.6364 95
      vertex -36.2565 27.1139 95
      vertex -37.5054 29.3054 95
    endloop
  endfacet
  facet normal 0 0 1
    outer loop
      vertex -36.2565 27.1139 95
      vertex -38.1117 28.6364 95
      vertex -36.654 26.5779 95
    endloop
  endfacet
  facet normal -0 0 1
    outer loop
      vertex -38.6495 27.9113 95
      vertex -36.654 26.5779 95
      vertex -38.1117 28.6364 95
    endloop
  endfacet
  facet normal 0 0 1
    outer loop
      vertex -36.654 26.5779 95
      vertex -38.6495 27.9113 95
      vertex -36.9971 26.0055 95
    endloop
  endfacet
  facet normal -0 0 1
    outer loop
      vertex -39.1137 27.1369 95
      vertex -36.9971 26.0055 95
      vertex -38.6495 27.9113 95
    endloop
  endfacet
  facet normal 0 0 1
    outer loop
      vertex -36.9971 26.0055 95
      vertex -39.1137 27.1369 95
      vertex -37.2824 25.4022 95
    endloop
  endfacet
  facet normal -0 0 1
    outer loop
      vertex -39.4997 26.3207 95
      vertex -37.2824 25.4022 95
      vertex -39.1137 27.1369 95
    endloop
  endfacet
  facet normal -0 0 1
    outer loop
      vertex -39.8038 25.4706 95
      vertex -37.5072 24.7739 95
      vertex -39.4997 26.3207 95
    endloop
  endfacet
  facet normal 0 0 1
    outer loop
      vertex -37.2824 25.4022 95
      vertex -39.4997 26.3207 95
      vertex -37.5072 24.7739 95
    endloop
  endfacet
  facet normal 0 0 1
    outer loop
      vertex 39.8038 4.12938 95
      vertex 37.5072 4.82606 95
      vertex 39.4997 3.27931 95
    endloop
  endfacet
  facet normal -0 0 1
    outer loop
      vertex 37.2824 4.19775 95
      vertex 39.4997 3.27931 95
      vertex 37.5072 4.82606 95
    endloop
  endfacet
  facet normal 0 0 1
    outer loop
      vertex 39.4997 3.27931 95
      vertex 37.2824 4.19775 95
      vertex 39.1137 2.46315 95
    endloop
  endfacet
  facet normal -0 0 1
    outer loop
      vertex 36.9971 3.59449 95
      vertex 39.1137 2.46315 95
      vertex 37.2824 4.19775 95
    endloop
  endfacet
  facet normal 0 0 1
    outer loop
      vertex 39.1137 2.46315 95
      vertex 36.9971 3.59449 95
      vertex 38.6495 1.68875 95
    endloop
  endfacet
  facet normal -0 0 1
    outer loop
      vertex 36.654 3.02212 95
      vertex 38.6495 1.68875 95
      vertex 36.9971 3.59449 95
    endloop
  endfacet
  facet normal 0 0 1
    outer loop
      vertex 38.6495 1.68875 95
      vertex 36.654 3.02212 95
      vertex 38.1117 0.963573 95
    endloop
  endfacet
  facet normal -0 0 1
    outer loop
      vertex 36.2565 2.48613 95
      vertex 38.1117 0.963573 95
      vertex 36.654 3.02212 95
    endloop
  endfacet
  facet normal 0 0 1
    outer loop
      vertex 38.1117 0.963573 95
      vertex 36.2565 2.48613 95
      vertex 37.5054 0.294613 95
    endloop
  endfacet
  facet normal -0 0 1
    outer loop
      vertex 35.8083 1.99168 95
      vertex 37.5054 0.294613 95
      vertex 36.2565 2.48613 95
    endloop
  endfacet
  facet normal 0 0 1
    outer loop
      vertex 37.5054 0.294613 95
      vertex 35.8083 1.99168 95
      vertex 36.8364 -0.311694 95
    endloop
  endfacet
  facet normal -0 0 1
    outer loop
      vertex 35.3139 1.54353 95
      vertex 36.8364 -0.311694 95
      vertex 35.8083 1.99168 95
    endloop
  endfacet
  facet normal 0 0 1
    outer loop
      vertex 36.8364 -0.311694 95
      vertex 35.3139 1.54353 95
      vertex 36.1112 -0.849521 95
    endloop
  endfacet
  facet normal -0 0 1
    outer loop
      vertex 34.7779 1.14601 95
      vertex 36.1112 -0.849521 95
      vertex 35.3139 1.54353 95
    endloop
  endfacet
  facet normal 0 0 1
    outer loop
      vertex 36.1112 -0.849521 95
      vertex 34.7779 1.14601 95
      vertex 35.3368 -1.31368 95
    endloop
  endfacet
  facet normal -0 0 1
    outer loop
      vertex 34.2055 0.802929 95
      vertex 35.3368 -1.31368 95
      vertex 34.7779 1.14601 95
    endloop
  endfacet
  facet normal 0 0 1
    outer loop
      vertex 35.3368 -1.31368 95
      vertex 34.2055 0.802929 95
      vertex 34.5207 -1.69969 95
    endloop
  endfacet
  facet normal -0 0 1
    outer loop
      vertex 33.6022 0.51762 95
      vertex 34.5207 -1.69969 95
      vertex 34.2055 0.802929 95
    endloop
  endfacet
  facet normal 0 0 1
    outer loop
      vertex 34.5207 -1.69969 95
      vertex 33.6022 0.51762 95
      vertex 33.6706 -2.00385 95
    endloop
  endfacet
  facet normal -0 0 1
    outer loop
      vertex 32.9739 0.292812 95
      vertex 33.6706 -2.00385 95
      vertex 33.6022 0.51762 95
    endloop
  endfacet
  facet normal 0 0 1
    outer loop
      vertex 32.9739 0.292812 95
      vertex 32.7948 -2.22322 95
      vertex 33.6706 -2.00385 95
    endloop
  endfacet
  facet normal -0 0 1
    outer loop
      vertex 32.3266 0.130657 95
      vertex 32.7948 -2.22322 95
      vertex 32.9739 0.292812 95
    endloop
  endfacet
  facet normal 0 0 1
    outer loop
      vertex 32.3266 0.130657 95
      vertex 31.9017 -2.3557 95
      vertex 32.7948 -2.22322 95
    endloop
  endfacet
  facet normal -0 0 1
    outer loop
      vertex 31.6665 0.0327415 95
      vertex 31.9017 -2.3557 95
      vertex 32.3266 0.130657 95
    endloop
  endfacet
  facet normal -0 0 1
    outer loop
      vertex 31 -2.86102e-06 95
      vertex 31.9017 -2.3557 95
      vertex 31.6665 0.0327415 95
    endloop
  endfacet
  facet normal 0 0 1
    outer loop
      vertex 31 -2.86102e-06 95
      vertex 31 -2.4 95
      vertex 31.9017 -2.3557 95
    endloop
  endfacet
  facet normal -0 0 1
    outer loop
      vertex 23 -2.86102e-06 95
      vertex 31 -2.4 95
      vertex 31 -2.86102e-06 95
    endloop
  endfacet
  facet normal 0 0 1
    outer loop
      vertex 31 -2.4 95
      vertex 23 -2.86102e-06 95
      vertex 23 -2.4 95
    endloop
  endfacet
  facet normal -0 0 1
    outer loop
      vertex -31 -2.86102e-06 95
      vertex -23 -2.4 95
      vertex -23 -2.86102e-06 95
    endloop
  endfacet
  facet normal 0 0 1
    outer loop
      vertex -31 -2.86102e-06 95
      vertex -31 -2.4 95
      vertex -23 -2.4 95
    endloop
  endfacet
  facet normal 0 0 1
    outer loop
      vertex -31.6665 0.0327415 95
      vertex -31 -2.4 95
      vertex -31 -2.86102e-06 95
    endloop
  endfacet
  facet normal 0 0 1
    outer loop
      vertex -31.6665 0.0327415 95
      vertex -31.9017 -2.3557 95
      vertex -31 -2.4 95
    endloop
  endfacet
  facet normal 0 0 1
    outer loop
      vertex -32.3266 0.130657 95
      vertex -31.9017 -2.3557 95
      vertex -31.6665 0.0327415 95
    endloop
  endfacet
  facet normal 0 0 1
    outer loop
      vertex -32.3266 0.130657 95
      vertex -32.7948 -2.22322 95
      vertex -31.9017 -2.3557 95
    endloop
  endfacet
  facet normal 0 0 1
    outer loop
      vertex -32.9739 0.292812 95
      vertex -32.7948 -2.22322 95
      vertex -32.3266 0.130657 95
    endloop
  endfacet
  facet normal 0 0 1
    outer loop
      vertex -33.6706 -2.00385 95
      vertex -32.9739 0.292812 95
      vertex -33.6022 0.51762 95
    endloop
  endfacet
  facet normal 0 0 1
    outer loop
      vertex -32.9739 0.292812 95
      vertex -33.6706 -2.00385 95
      vertex -32.7948 -2.22322 95
    endloop
  endfacet
  facet normal 0 0 1
    outer loop
      vertex -34.5207 -1.69969 95
      vertex -33.6022 0.51762 95
      vertex -34.2055 0.802929 95
    endloop
  endfacet
  facet normal 0 0 1
    outer loop
      vertex -33.6022 0.51762 95
      vertex -34.5207 -1.69969 95
      vertex -33.6706 -2.00385 95
    endloop
  endfacet
  facet normal 0 0 1
    outer loop
      vertex -35.3368 -1.31368 95
      vertex -34.2055 0.802929 95
      vertex -34.7779 1.14601 95
    endloop
  endfacet
  facet normal 0 0 1
    outer loop
      vertex -36.1112 -0.849521 95
      vertex -34.7779 1.14601 95
      vertex -35.3139 1.54353 95
    endloop
  endfacet
  facet normal 0 0 1
    outer loop
      vertex -34.2055 0.802929 95
      vertex -35.3368 -1.31368 95
      vertex -34.5207 -1.69969 95
    endloop
  endfacet
  facet normal 0 0 1
    outer loop
      vertex -36.8364 -0.311694 95
      vertex -35.3139 1.54353 95
      vertex -35.8083 1.99168 95
    endloop
  endfacet
  facet normal 0 0 1
    outer loop
      vertex -34.7779 1.14601 95
      vertex -36.1112 -0.849521 95
      vertex -35.3368 -1.31368 95
    endloop
  endfacet
  facet normal 0 0 1
    outer loop
      vertex -37.5054 0.294613 95
      vertex -35.8083 1.99168 95
      vertex -36.2565 2.48613 95
    endloop
  endfacet
  facet normal 0 0 1
    outer loop
      vertex -38.1117 0.963573 95
      vertex -36.2565 2.48613 95
      vertex -36.654 3.02212 95
    endloop
  endfacet
  facet normal 0 0 1
    outer loop
      vertex -35.3139 1.54353 95
      vertex -36.8364 -0.311694 95
      vertex -36.1112 -0.849521 95
    endloop
  endfacet
  facet normal 0 0 1
    outer loop
      vertex -38.6495 1.68875 95
      vertex -36.654 3.02212 95
      vertex -36.9971 3.59449 95
    endloop
  endfacet
  facet normal 0 0 1
    outer loop
      vertex -39.1137 2.46315 95
      vertex -36.9971 3.59449 95
      vertex -37.2824 4.19775 95
    endloop
  endfacet
  facet normal 0 0 1
    outer loop
      vertex -35.8083 1.99168 95
      vertex -37.5054 0.294613 95
      vertex -36.8364 -0.311694 95
    endloop
  endfacet
  facet normal 0 0 1
    outer loop
      vertex -39.4997 3.27931 95
      vertex -37.2824 4.19775 95
      vertex -37.5072 4.82606 95
    endloop
  endfacet
  facet normal 0 0 1
    outer loop
      vertex -39.8038 4.12938 95
      vertex -37.5072 4.82606 95
      vertex -37.6693 5.47338 95
    endloop
  endfacet
  facet normal 0 0 1
    outer loop
      vertex -40.0232 5.00517 95
      vertex -37.6693 5.47338 95
      vertex -37.7672 6.13348 95
    endloop
  endfacet
  facet normal 0 0 1
    outer loop
      vertex -40.1557 5.89824 95
      vertex -37.7672 6.13348 95
      vertex -37.8 6.8 95
    endloop
  endfacet
  facet normal 0 0 1
    outer loop
      vertex -36.2565 2.48613 95
      vertex -38.1117 0.963573 95
      vertex -37.5054 0.294613 95
    endloop
  endfacet
  facet normal 0 0 1
    outer loop
      vertex -37.8 22.8 95
      vertex -40.2 22.8 95
      vertex -37.8 6.8 95
    endloop
  endfacet
  facet normal 0 0 1
    outer loop
      vertex -37.5072 24.7739 95
      vertex -39.8038 25.4706 95
      vertex -37.6693 24.1266 95
    endloop
  endfacet
  facet normal 0 0 1
    outer loop
      vertex -40.2 6.8 95
      vertex -37.8 6.8 95
      vertex -40.2 22.8 95
    endloop
  endfacet
  facet normal -0 0 1
    outer loop
      vertex -40.0232 24.5948 95
      vertex -37.6693 24.1266 95
      vertex -39.8038 25.4706 95
    endloop
  endfacet
  facet normal 0 -0 1
    outer loop
      vertex -40.1557 5.89824 95
      vertex -37.8 6.8 95
      vertex -40.2 6.8 95
    endloop
  endfacet
  facet normal 0 0 1
    outer loop
      vertex -37.6693 24.1266 95
      vertex -40.0232 24.5948 95
      vertex -37.7672 23.4665 95
    endloop
  endfacet
  facet normal 0 0 1
    outer loop
      vertex -36.654 3.02212 95
      vertex -38.6495 1.68875 95
      vertex -38.1117 0.963573 95
    endloop
  endfacet
  facet normal -0 0 1
    outer loop
      vertex -40.1557 23.7018 95
      vertex -37.7672 23.4665 95
      vertex -40.0232 24.5948 95
    endloop
  endfacet
  facet normal 0 0 1
    outer loop
      vertex -36.9971 3.59449 95
      vertex -39.1137 2.46315 95
      vertex -38.6495 1.68875 95
    endloop
  endfacet
  facet normal 0 0 1
    outer loop
      vertex -37.7672 23.4665 95
      vertex -40.1557 23.7018 95
      vertex -37.8 22.8 95
    endloop
  endfacet
  facet normal 0 0 1
    outer loop
      vertex -37.2824 4.19775 95
      vertex -39.4997 3.27931 95
      vertex -39.1137 2.46315 95
    endloop
  endfacet
  facet normal 0 0 1
    outer loop
      vertex -37.8 22.8 95
      vertex -40.1557 23.7018 95
      vertex -40.2 22.8 95
    endloop
  endfacet
  facet normal 0 0 1
    outer loop
      vertex -37.5072 4.82606 95
      vertex -39.8038 4.12938 95
      vertex -39.4997 3.27931 95
    endloop
  endfacet
  facet normal 0 0 1
    outer loop
      vertex -37.6693 5.47338 95
      vertex -40.0232 5.00517 95
      vertex -39.8038 4.12938 95
    endloop
  endfacet
  facet normal 0 0 1
    outer loop
      vertex -37.7672 6.13348 95
      vertex -40.1557 5.89824 95
      vertex -40.0232 5.00517 95
    endloop
  endfacet
  facet normal 0.671535 -0.740973 0
    outer loop
      vertex 36.8364 -0.311694 0
      vertex 37.5054 0.294613 95
      vertex 36.8364 -0.311694 95
    endloop
  endfacet
  facet normal 0.671535 -0.740973 0
    outer loop
      vertex 37.5054 0.294613 95
      vertex 36.8364 -0.311694 0
      vertex 37.5054 0.294613 0
    endloop
  endfacet
  facet normal 0.998796 0.0490648 0
    outer loop
      vertex 40.2 22.8 95
      vertex 40.1557 23.7018 0
      vertex 40.1557 23.7018 95
    endloop
  endfacet
  facet normal 0.998796 0.0490648 0
    outer loop
      vertex 40.1557 23.7018 0
      vertex 40.2 22.8 95
      vertex 40.2 22.8 0
    endloop
  endfacet
  facet normal 0.242973 -0.970033 0
    outer loop
      vertex 32.7948 -2.22322 0
      vertex 33.6706 -2.00385 95
      vertex 32.7948 -2.22322 95
    endloop
  endfacet
  facet normal 0.242973 -0.970033 0
    outer loop
      vertex 33.6706 -2.00385 95
      vertex 32.7948 -2.22322 0
      vertex 33.6706 -2.00385 0
    endloop
  endfacet
  facet normal -0.243001 0.970026 0
    outer loop
      vertex 32.9739 0.292812 2.4
      vertex 32.3266 0.130657 95
      vertex 32.9739 0.292812 95
    endloop
  endfacet
  facet normal -0.243001 0.970026 0
    outer loop
      vertex 32.3266 0.130657 95
      vertex 32.9739 0.292812 2.4
      vertex 32.3266 0.130657 2.4
    endloop
  endfacet
  facet normal -0.970047 0.242916 0
    outer loop
      vertex 37.5072 4.82606 2.4
      vertex 37.6693 5.47338 95
      vertex 37.6693 5.47338 2.4
    endloop
  endfacet
  facet normal -0.970047 0.242916 0
    outer loop
      vertex 37.6693 5.47338 95
      vertex 37.5072 4.82606 2.4
      vertex 37.5072 4.82606 95
    endloop
  endfacet
  facet normal 0 1 0
    outer loop
      vertex 31 -2.86102e-06 95
      vertex 23 -2.86102e-06 14
      vertex 23 -2.86102e-06 95
    endloop
  endfacet
  facet normal 0 1 0
    outer loop
      vertex 23 -2.86102e-06 14
      vertex 31 -2.86102e-06 2.4
      vertex -23 -2.86102e-06 14
    endloop
  endfacet
  facet normal 0 1 -0
    outer loop
      vertex 31 -2.86102e-06 2.4
      vertex 23 -2.86102e-06 14
      vertex 31 -2.86102e-06 95
    endloop
  endfacet
  facet normal 0 1 -0
    outer loop
      vertex -23 -2.86102e-06 14
      vertex -31 -2.86102e-06 95
      vertex -23 -2.86102e-06 95
    endloop
  endfacet
  facet normal 0 1 0
    outer loop
      vertex -23 -2.86102e-06 14
      vertex -31 -2.86102e-06 2.4
      vertex -31 -2.86102e-06 95
    endloop
  endfacet
  facet normal 0 1 0
    outer loop
      vertex -31 -2.86102e-06 2.4
      vertex -23 -2.86102e-06 14
      vertex 31 -2.86102e-06 2.4
    endloop
  endfacet
  facet normal -0.146729 0.989177 0
    outer loop
      vertex 32.3266 0.130657 2.4
      vertex 31.6665 0.0327415 95
      vertex 32.3266 0.130657 95
    endloop
  endfacet
  facet normal -0.146729 0.989177 0
    outer loop
      vertex 31.6665 0.0327415 95
      vertex 32.3266 0.130657 2.4
      vertex 31.6665 0.0327415 2.4
    endloop
  endfacet
  facet normal -0.0490696 0.998795 0
    outer loop
      vertex 31.6665 0.0327415 2.4
      vertex 31 -2.86102e-06 95
      vertex 31.6665 0.0327415 95
    endloop
  endfacet
  facet normal -0.0490696 0.998795 0
    outer loop
      vertex 31 -2.86102e-06 95
      vertex 31.6665 0.0327415 2.4
      vertex 31 -2.86102e-06 2.4
    endloop
  endfacet
  facet normal 0.243001 0.970026 -0
    outer loop
      vertex -32.3266 0.130657 2.4
      vertex -32.9739 0.292812 95
      vertex -32.3266 0.130657 95
    endloop
  endfacet
  facet normal 0.243001 0.970026 0
    outer loop
      vertex -32.9739 0.292812 95
      vertex -32.3266 0.130657 2.4
      vertex -32.9739 0.292812 2.4
    endloop
  endfacet
  facet normal 0.998791 0.0491513 0
    outer loop
      vertex -37.7672 6.13348 95
      vertex -37.8 6.8 2.4
      vertex -37.8 6.8 95
    endloop
  endfacet
  facet normal 0.998791 0.0491513 0
    outer loop
      vertex -37.8 6.8 2.4
      vertex -37.7672 6.13348 95
      vertex -37.7672 6.13348 2.4
    endloop
  endfacet
  facet normal 0.242923 -0.970045 0
    outer loop
      vertex -32.9739 29.3072 2.4
      vertex -32.3266 29.4693 95
      vertex -32.9739 29.3072 95
    endloop
  endfacet
  facet normal 0.242923 -0.970045 0
    outer loop
      vertex -32.3266 29.4693 95
      vertex -32.9739 29.3072 2.4
      vertex -32.3266 29.4693 2.4
    endloop
  endfacet
  facet normal -0.803225 -0.595675 0
    outer loop
      vertex 36.654 26.5779 2.4
      vertex 36.2565 27.1139 95
      vertex 36.2565 27.1139 2.4
    endloop
  endfacet
  facet normal -0.803225 -0.595675 0
    outer loop
      vertex 36.2565 27.1139 95
      vertex 36.654 26.5779 2.4
      vertex 36.654 26.5779 95
    endloop
  endfacet
  facet normal 1 -0 0
    outer loop
      vertex -37.8 6.8 95
      vertex -37.8 22.8 2.4
      vertex -37.8 22.8 95
    endloop
  endfacet
  facet normal 1 0 0
    outer loop
      vertex -37.8 22.8 2.4
      vertex -37.8 6.8 95
      vertex -37.8 6.8 2.4
    endloop
  endfacet
  facet normal 0.970045 -0.242923 0
    outer loop
      vertex -37.6693 24.1266 95
      vertex -37.5072 24.7739 2.4
      vertex -37.5072 24.7739 95
    endloop
  endfacet
  facet normal 0.970045 -0.242923 0
    outer loop
      vertex -37.5072 24.7739 2.4
      vertex -37.6693 24.1266 95
      vertex -37.6693 24.1266 2.4
    endloop
  endfacet
  facet normal -0.671643 -0.740875 0
    outer loop
      vertex 35.3139 28.0565 2.4
      vertex 35.8083 27.6083 95
      vertex 35.3139 28.0565 95
    endloop
  endfacet
  facet normal -0.671643 -0.740875 -0
    outer loop
      vertex 35.8083 27.6083 95
      vertex 35.3139 28.0565 2.4
      vertex 35.8083 27.6083 2.4
    endloop
  endfacet
  facet normal 0.740909 0.671606 0
    outer loop
      vertex -35.8083 1.99168 95
      vertex -36.2565 2.48613 2.4
      vertex -36.2565 2.48613 95
    endloop
  endfacet
  facet normal 0.740909 0.671606 0
    outer loop
      vertex -36.2565 2.48613 2.4
      vertex -35.8083 1.99168 95
      vertex -35.8083 1.99168 2.4
    endloop
  endfacet
  facet normal 0.427507 -0.904012 0
    outer loop
      vertex -34.2055 28.7971 2.4
      vertex -33.6022 29.0824 95
      vertex -34.2055 28.7971 95
    endloop
  endfacet
  facet normal 0.427507 -0.904012 0
    outer loop
      vertex -33.6022 29.0824 95
      vertex -34.2055 28.7971 2.4
      vertex -33.6022 29.0824 2.4
    endloop
  endfacet
  facet normal 0.98918 0.146706 0
    outer loop
      vertex -37.6693 5.47338 95
      vertex -37.7672 6.13348 2.4
      vertex -37.7672 6.13348 95
    endloop
  endfacet
  facet normal 0.98918 0.146706 0
    outer loop
      vertex -37.7672 6.13348 2.4
      vertex -37.6693 5.47338 95
      vertex -37.6693 5.47338 2.4
    endloop
  endfacet
  facet normal 0.998791 -0.0491528 0
    outer loop
      vertex -37.8 22.8 95
      vertex -37.7672 23.4665 2.4
      vertex -37.7672 23.4665 95
    endloop
  endfacet
  facet normal 0.998791 -0.0491528 0
    outer loop
      vertex -37.7672 23.4665 2.4
      vertex -37.8 22.8 95
      vertex -37.8 22.8 2.4
    endloop
  endfacet
  facet normal -0.0490033 -0.998799 0
    outer loop
      vertex 31 29.6 2.4
      vertex 31.6665 29.5673 95
      vertex 31 29.6 95
    endloop
  endfacet
  facet normal -0.0490033 -0.998799 -0
    outer loop
      vertex 31.6665 29.5673 95
      vertex 31 29.6 2.4
      vertex 31.6665 29.5673 2.4
    endloop
  endfacet
  facet normal 0.336888 0.941545 -0
    outer loop
      vertex -32.9739 0.292812 2.4
      vertex -33.6022 0.51762 95
      vertex -32.9739 0.292812 95
    endloop
  endfacet
  facet normal 0.336888 0.941545 0
    outer loop
      vertex -33.6022 0.51762 95
      vertex -32.9739 0.292812 2.4
      vertex -33.6022 0.51762 2.4
    endloop
  endfacet
  facet normal -0.740909 0.671606 0
    outer loop
      vertex 35.8083 1.99168 2.4
      vertex 36.2565 2.48613 95
      vertex 36.2565 2.48613 2.4
    endloop
  endfacet
  facet normal -0.740909 0.671606 0
    outer loop
      vertex 36.2565 2.48613 95
      vertex 35.8083 1.99168 2.4
      vertex 35.8083 1.99168 95
    endloop
  endfacet
  facet normal 0 -1 0
    outer loop
      vertex -23.8 29.6 9
      vertex 23.8 29.6 35
      vertex -23.8 29.6 35
    endloop
  endfacet
  facet normal 0 -1 -0
    outer loop
      vertex 23.8 29.6 35
      vertex -23.8 29.6 9
      vertex 23.8 29.6 9
    endloop
  endfacet
  facet normal 0 -1 0
    outer loop
      vertex -23.8 29.6 60
      vertex 23.8 29.6 86
      vertex -23.8 29.6 86
    endloop
  endfacet
  facet normal 0 -1 -0
    outer loop
      vertex 23.8 29.6 86
      vertex -23.8 29.6 60
      vertex 23.8 29.6 60
    endloop
  endfacet
  facet normal 0 -1 0
    outer loop
      vertex -23.8 29.6 86
      vertex -31 29.6 95
      vertex -27.8 29.6 86
    endloop
  endfacet
  facet normal 0 -1 0
    outer loop
      vertex -31 29.6 95
      vertex -27.8 29.6 60
      vertex -27.8 29.6 86
    endloop
  endfacet
  facet normal 0 -1 0
    outer loop
      vertex -23.8 29.6 35
      vertex -23.8 29.6 60
      vertex -27.8 29.6 60
    endloop
  endfacet
  facet normal 0 -1 0
    outer loop
      vertex -23.8 29.6 60
      vertex -23.8 29.6 35
      vertex 23.8 29.6 60
    endloop
  endfacet
  facet normal 0 -1 0
    outer loop
      vertex -23.8 29.6 35
      vertex -27.8 29.6 60
      vertex -27.8 29.6 35
    endloop
  endfacet
  facet normal 0 -1 0
    outer loop
      vertex -31 29.6 95
      vertex -27.8 29.6 35
      vertex -27.8 29.6 60
    endloop
  endfacet
  facet normal 0 -1 0
    outer loop
      vertex -31 29.6 2.4
      vertex -27.8 29.6 35
      vertex -31 29.6 95
    endloop
  endfacet
  facet normal 0 -1 0
    outer loop
      vertex -31 29.6 2.4
      vertex -23.8 29.6 9
      vertex -27.8 29.6 9
    endloop
  endfacet
  facet normal 0 -1 -0
    outer loop
      vertex -23.8 29.6 9
      vertex -31 29.6 2.4
      vertex 23.8 29.6 9
    endloop
  endfacet
  facet normal 0 -1 0
    outer loop
      vertex 31 29.6 2.4
      vertex 23.8 29.6 9
      vertex -31 29.6 2.4
    endloop
  endfacet
  facet normal 0 -1 -0
    outer loop
      vertex -27.8 29.6 35
      vertex -31 29.6 2.4
      vertex -27.8 29.6 9
    endloop
  endfacet
  facet normal 0 -1 0
    outer loop
      vertex -31 29.6 95
      vertex -23.8 29.6 86
      vertex 31 29.6 95
    endloop
  endfacet
  facet normal 0 -1 0
    outer loop
      vertex 23.8 29.6 86
      vertex 31 29.6 95
      vertex -23.8 29.6 86
    endloop
  endfacet
  facet normal 0 -1 0
    outer loop
      vertex 27.8 29.6 86
      vertex 31 29.6 95
      vertex 23.8 29.6 86
    endloop
  endfacet
  facet normal 0 -1 0
    outer loop
      vertex 27.8 29.6 60
      vertex 31 29.6 95
      vertex 27.8 29.6 86
    endloop
  endfacet
  facet normal 0 -1 0
    outer loop
      vertex 23.8 29.6 35
      vertex 23.8 29.6 60
      vertex -23.8 29.6 35
    endloop
  endfacet
  facet normal 0 -1 0
    outer loop
      vertex 23.8 29.6 60
      vertex 23.8 29.6 35
      vertex 27.8 29.6 60
    endloop
  endfacet
  facet normal 0 -1 0
    outer loop
      vertex 27.8 29.6 35
      vertex 27.8 29.6 60
      vertex 23.8 29.6 35
    endloop
  endfacet
  facet normal 0 -1 0
    outer loop
      vertex 27.8 29.6 35
      vertex 31 29.6 95
      vertex 27.8 29.6 60
    endloop
  endfacet
  facet normal 0 -1 0
    outer loop
      vertex 31 29.6 2.4
      vertex 27.8 29.6 35
      vertex 27.8 29.6 9
    endloop
  endfacet
  facet normal 0 -1 0
    outer loop
      vertex 27.8 29.6 35
      vertex 31 29.6 2.4
      vertex 31 29.6 95
    endloop
  endfacet
  facet normal 0 -1 0
    outer loop
      vertex 23.8 29.6 9
      vertex 31 29.6 2.4
      vertex 27.8 29.6 9
    endloop
  endfacet
  facet normal -0.146853 -0.989158 0
    outer loop
      vertex 31.6665 29.5673 2.4
      vertex 32.3266 29.4693 95
      vertex 31.6665 29.5673 95
    endloop
  endfacet
  facet normal -0.146853 -0.989158 -0
    outer loop
      vertex 32.3266 29.4693 95
      vertex 31.6665 29.5673 2.4
      vertex 32.3266 29.4693 2.4
    endloop
  endfacet
  facet normal -1 0 0
    outer loop
      vertex 37.8 6.8 2.4
      vertex 37.8 22.8 95
      vertex 37.8 22.8 2.4
    endloop
  endfacet
  facet normal -1 -0 0
    outer loop
      vertex 37.8 22.8 95
      vertex 37.8 6.8 2.4
      vertex 37.8 6.8 95
    endloop
  endfacet
  facet normal 0.336877 -0.941549 0
    outer loop
      vertex -33.6022 29.0824 2.4
      vertex -32.9739 29.3072 95
      vertex -33.6022 29.0824 95
    endloop
  endfacet
  facet normal 0.336877 -0.941549 0
    outer loop
      vertex -32.9739 29.3072 95
      vertex -33.6022 29.0824 2.4
      vertex -32.9739 29.3072 2.4
    endloop
  endfacet
  facet normal 0.803225 -0.595675 0
    outer loop
      vertex -36.654 26.5779 95
      vertex -36.2565 27.1139 2.4
      vertex -36.2565 27.1139 95
    endloop
  endfacet
  facet normal 0.803225 -0.595675 0
    outer loop
      vertex -36.2565 27.1139 2.4
      vertex -36.654 26.5779 95
      vertex -36.654 26.5779 2.4
    endloop
  endfacet
  facet normal 0.0490033 -0.998799 0
    outer loop
      vertex -31.6665 29.5673 2.4
      vertex -31 29.6 95
      vertex -31.6665 29.5673 95
    endloop
  endfacet
  facet normal 0.0490033 -0.998799 0
    outer loop
      vertex -31 29.6 95
      vertex -31.6665 29.5673 2.4
      vertex -31 29.6 2.4
    endloop
  endfacet
  facet normal 0.904012 -0.427507 0
    outer loop
      vertex -37.2824 25.4022 95
      vertex -36.9971 26.0055 2.4
      vertex -36.9971 26.0055 95
    endloop
  endfacet
  facet normal 0.904012 -0.427507 0
    outer loop
      vertex -36.9971 26.0055 2.4
      vertex -37.2824 25.4022 95
      vertex -37.2824 25.4022 2.4
    endloop
  endfacet
  facet normal -0.595675 -0.803225 0
    outer loop
      vertex 34.7779 28.454 2.4
      vertex 35.3139 28.0565 95
      vertex 34.7779 28.454 95
    endloop
  endfacet
  facet normal -0.595675 -0.803225 -0
    outer loop
      vertex 35.3139 28.0565 95
      vertex 34.7779 28.454 2.4
      vertex 35.3139 28.0565 2.4
    endloop
  endfacet
  facet normal -0.5141 0.85773 0
    outer loop
      vertex 34.7779 1.14601 2.4
      vertex 34.2055 0.802929 95
      vertex 34.7779 1.14601 95
    endloop
  endfacet
  facet normal -0.5141 0.85773 0
    outer loop
      vertex 34.2055 0.802929 95
      vertex 34.7779 1.14601 2.4
      vertex 34.2055 0.802929 2.4
    endloop
  endfacet
  facet normal -0.970045 -0.242923 0
    outer loop
      vertex 37.6693 24.1266 2.4
      vertex 37.5072 24.7739 95
      vertex 37.5072 24.7739 2.4
    endloop
  endfacet
  facet normal -0.970045 -0.242923 0
    outer loop
      vertex 37.5072 24.7739 95
      vertex 37.6693 24.1266 2.4
      vertex 37.6693 24.1266 95
    endloop
  endfacet
  facet normal 0.146729 0.989177 -0
    outer loop
      vertex -31.6665 0.0327415 2.4
      vertex -32.3266 0.130657 95
      vertex -31.6665 0.0327415 95
    endloop
  endfacet
  facet normal 0.146729 0.989177 0
    outer loop
      vertex -32.3266 0.130657 95
      vertex -31.6665 0.0327415 2.4
      vertex -32.3266 0.130657 2.4
    endloop
  endfacet
  facet normal 0.0490696 0.998795 -0
    outer loop
      vertex -31 -2.86102e-06 2.4
      vertex -31.6665 0.0327415 95
      vertex -31 -2.86102e-06 95
    endloop
  endfacet
  facet normal 0.0490696 0.998795 0
    outer loop
      vertex -31.6665 0.0327415 95
      vertex -31 -2.86102e-06 2.4
      vertex -31.6665 0.0327415 2.4
    endloop
  endfacet
  facet normal 0.146853 -0.989158 0
    outer loop
      vertex -32.3266 29.4693 2.4
      vertex -31.6665 29.5673 95
      vertex -32.3266 29.4693 95
    endloop
  endfacet
  facet normal 0.146853 -0.989158 0
    outer loop
      vertex -31.6665 29.5673 95
      vertex -32.3266 29.4693 2.4
      vertex -31.6665 29.5673 2.4
    endloop
  endfacet
  facet normal 0.857718 -0.514121 0
    outer loop
      vertex -36.9971 26.0055 95
      vertex -36.654 26.5779 2.4
      vertex -36.654 26.5779 95
    endloop
  endfacet
  facet normal 0.857718 -0.514121 0
    outer loop
      vertex -36.654 26.5779 2.4
      vertex -36.9971 26.0055 95
      vertex -36.9971 26.0055 2.4
    endloop
  endfacet
  facet normal -0.671602 0.740912 0
    outer loop
      vertex 35.8083 1.99168 2.4
      vertex 35.3139 1.54353 95
      vertex 35.8083 1.99168 95
    endloop
  endfacet
  facet normal -0.671602 0.740912 0
    outer loop
      vertex 35.3139 1.54353 95
      vertex 35.8083 1.99168 2.4
      vertex 35.3139 1.54353 2.4
    endloop
  endfacet
  facet normal -0.98918 -0.146706 0
    outer loop
      vertex 37.7672 23.4665 2.4
      vertex 37.6693 24.1266 95
      vertex 37.6693 24.1266 2.4
    endloop
  endfacet
  facet normal -0.98918 -0.146706 0
    outer loop
      vertex 37.6693 24.1266 95
      vertex 37.7672 23.4665 2.4
      vertex 37.7672 23.4665 95
    endloop
  endfacet
  facet normal -0.336877 -0.941549 0
    outer loop
      vertex 32.9739 29.3072 2.4
      vertex 33.6022 29.0824 95
      vertex 32.9739 29.3072 95
    endloop
  endfacet
  facet normal -0.336877 -0.941549 -0
    outer loop
      vertex 33.6022 29.0824 95
      vertex 32.9739 29.3072 2.4
      vertex 33.6022 29.0824 2.4
    endloop
  endfacet
  facet normal -0.242923 -0.970045 0
    outer loop
      vertex 32.3266 29.4693 2.4
      vertex 32.9739 29.3072 95
      vertex 32.3266 29.4693 95
    endloop
  endfacet
  facet normal -0.242923 -0.970045 -0
    outer loop
      vertex 32.9739 29.3072 95
      vertex 32.3266 29.4693 2.4
      vertex 32.9739 29.3072 2.4
    endloop
  endfacet
  facet normal -0.941549 -0.336877 0
    outer loop
      vertex 37.5072 24.7739 2.4
      vertex 37.2824 25.4022 95
      vertex 37.2824 25.4022 2.4
    endloop
  endfacet
  facet normal -0.941549 -0.336877 0
    outer loop
      vertex 37.2824 25.4022 95
      vertex 37.5072 24.7739 2.4
      vertex 37.5072 24.7739 95
    endloop
  endfacet
  facet normal -0.857718 -0.514121 0
    outer loop
      vertex 36.9971 26.0055 2.4
      vertex 36.654 26.5779 95
      vertex 36.654 26.5779 2.4
    endloop
  endfacet
  facet normal -0.857718 -0.514121 0
    outer loop
      vertex 36.654 26.5779 95
      vertex 36.9971 26.0055 2.4
      vertex 36.9971 26.0055 95
    endloop
  endfacet
  facet normal 0 0 1
    outer loop
      vertex 26.7807 21.9921 2.4
      vertex 37.8 22.8 2.4
      vertex 37.7672 23.4665 2.4
    endloop
  endfacet
  facet normal 0 0 1
    outer loop
      vertex 37.8 22.8 2.4
      vertex 26.8 21.6 2.4
      vertex 37.8 6.8 2.4
    endloop
  endfacet
  facet normal 0 0 1
    outer loop
      vertex 26.7807 21.9921 2.4
      vertex 37.7672 23.4665 2.4
      vertex 37.6693 24.1266 2.4
    endloop
  endfacet
  facet normal -0 0 1
    outer loop
      vertex 26.8 8.00001 2.4
      vertex 37.8 6.8 2.4
      vertex 26.8 21.6 2.4
    endloop
  endfacet
  facet normal 0 0 1
    outer loop
      vertex 26.7231 22.3804 2.4
      vertex 37.6693 24.1266 2.4
      vertex 37.5072 24.7739 2.4
    endloop
  endfacet
  facet normal -0 0 1
    outer loop
      vertex 26.7807 7.60794 2.4
      vertex 37.8 6.8 2.4
      vertex 26.8 8.00001 2.4
    endloop
  endfacet
  facet normal 0 0 1
    outer loop
      vertex 26.7231 22.3804 2.4
      vertex 37.5072 24.7739 2.4
      vertex 37.2824 25.4022 2.4
    endloop
  endfacet
  facet normal 0 0 1
    outer loop
      vertex 37.8 6.8 2.4
      vertex 26.7807 7.60794 2.4
      vertex 37.7672 6.13348 2.4
    endloop
  endfacet
  facet normal 0 0 1
    outer loop
      vertex 26.7231 22.3804 2.4
      vertex 37.2824 25.4022 2.4
      vertex 36.9971 26.0055 2.4
    endloop
  endfacet
  facet normal 0 0 1
    outer loop
      vertex 37.7672 6.13348 2.4
      vertex 26.7807 7.60794 2.4
      vertex 37.6693 5.47338 2.4
    endloop
  endfacet
  facet normal 0 0 1
    outer loop
      vertex 26.7231 22.3804 2.4
      vertex 36.9971 26.0055 2.4
      vertex 36.654 26.5779 2.4
    endloop
  endfacet
  facet normal -0 0 1
    outer loop
      vertex 26.7231 7.21965 2.4
      vertex 37.6693 5.47338 2.4
      vertex 26.7807 7.60794 2.4
    endloop
  endfacet
  facet normal 0 0 1
    outer loop
      vertex 26.7231 22.3804 2.4
      vertex 36.654 26.5779 2.4
      vertex 36.2565 27.1139 2.4
    endloop
  endfacet
  facet normal 0 0 1
    outer loop
      vertex 37.6693 5.47338 2.4
      vertex 26.7231 7.21965 2.4
      vertex 37.5072 4.82606 2.4
    endloop
  endfacet
  facet normal 0 0 1
    outer loop
      vertex 26.7231 22.3804 2.4
      vertex 36.2565 27.1139 2.4
      vertex 35.8083 27.6083 2.4
    endloop
  endfacet
  facet normal 0 0 1
    outer loop
      vertex 37.5072 4.82606 2.4
      vertex 26.7231 7.21965 2.4
      vertex 37.2824 4.19775 2.4
    endloop
  endfacet
  facet normal 0 0 1
    outer loop
      vertex 26.7231 22.3804 2.4
      vertex 35.8083 27.6083 2.4
      vertex 35.3139 28.0565 2.4
    endloop
  endfacet
  facet normal 0 0 1
    outer loop
      vertex 37.2824 4.19775 2.4
      vertex 26.7231 7.21965 2.4
      vertex 36.9971 3.59449 2.4
    endloop
  endfacet
  facet normal 0 0 1
    outer loop
      vertex 26.6277 22.7611 2.4
      vertex 35.3139 28.0565 2.4
      vertex 34.7779 28.454 2.4
    endloop
  endfacet
  facet normal 0 0 1
    outer loop
      vertex 36.9971 3.59449 2.4
      vertex 26.7231 7.21965 2.4
      vertex 36.654 3.02212 2.4
    endloop
  endfacet
  facet normal 0 0 1
    outer loop
      vertex 26.6277 22.7611 2.4
      vertex 34.7779 28.454 2.4
      vertex 34.2055 28.7971 2.4
    endloop
  endfacet
  facet normal 0 0 1
    outer loop
      vertex 36.654 3.02212 2.4
      vertex 26.7231 7.21965 2.4
      vertex 36.2565 2.48613 2.4
    endloop
  endfacet
  facet normal 0 0 1
    outer loop
      vertex 26.6277 22.7611 2.4
      vertex 34.2055 28.7971 2.4
      vertex 33.6022 29.0824 2.4
    endloop
  endfacet
  facet normal 0 0 1
    outer loop
      vertex 36.2565 2.48613 2.4
      vertex 26.7231 7.21965 2.4
      vertex 35.8083 1.99168 2.4
    endloop
  endfacet
  facet normal 0 0 1
    outer loop
      vertex 26.6277 22.7611 2.4
      vertex 33.6022 29.0824 2.4
      vertex 32.9739 29.3072 2.4
    endloop
  endfacet
  facet normal 0 0 1
    outer loop
      vertex 35.8083 1.99168 2.4
      vertex 26.7231 7.21965 2.4
      vertex 35.3139 1.54353 2.4
    endloop
  endfacet
  facet normal 0 0 1
    outer loop
      vertex 26.6277 22.7611 2.4
      vertex 32.9739 29.3072 2.4
      vertex 32.3266 29.4693 2.4
    endloop
  endfacet
  facet normal -0 0 1
    outer loop
      vertex 26.6277 6.83888 2.4
      vertex 35.3139 1.54353 2.4
      vertex 26.7231 7.21965 2.4
    endloop
  endfacet
  facet normal 0 0 1
    outer loop
      vertex 26.6277 22.7611 2.4
      vertex 32.3266 29.4693 2.4
      vertex 31.6665 29.5673 2.4
    endloop
  endfacet
  facet normal 0 0 1
    outer loop
      vertex 35.3139 1.54353 2.4
      vertex 26.6277 6.83888 2.4
      vertex 34.7779 1.14601 2.4
    endloop
  endfacet
  facet normal 0 0 1
    outer loop
      vertex 26.4955 23.1307 2.4
      vertex 31.6665 29.5673 2.4
      vertex 31 29.6 2.4
    endloop
  endfacet
  facet normal 0 0 1
    outer loop
      vertex 34.7779 1.14601 2.4
      vertex 26.6277 6.83888 2.4
      vertex 34.2055 0.802929 2.4
    endloop
  endfacet
  facet normal 0 0 1
    outer loop
      vertex 34.2055 0.802929 2.4
      vertex 26.6277 6.83888 2.4
      vertex 33.6022 0.51762 2.4
    endloop
  endfacet
  facet normal 0 0 1
    outer loop
      vertex 37.8 22.8 2.4
      vertex 26.7807 21.9921 2.4
      vertex 26.8 21.6 2.4
    endloop
  endfacet
  facet normal 0 0 1
    outer loop
      vertex 37.6693 24.1266 2.4
      vertex 26.7231 22.3804 2.4
      vertex 26.7807 21.9921 2.4
    endloop
  endfacet
  facet normal 0 0 1
    outer loop
      vertex 35.3139 28.0565 2.4
      vertex 26.6277 22.7611 2.4
      vertex 26.7231 22.3804 2.4
    endloop
  endfacet
  facet normal 0 0 1
    outer loop
      vertex 31.6665 29.5673 2.4
      vertex 26.4955 23.1307 2.4
      vertex 26.6277 22.7611 2.4
    endloop
  endfacet
  facet normal 0 0 1
    outer loop
      vertex 31 29.6 2.4
      vertex 26.3277 23.4856 2.4
      vertex 26.4955 23.1307 2.4
    endloop
  endfacet
  facet normal 0 0 1
    outer loop
      vertex 31 29.6 2.4
      vertex 26.1259 23.8223 2.4
      vertex 26.3277 23.4856 2.4
    endloop
  endfacet
  facet normal 0 0 1
    outer loop
      vertex 31 29.6 2.4
      vertex 25.892 24.1376 2.4
      vertex 26.1259 23.8223 2.4
    endloop
  endfacet
  facet normal 0 0 1
    outer loop
      vertex 31 29.6 2.4
      vertex 25.6284 24.4284 2.4
      vertex 25.892 24.1376 2.4
    endloop
  endfacet
  facet normal 0 0 1
    outer loop
      vertex 31 29.6 2.4
      vertex 25.3376 24.692 2.4
      vertex 25.6284 24.4284 2.4
    endloop
  endfacet
  facet normal 0 0 1
    outer loop
      vertex 31 29.6 2.4
      vertex 25.0223 24.9259 2.4
      vertex 25.3376 24.692 2.4
    endloop
  endfacet
  facet normal 0 0 1
    outer loop
      vertex 31 29.6 2.4
      vertex 24.6856 25.1277 2.4
      vertex 25.0223 24.9259 2.4
    endloop
  endfacet
  facet normal 0 0 1
    outer loop
      vertex 31 29.6 2.4
      vertex 24.3307 25.2955 2.4
      vertex 24.6856 25.1277 2.4
    endloop
  endfacet
  facet normal 0 0 1
    outer loop
      vertex 31 29.6 2.4
      vertex 23.9611 25.4277 2.4
      vertex 24.3307 25.2955 2.4
    endloop
  endfacet
  facet normal 0 0 1
    outer loop
      vertex 31 29.6 2.4
      vertex 23.5804 25.5231 2.4
      vertex 23.9611 25.4277 2.4
    endloop
  endfacet
  facet normal 0 0 1
    outer loop
      vertex 31 29.6 2.4
      vertex 23.1921 25.5807 2.4
      vertex 23.5804 25.5231 2.4
    endloop
  endfacet
  facet normal 0 0 1
    outer loop
      vertex 31 29.6 2.4
      vertex 22.8 25.6 2.4
      vertex 23.1921 25.5807 2.4
    endloop
  endfacet
  facet normal 0 0 1
    outer loop
      vertex 31 29.6 2.4
      vertex -22.8 25.6 2.4
      vertex 22.8 25.6 2.4
    endloop
  endfacet
  facet normal -0 0 1
    outer loop
      vertex -31 29.6 2.4
      vertex -22.8 25.6 2.4
      vertex 31 29.6 2.4
    endloop
  endfacet
  facet normal -0 0 1
    outer loop
      vertex -33.6022 29.0824 2.4
      vertex -26.6277 22.7611 2.4
      vertex -32.9739 29.3072 2.4
    endloop
  endfacet
  facet normal -0 0 1
    outer loop
      vertex -32.9739 29.3072 2.4
      vertex -26.6277 22.7611 2.4
      vertex -32.3266 29.4693 2.4
    endloop
  endfacet
  facet normal -0 0 1
    outer loop
      vertex -32.3266 29.4693 2.4
      vertex -26.6277 22.7611 2.4
      vertex -31.6665 29.5673 2.4
    endloop
  endfacet
  facet normal 0 0 1
    outer loop
      vertex -26.4955 23.1307 2.4
      vertex -31.6665 29.5673 2.4
      vertex -26.6277 22.7611 2.4
    endloop
  endfacet
  facet normal -0 0 1
    outer loop
      vertex -31.6665 29.5673 2.4
      vertex -26.4955 23.1307 2.4
      vertex -31 29.6 2.4
    endloop
  endfacet
  facet normal 0 0 1
    outer loop
      vertex -26.3277 23.4856 2.4
      vertex -31 29.6 2.4
      vertex -26.4955 23.1307 2.4
    endloop
  endfacet
  facet normal 0 0 1
    outer loop
      vertex -26.1259 23.8223 2.4
      vertex -31 29.6 2.4
      vertex -26.3277 23.4856 2.4
    endloop
  endfacet
  facet normal 0 0 1
    outer loop
      vertex -25.892 24.1376 2.4
      vertex -31 29.6 2.4
      vertex -26.1259 23.8223 2.4
    endloop
  endfacet
  facet normal 0 0 1
    outer loop
      vertex -25.6284 24.4284 2.4
      vertex -31 29.6 2.4
      vertex -25.892 24.1376 2.4
    endloop
  endfacet
  facet normal 0 0 1
    outer loop
      vertex -25.3376 24.692 2.4
      vertex -31 29.6 2.4
      vertex -25.6284 24.4284 2.4
    endloop
  endfacet
  facet normal 0 0 1
    outer loop
      vertex -25.0223 24.9259 2.4
      vertex -31 29.6 2.4
      vertex -25.3376 24.692 2.4
    endloop
  endfacet
  facet normal 0 0 1
    outer loop
      vertex -24.6856 25.1277 2.4
      vertex -31 29.6 2.4
      vertex -25.0223 24.9259 2.4
    endloop
  endfacet
  facet normal 0 0 1
    outer loop
      vertex -24.3307 25.2955 2.4
      vertex -31 29.6 2.4
      vertex -24.6856 25.1277 2.4
    endloop
  endfacet
  facet normal 0 0 1
    outer loop
      vertex -23.9611 25.4277 2.4
      vertex -31 29.6 2.4
      vertex -24.3307 25.2955 2.4
    endloop
  endfacet
  facet normal 0 0 1
    outer loop
      vertex -23.5804 25.5231 2.4
      vertex -31 29.6 2.4
      vertex -23.9611 25.4277 2.4
    endloop
  endfacet
  facet normal 0 0 1
    outer loop
      vertex -23.1921 25.5807 2.4
      vertex -31 29.6 2.4
      vertex -23.5804 25.5231 2.4
    endloop
  endfacet
  facet normal 0 0 1
    outer loop
      vertex -22.8 25.6 2.4
      vertex -31 29.6 2.4
      vertex -23.1921 25.5807 2.4
    endloop
  endfacet
  facet normal 0 0 1
    outer loop
      vertex 33.6022 0.51762 2.4
      vertex 26.6277 6.83888 2.4
      vertex 32.9739 0.292812 2.4
    endloop
  endfacet
  facet normal 0 0 1
    outer loop
      vertex 32.9739 0.292812 2.4
      vertex 26.6277 6.83888 2.4
      vertex 32.3266 0.130657 2.4
    endloop
  endfacet
  facet normal 0 0 1
    outer loop
      vertex 32.3266 0.130657 2.4
      vertex 26.6277 6.83888 2.4
      vertex 31.6665 0.0327415 2.4
    endloop
  endfacet
  facet normal -0 0 1
    outer loop
      vertex 26.4955 6.46928 2.4
      vertex 31.6665 0.0327415 2.4
      vertex 26.6277 6.83888 2.4
    endloop
  endfacet
  facet normal 0 0 1
    outer loop
      vertex 31.6665 0.0327415 2.4
      vertex 26.4955 6.46928 2.4
      vertex 31 -2.86102e-06 2.4
    endloop
  endfacet
  facet normal -0 0 1
    outer loop
      vertex 26.3277 6.11442 2.4
      vertex 31 -2.86102e-06 2.4
      vertex 26.4955 6.46928 2.4
    endloop
  endfacet
  facet normal -0 0 1
    outer loop
      vertex 26.1259 5.77774 2.4
      vertex 31 -2.86102e-06 2.4
      vertex 26.3277 6.11442 2.4
    endloop
  endfacet
  facet normal -0 0 1
    outer loop
      vertex 25.892 5.46244 2.4
      vertex 31 -2.86102e-06 2.4
      vertex 26.1259 5.77774 2.4
    endloop
  endfacet
  facet normal -0 0 1
    outer loop
      vertex 25.6284 5.17158 2.4
      vertex 31 -2.86102e-06 2.4
      vertex 25.892 5.46244 2.4
    endloop
  endfacet
  facet normal -0 0 1
    outer loop
      vertex 25.3376 4.90797 2.4
      vertex 31 -2.86102e-06 2.4
      vertex 25.6284 5.17158 2.4
    endloop
  endfacet
  facet normal -0 0 1
    outer loop
      vertex 25.0223 4.67413 2.4
      vertex 31 -2.86102e-06 2.4
      vertex 25.3376 4.90797 2.4
    endloop
  endfacet
  facet normal -0 0 1
    outer loop
      vertex 24.6856 4.47233 2.4
      vertex 31 -2.86102e-06 2.4
      vertex 25.0223 4.67413 2.4
    endloop
  endfacet
  facet normal -0 0 1
    outer loop
      vertex 24.3307 4.3045 2.4
      vertex 31 -2.86102e-06 2.4
      vertex 24.6856 4.47233 2.4
    endloop
  endfacet
  facet normal -0 0 1
    outer loop
      vertex 23.9611 4.17225 2.4
      vertex 31 -2.86102e-06 2.4
      vertex 24.3307 4.3045 2.4
    endloop
  endfacet
  facet normal -0 0 1
    outer loop
      vertex 23.5804 4.07687 2.4
      vertex 31 -2.86102e-06 2.4
      vertex 23.9611 4.17225 2.4
    endloop
  endfacet
  facet normal -0 0 1
    outer loop
      vertex 23.1921 4.01927 2.4
      vertex 31 -2.86102e-06 2.4
      vertex 23.5804 4.07687 2.4
    endloop
  endfacet
  facet normal -0 0 1
    outer loop
      vertex 22.8 4.00001 2.4
      vertex 31 -2.86102e-06 2.4
      vertex 23.1921 4.01927 2.4
    endloop
  endfacet
  facet normal -0 0 1
    outer loop
      vertex -22.8 4.00001 2.4
      vertex 31 -2.86102e-06 2.4
      vertex 22.8 4.00001 2.4
    endloop
  endfacet
  facet normal 0 0 1
    outer loop
      vertex -31 -2.86102e-06 2.4
      vertex -22.8 4.00001 2.4
      vertex -23.1921 4.01927 2.4
    endloop
  endfacet
  facet normal 0 0 1
    outer loop
      vertex -26.8 21.6 2.4
      vertex -37.8 22.8 2.4
      vertex -26.8 8.00001 2.4
    endloop
  endfacet
  facet normal 0 0 1
    outer loop
      vertex -37.8 6.8 2.4
      vertex -26.8 8.00001 2.4
      vertex -37.8 22.8 2.4
    endloop
  endfacet
  facet normal 0 0 1
    outer loop
      vertex -22.8 4.00001 2.4
      vertex -31 -2.86102e-06 2.4
      vertex 31 -2.86102e-06 2.4
    endloop
  endfacet
  facet normal 0 0 1
    outer loop
      vertex -23.5804 4.07687 2.4
      vertex -31 -2.86102e-06 2.4
      vertex -23.1921 4.01927 2.4
    endloop
  endfacet
  facet normal 0 0 1
    outer loop
      vertex -23.9611 4.17225 2.4
      vertex -31 -2.86102e-06 2.4
      vertex -23.5804 4.07687 2.4
    endloop
  endfacet
  facet normal 0 0 1
    outer loop
      vertex -24.3307 4.3045 2.4
      vertex -31 -2.86102e-06 2.4
      vertex -23.9611 4.17225 2.4
    endloop
  endfacet
  facet normal 0 0 1
    outer loop
      vertex -24.6856 4.47233 2.4
      vertex -31 -2.86102e-06 2.4
      vertex -24.3307 4.3045 2.4
    endloop
  endfacet
  facet normal 0 0 1
    outer loop
      vertex -25.0223 4.67413 2.4
      vertex -31 -2.86102e-06 2.4
      vertex -24.6856 4.47233 2.4
    endloop
  endfacet
  facet normal 0 0 1
    outer loop
      vertex -25.3376 4.90797 2.4
      vertex -31 -2.86102e-06 2.4
      vertex -25.0223 4.67413 2.4
    endloop
  endfacet
  facet normal 0 0 1
    outer loop
      vertex -25.6284 5.17158 2.4
      vertex -31 -2.86102e-06 2.4
      vertex -25.3376 4.90797 2.4
    endloop
  endfacet
  facet normal 0 0 1
    outer loop
      vertex -25.892 5.46244 2.4
      vertex -31 -2.86102e-06 2.4
      vertex -25.6284 5.17158 2.4
    endloop
  endfacet
  facet normal 0 0 1
    outer loop
      vertex -26.1259 5.77774 2.4
      vertex -31 -2.86102e-06 2.4
      vertex -25.892 5.46244 2.4
    endloop
  endfacet
  facet normal 0 0 1
    outer loop
      vertex -26.3277 6.11442 2.4
      vertex -31 -2.86102e-06 2.4
      vertex -26.1259 5.77774 2.4
    endloop
  endfacet
  facet normal 0 0 1
    outer loop
      vertex -26.4955 6.46928 2.4
      vertex -31 -2.86102e-06 2.4
      vertex -26.3277 6.11442 2.4
    endloop
  endfacet
  facet normal 0 0 1
    outer loop
      vertex -31.6665 0.0327415 2.4
      vertex -26.4955 6.46928 2.4
      vertex -26.6277 6.83888 2.4
    endloop
  endfacet
  facet normal 0 0 1
    outer loop
      vertex -35.3139 1.54353 2.4
      vertex -26.6277 6.83888 2.4
      vertex -26.7231 7.21965 2.4
    endloop
  endfacet
  facet normal 0 0 1
    outer loop
      vertex -26.8 8.00001 2.4
      vertex -37.8 6.8 2.4
      vertex -26.7807 7.60794 2.4
    endloop
  endfacet
  facet normal -0 0 1
    outer loop
      vertex -34.2055 28.7971 2.4
      vertex -26.6277 22.7611 2.4
      vertex -33.6022 29.0824 2.4
    endloop
  endfacet
  facet normal 0 -0 1
    outer loop
      vertex -37.7672 6.13348 2.4
      vertex -26.7807 7.60794 2.4
      vertex -37.8 6.8 2.4
    endloop
  endfacet
  facet normal -0 0 1
    outer loop
      vertex -34.7779 28.454 2.4
      vertex -26.6277 22.7611 2.4
      vertex -34.2055 28.7971 2.4
    endloop
  endfacet
  facet normal 0 0 1
    outer loop
      vertex -26.7807 7.60794 2.4
      vertex -37.7672 6.13348 2.4
      vertex -26.7231 7.21965 2.4
    endloop
  endfacet
  facet normal -0 0 1
    outer loop
      vertex -35.3139 28.0565 2.4
      vertex -26.6277 22.7611 2.4
      vertex -34.7779 28.454 2.4
    endloop
  endfacet
  facet normal 0 0 1
    outer loop
      vertex -26.4955 6.46928 2.4
      vertex -31.6665 0.0327415 2.4
      vertex -31 -2.86102e-06 2.4
    endloop
  endfacet
  facet normal 0 0 1
    outer loop
      vertex -26.6277 22.7611 2.4
      vertex -35.3139 28.0565 2.4
      vertex -26.7231 22.3804 2.4
    endloop
  endfacet
  facet normal 0 0 1
    outer loop
      vertex -26.6277 6.83888 2.4
      vertex -32.3266 0.130657 2.4
      vertex -31.6665 0.0327415 2.4
    endloop
  endfacet
  facet normal -0 0 1
    outer loop
      vertex -35.8083 27.6083 2.4
      vertex -26.7231 22.3804 2.4
      vertex -35.3139 28.0565 2.4
    endloop
  endfacet
  facet normal 0 0 1
    outer loop
      vertex -26.6277 6.83888 2.4
      vertex -32.9739 0.292812 2.4
      vertex -32.3266 0.130657 2.4
    endloop
  endfacet
  facet normal -0 0 1
    outer loop
      vertex -36.2565 27.1139 2.4
      vertex -26.7231 22.3804 2.4
      vertex -35.8083 27.6083 2.4
    endloop
  endfacet
  facet normal 0 0 1
    outer loop
      vertex -26.6277 6.83888 2.4
      vertex -33.6022 0.51762 2.4
      vertex -32.9739 0.292812 2.4
    endloop
  endfacet
  facet normal -0 0 1
    outer loop
      vertex -36.654 26.5779 2.4
      vertex -26.7231 22.3804 2.4
      vertex -36.2565 27.1139 2.4
    endloop
  endfacet
  facet normal 0 0 1
    outer loop
      vertex -26.6277 6.83888 2.4
      vertex -34.2055 0.802929 2.4
      vertex -33.6022 0.51762 2.4
    endloop
  endfacet
  facet normal -0 0 1
    outer loop
      vertex -36.9971 26.0055 2.4
      vertex -26.7231 22.3804 2.4
      vertex -36.654 26.5779 2.4
    endloop
  endfacet
  facet normal 0 0 1
    outer loop
      vertex -26.6277 6.83888 2.4
      vertex -34.7779 1.14601 2.4
      vertex -34.2055 0.802929 2.4
    endloop
  endfacet
  facet normal -0 0 1
    outer loop
      vertex -37.2824 25.4022 2.4
      vertex -26.7231 22.3804 2.4
      vertex -36.9971 26.0055 2.4
    endloop
  endfacet
  facet normal 0 0 1
    outer loop
      vertex -26.6277 6.83888 2.4
      vertex -35.3139 1.54353 2.4
      vertex -34.7779 1.14601 2.4
    endloop
  endfacet
  facet normal -0 0 1
    outer loop
      vertex -37.5072 24.7739 2.4
      vertex -26.7231 22.3804 2.4
      vertex -37.2824 25.4022 2.4
    endloop
  endfacet
  facet normal 0 0 1
    outer loop
      vertex -26.7231 7.21965 2.4
      vertex -35.8083 1.99168 2.4
      vertex -35.3139 1.54353 2.4
    endloop
  endfacet
  facet normal -0 0 1
    outer loop
      vertex -37.6693 24.1266 2.4
      vertex -26.7231 22.3804 2.4
      vertex -37.5072 24.7739 2.4
    endloop
  endfacet
  facet normal 0 0 1
    outer loop
      vertex -26.7231 7.21965 2.4
      vertex -36.2565 2.48613 2.4
      vertex -35.8083 1.99168 2.4
    endloop
  endfacet
  facet normal 0 0 1
    outer loop
      vertex -26.7231 22.3804 2.4
      vertex -37.6693 24.1266 2.4
      vertex -26.7807 21.9921 2.4
    endloop
  endfacet
  facet normal 0 0 1
    outer loop
      vertex -26.7231 7.21965 2.4
      vertex -36.654 3.02212 2.4
      vertex -36.2565 2.48613 2.4
    endloop
  endfacet
  facet normal -0 0 1
    outer loop
      vertex -37.7672 23.4665 2.4
      vertex -26.7807 21.9921 2.4
      vertex -37.6693 24.1266 2.4
    endloop
  endfacet
  facet normal 0 0 1
    outer loop
      vertex -26.7231 7.21965 2.4
      vertex -36.9971 3.59449 2.4
      vertex -36.654 3.02212 2.4
    endloop
  endfacet
  facet normal -0 0 1
    outer loop
      vertex -37.8 22.8 2.4
      vertex -26.7807 21.9921 2.4
      vertex -37.7672 23.4665 2.4
    endloop
  endfacet
  facet normal 0 0 1
    outer loop
      vertex -26.7231 7.21965 2.4
      vertex -37.2824 4.19775 2.4
      vertex -36.9971 3.59449 2.4
    endloop
  endfacet
  facet normal 0 0 1
    outer loop
      vertex -26.7807 21.9921 2.4
      vertex -37.8 22.8 2.4
      vertex -26.8 21.6 2.4
    endloop
  endfacet
  facet normal 0 0 1
    outer loop
      vertex -26.7231 7.21965 2.4
      vertex -37.5072 4.82606 2.4
      vertex -37.2824 4.19775 2.4
    endloop
  endfacet
  facet normal 0 0 1
    outer loop
      vertex -26.7231 7.21965 2.4
      vertex -37.6693 5.47338 2.4
      vertex -37.5072 4.82606 2.4
    endloop
  endfacet
  facet normal 0 0 1
    outer loop
      vertex -26.7231 7.21965 2.4
      vertex -37.7672 6.13348 2.4
      vertex -37.6693 5.47338 2.4
    endloop
  endfacet
  facet normal 0.595675 -0.803225 0
    outer loop
      vertex -35.3139 28.0565 2.4
      vertex -34.7779 28.454 95
      vertex -35.3139 28.0565 95
    endloop
  endfacet
  facet normal 0.595675 -0.803225 0
    outer loop
      vertex -34.7779 28.454 95
      vertex -35.3139 28.0565 2.4
      vertex -34.7779 28.454 2.4
    endloop
  endfacet
  facet normal -0.857706 0.514141 0
    outer loop
      vertex 36.654 3.02212 2.4
      vertex 36.9971 3.59449 95
      vertex 36.9971 3.59449 2.4
    endloop
  endfacet
  facet normal -0.857706 0.514141 0
    outer loop
      vertex 36.9971 3.59449 95
      vertex 36.654 3.02212 2.4
      vertex 36.654 3.02212 95
    endloop
  endfacet
  facet normal 0.514121 -0.857718 0
    outer loop
      vertex -34.7779 28.454 2.4
      vertex -34.2055 28.7971 95
      vertex -34.7779 28.454 95
    endloop
  endfacet
  facet normal 0.514121 -0.857718 0
    outer loop
      vertex -34.2055 28.7971 95
      vertex -34.7779 28.454 2.4
      vertex -34.2055 28.7971 2.4
    endloop
  endfacet
  facet normal 0.740875 -0.671643 0
    outer loop
      vertex -36.2565 27.1139 95
      vertex -35.8083 27.6083 2.4
      vertex -35.8083 27.6083 95
    endloop
  endfacet
  facet normal 0.740875 -0.671643 0
    outer loop
      vertex -35.8083 27.6083 2.4
      vertex -36.2565 27.1139 95
      vertex -36.2565 27.1139 2.4
    endloop
  endfacet
  facet normal 0.5141 0.85773 -0
    outer loop
      vertex -34.2055 0.802929 2.4
      vertex -34.7779 1.14601 95
      vertex -34.2055 0.802929 95
    endloop
  endfacet
  facet normal 0.5141 0.85773 0
    outer loop
      vertex -34.7779 1.14601 95
      vertex -34.2055 0.802929 2.4
      vertex -34.7779 1.14601 2.4
    endloop
  endfacet
  facet normal 0.595695 0.803211 -0
    outer loop
      vertex -34.7779 1.14601 2.4
      vertex -35.3139 1.54353 95
      vertex -34.7779 1.14601 95
    endloop
  endfacet
  facet normal 0.595695 0.803211 0
    outer loop
      vertex -35.3139 1.54353 95
      vertex -34.7779 1.14601 2.4
      vertex -35.3139 1.54353 2.4
    endloop
  endfacet
  facet normal -0.94155 0.336873 0
    outer loop
      vertex 37.2824 4.19775 2.4
      vertex 37.5072 4.82606 95
      vertex 37.5072 4.82606 2.4
    endloop
  endfacet
  facet normal -0.94155 0.336873 0
    outer loop
      vertex 37.5072 4.82606 95
      vertex 37.2824 4.19775 2.4
      vertex 37.2824 4.19775 95
    endloop
  endfacet
  facet normal 0.671643 -0.740875 0
    outer loop
      vertex -35.8083 27.6083 2.4
      vertex -35.3139 28.0565 95
      vertex -35.8083 27.6083 95
    endloop
  endfacet
  facet normal 0.671643 -0.740875 0
    outer loop
      vertex -35.3139 28.0565 95
      vertex -35.8083 27.6083 2.4
      vertex -35.3139 28.0565 2.4
    endloop
  endfacet
  facet normal 0.94155 0.336873 0
    outer loop
      vertex -37.2824 4.19775 95
      vertex -37.5072 4.82606 2.4
      vertex -37.5072 4.82606 95
    endloop
  endfacet
  facet normal 0.94155 0.336873 0
    outer loop
      vertex -37.5072 4.82606 2.4
      vertex -37.2824 4.19775 95
      vertex -37.2824 4.19775 2.4
    endloop
  endfacet
  facet normal 0.904001 0.42753 0
    outer loop
      vertex -36.9971 3.59449 95
      vertex -37.2824 4.19775 2.4
      vertex -37.2824 4.19775 95
    endloop
  endfacet
  facet normal 0.904001 0.42753 0
    outer loop
      vertex -37.2824 4.19775 2.4
      vertex -36.9971 3.59449 95
      vertex -36.9971 3.59449 2.4
    endloop
  endfacet
  facet normal 0.98918 -0.146706 0
    outer loop
      vertex -37.7672 23.4665 95
      vertex -37.6693 24.1266 2.4
      vertex -37.6693 24.1266 95
    endloop
  endfacet
  facet normal 0.98918 -0.146706 0
    outer loop
      vertex -37.6693 24.1266 2.4
      vertex -37.7672 23.4665 95
      vertex -37.7672 23.4665 2.4
    endloop
  endfacet
  facet normal -0.998791 -0.0491528 0
    outer loop
      vertex 37.8 22.8 2.4
      vertex 37.7672 23.4665 95
      vertex 37.7672 23.4665 2.4
    endloop
  endfacet
  facet normal -0.998791 -0.0491528 0
    outer loop
      vertex 37.7672 23.4665 95
      vertex 37.8 22.8 2.4
      vertex 37.8 22.8 95
    endloop
  endfacet
  facet normal -0.904012 -0.427507 0
    outer loop
      vertex 37.2824 25.4022 2.4
      vertex 36.9971 26.0055 95
      vertex 36.9971 26.0055 2.4
    endloop
  endfacet
  facet normal -0.904012 -0.427507 0
    outer loop
      vertex 36.9971 26.0055 95
      vertex 37.2824 25.4022 2.4
      vertex 37.2824 25.4022 95
    endloop
  endfacet
  facet normal 0.671602 0.740912 -0
    outer loop
      vertex -35.3139 1.54353 2.4
      vertex -35.8083 1.99168 95
      vertex -35.3139 1.54353 95
    endloop
  endfacet
  facet normal 0.671602 0.740912 0
    outer loop
      vertex -35.8083 1.99168 95
      vertex -35.3139 1.54353 2.4
      vertex -35.8083 1.99168 2.4
    endloop
  endfacet
  facet normal -0.514121 -0.857718 0
    outer loop
      vertex 34.2055 28.7971 2.4
      vertex 34.7779 28.454 95
      vertex 34.2055 28.7971 95
    endloop
  endfacet
  facet normal -0.514121 -0.857718 -0
    outer loop
      vertex 34.7779 28.454 95
      vertex 34.2055 28.7971 2.4
      vertex 34.7779 28.454 2.4
    endloop
  endfacet
  facet normal -0.427507 -0.904012 0
    outer loop
      vertex 33.6022 29.0824 2.4
      vertex 34.2055 28.7971 95
      vertex 33.6022 29.0824 95
    endloop
  endfacet
  facet normal -0.427507 -0.904012 -0
    outer loop
      vertex 34.2055 28.7971 95
      vertex 33.6022 29.0824 2.4
      vertex 34.2055 28.7971 2.4
    endloop
  endfacet
  facet normal 0.941549 -0.336877 0
    outer loop
      vertex -37.5072 24.7739 95
      vertex -37.2824 25.4022 2.4
      vertex -37.2824 25.4022 95
    endloop
  endfacet
  facet normal 0.941549 -0.336877 0
    outer loop
      vertex -37.2824 25.4022 2.4
      vertex -37.5072 24.7739 95
      vertex -37.5072 24.7739 2.4
    endloop
  endfacet
  facet normal 0.427518 0.904007 -0
    outer loop
      vertex -33.6022 0.51762 2.4
      vertex -34.2055 0.802929 95
      vertex -33.6022 0.51762 95
    endloop
  endfacet
  facet normal 0.427518 0.904007 0
    outer loop
      vertex -34.2055 0.802929 95
      vertex -33.6022 0.51762 2.4
      vertex -34.2055 0.802929 2.4
    endloop
  endfacet
  facet normal -0.998791 0.0491513 0
    outer loop
      vertex 37.7672 6.13348 2.4
      vertex 37.8 6.8 95
      vertex 37.8 6.8 2.4
    endloop
  endfacet
  facet normal -0.998791 0.0491513 0
    outer loop
      vertex 37.8 6.8 95
      vertex 37.7672 6.13348 2.4
      vertex 37.7672 6.13348 95
    endloop
  endfacet
  facet normal -0.98918 0.146706 0
    outer loop
      vertex 37.6693 5.47338 2.4
      vertex 37.7672 6.13348 95
      vertex 37.7672 6.13348 2.4
    endloop
  endfacet
  facet normal -0.98918 0.146706 0
    outer loop
      vertex 37.7672 6.13348 95
      vertex 37.6693 5.47338 2.4
      vertex 37.6693 5.47338 95
    endloop
  endfacet
  facet normal 0.80322 0.595683 0
    outer loop
      vertex -36.2565 2.48613 95
      vertex -36.654 3.02212 2.4
      vertex -36.654 3.02212 95
    endloop
  endfacet
  facet normal 0.80322 0.595683 0
    outer loop
      vertex -36.654 3.02212 2.4
      vertex -36.2565 2.48613 95
      vertex -36.2565 2.48613 2.4
    endloop
  endfacet
  facet normal -0.740875 -0.671643 0
    outer loop
      vertex 36.2565 27.1139 2.4
      vertex 35.8083 27.6083 95
      vertex 35.8083 27.6083 2.4
    endloop
  endfacet
  facet normal -0.740875 -0.671643 0
    outer loop
      vertex 35.8083 27.6083 95
      vertex 36.2565 27.1139 2.4
      vertex 36.2565 27.1139 95
    endloop
  endfacet
  facet normal -0.595695 0.803211 0
    outer loop
      vertex 35.3139 1.54353 2.4
      vertex 34.7779 1.14601 95
      vertex 35.3139 1.54353 95
    endloop
  endfacet
  facet normal -0.595695 0.803211 0
    outer loop
      vertex 34.7779 1.14601 95
      vertex 35.3139 1.54353 2.4
      vertex 34.7779 1.14601 2.4
    endloop
  endfacet
  facet normal 0.857706 0.514141 0
    outer loop
      vertex -36.654 3.02212 95
      vertex -36.9971 3.59449 2.4
      vertex -36.9971 3.59449 95
    endloop
  endfacet
  facet normal 0.857706 0.514141 0
    outer loop
      vertex -36.9971 3.59449 2.4
      vertex -36.654 3.02212 95
      vertex -36.654 3.02212 2.4
    endloop
  endfacet
  facet normal -0.336888 0.941545 0
    outer loop
      vertex 33.6022 0.51762 2.4
      vertex 32.9739 0.292812 95
      vertex 33.6022 0.51762 95
    endloop
  endfacet
  facet normal -0.336888 0.941545 0
    outer loop
      vertex 32.9739 0.292812 95
      vertex 33.6022 0.51762 2.4
      vertex 32.9739 0.292812 2.4
    endloop
  endfacet
  facet normal 0.970047 0.242916 0
    outer loop
      vertex -37.5072 4.82606 95
      vertex -37.6693 5.47338 2.4
      vertex -37.6693 5.47338 95
    endloop
  endfacet
  facet normal 0.970047 0.242916 0
    outer loop
      vertex -37.6693 5.47338 2.4
      vertex -37.5072 4.82606 95
      vertex -37.5072 4.82606 2.4
    endloop
  endfacet
  facet normal -0.904001 0.42753 0
    outer loop
      vertex 36.9971 3.59449 2.4
      vertex 37.2824 4.19775 95
      vertex 37.2824 4.19775 2.4
    endloop
  endfacet
  facet normal -0.904001 0.42753 0
    outer loop
      vertex 37.2824 4.19775 95
      vertex 36.9971 3.59449 2.4
      vertex 36.9971 3.59449 95
    endloop
  endfacet
  facet normal -0.80322 0.595683 0
    outer loop
      vertex 36.2565 2.48613 2.4
      vertex 36.654 3.02212 95
      vertex 36.654 3.02212 2.4
    endloop
  endfacet
  facet normal -0.80322 0.595683 0
    outer loop
      vertex 36.654 3.02212 95
      vertex 36.2565 2.48613 2.4
      vertex 36.2565 2.48613 95
    endloop
  endfacet
  facet normal -0.427518 0.904007 0
    outer loop
      vertex 34.2055 0.802929 2.4
      vertex 33.6022 0.51762 95
      vertex 34.2055 0.802929 95
    endloop
  endfacet
  facet normal -0.427518 0.904007 0
    outer loop
      vertex 33.6022 0.51762 95
      vertex 34.2055 0.802929 2.4
      vertex 33.6022 0.51762 2.4
    endloop
  endfacet
  facet normal -1 0 0
    outer loop
      vertex 23 -2.4 14
      vertex 23 -2.86102e-06 95
      vertex 23 -2.86102e-06 14
    endloop
  endfacet
  facet normal -1 -0 0
    outer loop
      vertex 23 -2.86102e-06 95
      vertex 23 -2.4 14
      vertex 23 -2.4 95
    endloop
  endfacet
  facet normal -0 0 1
    outer loop
      vertex -23 -2.86102e-06 14
      vertex 23 -2.4 14
      vertex 23 -2.86102e-06 14
    endloop
  endfacet
  facet normal 0 0 1
    outer loop
      vertex 23 -2.4 14
      vertex -23 -2.86102e-06 14
      vertex -23 -2.4 14
    endloop
  endfacet
  facet normal 1 -0 0
    outer loop
      vertex -23 -2.4 95
      vertex -23 -2.86102e-06 14
      vertex -23 -2.86102e-06 95
    endloop
  endfacet
  facet normal 1 0 0
    outer loop
      vertex -23 -2.86102e-06 14
      vertex -23 -2.4 95
      vertex -23 -2.4 14
    endloop
  endfacet
  facet normal -0.049061 0.998796 0
    outer loop
      vertex 23.1921 4.01927 0
      vertex 22.8 4.00001 2.4
      vertex 23.1921 4.01927 2.4
    endloop
  endfacet
  facet normal -0.049061 0.998796 0
    outer loop
      vertex 22.8 4.00001 2.4
      vertex 23.1921 4.01927 0
      vertex 22.8 4.00001 0
    endloop
  endfacet
  facet normal -1 0 0
    outer loop
      vertex 26.8 8.00001 0
      vertex 26.8 21.6 2.4
      vertex 26.8 21.6 0
    endloop
  endfacet
  facet normal -1 -0 0
    outer loop
      vertex 26.8 21.6 2.4
      vertex 26.8 8.00001 0
      vertex 26.8 8.00001 2.4
    endloop
  endfacet
  facet normal 0.989176 -0.146733 0
    outer loop
      vertex -26.7807 21.9921 2.4
      vertex -26.7231 22.3804 0
      vertex -26.7231 22.3804 2.4
    endloop
  endfacet
  facet normal 0.989176 -0.146733 0
    outer loop
      vertex -26.7231 22.3804 0
      vertex -26.7807 21.9921 2.4
      vertex -26.7807 21.9921 0
    endloop
  endfacet
  facet normal 0.146733 0.989176 -0
    outer loop
      vertex -23.1921 4.01927 0
      vertex -23.5804 4.07687 2.4
      vertex -23.1921 4.01927 2.4
    endloop
  endfacet
  facet normal 0.146733 0.989176 0
    outer loop
      vertex -23.5804 4.07687 2.4
      vertex -23.1921 4.01927 0
      vertex -23.5804 4.07687 0
    endloop
  endfacet
  facet normal 1 -0 0
    outer loop
      vertex -26.8 8.00001 2.4
      vertex -26.8 21.6 0
      vertex -26.8 21.6 2.4
    endloop
  endfacet
  facet normal 1 0 0
    outer loop
      vertex -26.8 21.6 0
      vertex -26.8 8.00001 2.4
      vertex -26.8 8.00001 0
    endloop
  endfacet
  facet normal 0 -1 0
    outer loop
      vertex -22.8 25.6 0
      vertex 22.8 25.6 2.4
      vertex -22.8 25.6 2.4
    endloop
  endfacet
  facet normal 0 -1 -0
    outer loop
      vertex 22.8 25.6 2.4
      vertex -22.8 25.6 0
      vertex 22.8 25.6 0
    endloop
  endfacet
  facet normal 0.94158 -0.336788 0
    outer loop
      vertex -26.6277 22.7611 2.4
      vertex -26.4955 23.1307 0
      vertex -26.4955 23.1307 2.4
    endloop
  endfacet
  facet normal 0.94158 -0.336788 0
    outer loop
      vertex -26.4955 23.1307 0
      vertex -26.6277 22.7611 2.4
      vertex -26.6277 22.7611 0
    endloop
  endfacet
  facet normal -0.740908 -0.671607 0
    outer loop
      vertex 25.892 24.1376 0
      vertex 25.6284 24.4284 2.4
      vertex 25.6284 24.4284 0
    endloop
  endfacet
  facet normal -0.740908 -0.671607 0
    outer loop
      vertex 25.6284 24.4284 2.4
      vertex 25.892 24.1376 0
      vertex 25.892 24.1376 2.4
    endloop
  endfacet
  facet normal 0.671607 -0.740908 0
    outer loop
      vertex -25.6284 24.4284 0
      vertex -25.3376 24.692 2.4
      vertex -25.6284 24.4284 2.4
    endloop
  endfacet
  facet normal 0.671607 -0.740908 0
    outer loop
      vertex -25.3376 24.692 2.4
      vertex -25.6284 24.4284 0
      vertex -25.3376 24.692 0
    endloop
  endfacet
  facet normal -0.514084 0.85774 0
    outer loop
      vertex 25.0223 4.67413 0
      vertex 24.6856 4.47233 2.4
      vertex 25.0223 4.67413 2.4
    endloop
  endfacet
  facet normal -0.514084 0.85774 0
    outer loop
      vertex 24.6856 4.47233 2.4
      vertex 25.0223 4.67413 0
      vertex 24.6856 4.47233 0
    endloop
  endfacet
  facet normal -0.904025 0.42748 0
    outer loop
      vertex 26.3277 6.11442 0
      vertex 26.4955 6.46928 2.4
      vertex 26.4955 6.46928 0
    endloop
  endfacet
  facet normal -0.904025 0.42748 0
    outer loop
      vertex 26.4955 6.46928 2.4
      vertex 26.3277 6.11442 0
      vertex 26.3277 6.11442 2.4
    endloop
  endfacet
  facet normal 0 1 -0
    outer loop
      vertex 22.8 4.00001 0
      vertex -22.8 4.00001 2.4
      vertex 22.8 4.00001 2.4
    endloop
  endfacet
  facet normal 0 1 0
    outer loop
      vertex -22.8 4.00001 2.4
      vertex 22.8 4.00001 0
      vertex -22.8 4.00001 0
    endloop
  endfacet
  facet normal 0.0491626 -0.998791 0
    outer loop
      vertex -23.1921 25.5807 0
      vertex -22.8 25.6 2.4
      vertex -23.1921 25.5807 2.4
    endloop
  endfacet
  facet normal 0.0491626 -0.998791 0
    outer loop
      vertex -22.8 25.6 2.4
      vertex -23.1921 25.5807 0
      vertex -22.8 25.6 0
    endloop
  endfacet
  facet normal -0.336901 0.94154 0
    outer loop
      vertex 24.3307 4.3045 0
      vertex 23.9611 4.17225 2.4
      vertex 24.3307 4.3045 2.4
    endloop
  endfacet
  facet normal -0.336901 0.94154 0
    outer loop
      vertex 23.9611 4.17225 2.4
      vertex 24.3307 4.3045 0
      vertex 23.9611 4.17225 0
    endloop
  endfacet
  facet normal 0.857727 0.514106 0
    outer loop
      vertex -26.1259 5.77774 2.4
      vertex -26.3277 6.11442 0
      vertex -26.3277 6.11442 2.4
    endloop
  endfacet
  facet normal 0.857727 0.514106 0
    outer loop
      vertex -26.3277 6.11442 0
      vertex -26.1259 5.77774 2.4
      vertex -26.1259 5.77774 0
    endloop
  endfacet
  facet normal -0.671621 0.740895 0
    outer loop
      vertex 25.6284 5.17158 0
      vertex 25.3376 4.90797 2.4
      vertex 25.6284 5.17158 2.4
    endloop
  endfacet
  facet normal -0.671621 0.740895 0
    outer loop
      vertex 25.3376 4.90797 2.4
      vertex 25.6284 5.17158 0
      vertex 25.3376 4.90797 0
    endloop
  endfacet
  facet normal 0.514084 -0.85774 0
    outer loop
      vertex -25.0223 24.9259 0
      vertex -24.6856 25.1277 2.4
      vertex -25.0223 24.9259 2.4
    endloop
  endfacet
  facet normal 0.514084 -0.85774 0
    outer loop
      vertex -24.6856 25.1277 2.4
      vertex -25.0223 24.9259 0
      vertex -24.6856 25.1277 0
    endloop
  endfacet
  facet normal 0.146733 -0.989176 0
    outer loop
      vertex -23.5804 25.5231 0
      vertex -23.1921 25.5807 2.4
      vertex -23.5804 25.5231 2.4
    endloop
  endfacet
  facet normal 0.146733 -0.989176 0
    outer loop
      vertex -23.1921 25.5807 2.4
      vertex -23.5804 25.5231 0
      vertex -23.1921 25.5807 0
    endloop
  endfacet
  facet normal 0.049061 0.998796 -0
    outer loop
      vertex -22.8 4.00001 0
      vertex -23.1921 4.01927 2.4
      vertex -22.8 4.00001 2.4
    endloop
  endfacet
  facet normal 0.049061 0.998796 0
    outer loop
      vertex -23.1921 4.01927 2.4
      vertex -22.8 4.00001 0
      vertex -23.1921 4.01927 0
    endloop
  endfacet
  facet normal -0.0491626 -0.998791 0
    outer loop
      vertex 22.8 25.6 0
      vertex 23.1921 25.5807 2.4
      vertex 22.8 25.6 2.4
    endloop
  endfacet
  facet normal -0.0491626 -0.998791 -0
    outer loop
      vertex 23.1921 25.5807 2.4
      vertex 22.8 25.6 0
      vertex 23.1921 25.5807 0
    endloop
  endfacet
  facet normal 0.243027 0.970019 -0
    outer loop
      vertex -23.5804 4.07687 0
      vertex -23.9611 4.17225 2.4
      vertex -23.5804 4.07687 2.4
    endloop
  endfacet
  facet normal 0.243027 0.970019 0
    outer loop
      vertex -23.9611 4.17225 2.4
      vertex -23.5804 4.07687 0
      vertex -23.9611 4.17225 0
    endloop
  endfacet
  facet normal -0.595695 0.80321 0
    outer loop
      vertex 25.3376 4.90797 0
      vertex 25.0223 4.67413 2.4
      vertex 25.3376 4.90797 2.4
    endloop
  endfacet
  facet normal -0.595695 0.80321 0
    outer loop
      vertex 25.0223 4.67413 2.4
      vertex 25.3376 4.90797 0
      vertex 25.0223 4.67413 0
    endloop
  endfacet
  facet normal 0.989176 0.146737 0
    outer loop
      vertex -26.7231 7.21965 2.4
      vertex -26.7807 7.60794 0
      vertex -26.7807 7.60794 2.4
    endloop
  endfacet
  facet normal 0.989176 0.146737 0
    outer loop
      vertex -26.7807 7.60794 0
      vertex -26.7231 7.21965 2.4
      vertex -26.7231 7.21965 0
    endloop
  endfacet
  facet normal -0.85774 -0.514084 0
    outer loop
      vertex 26.3277 23.4856 0
      vertex 26.1259 23.8223 2.4
      vertex 26.1259 23.8223 0
    endloop
  endfacet
  facet normal -0.85774 -0.514084 0
    outer loop
      vertex 26.1259 23.8223 2.4
      vertex 26.3277 23.4856 0
      vertex 26.3277 23.4856 2.4
    endloop
  endfacet
  facet normal 0.998791 -0.0491626 0
    outer loop
      vertex -26.8 21.6 2.4
      vertex -26.7807 21.9921 0
      vertex -26.7807 21.9921 2.4
    endloop
  endfacet
  facet normal 0.998791 -0.0491626 0
    outer loop
      vertex -26.7807 21.9921 0
      vertex -26.8 21.6 2.4
      vertex -26.8 21.6 0
    endloop
  endfacet
  facet normal 0.427503 0.904014 -0
    outer loop
      vertex -24.3307 4.3045 0
      vertex -24.6856 4.47233 2.4
      vertex -24.3307 4.3045 2.4
    endloop
  endfacet
  facet normal 0.427503 0.904014 0
    outer loop
      vertex -24.6856 4.47233 2.4
      vertex -24.3307 4.3045 0
      vertex -24.6856 4.47233 0
    endloop
  endfacet
  facet normal -0.243075 -0.970007 0
    outer loop
      vertex 23.5804 25.5231 0
      vertex 23.9611 25.4277 2.4
      vertex 23.5804 25.5231 2.4
    endloop
  endfacet
  facet normal -0.243075 -0.970007 -0
    outer loop
      vertex 23.9611 25.4277 2.4
      vertex 23.5804 25.5231 0
      vertex 23.9611 25.4277 0
    endloop
  endfacet
  facet normal -0.970018 0.243033 0
    outer loop
      vertex 26.6277 6.83888 0
      vertex 26.7231 7.21965 2.4
      vertex 26.7231 7.21965 0
    endloop
  endfacet
  facet normal -0.970018 0.243033 0
    outer loop
      vertex 26.7231 7.21965 2.4
      vertex 26.6277 6.83888 0
      vertex 26.6277 6.83888 2.4
    endloop
  endfacet
  facet normal -0.336788 -0.94158 0
    outer loop
      vertex 23.9611 25.4277 0
      vertex 24.3307 25.2955 2.4
      vertex 23.9611 25.4277 2.4
    endloop
  endfacet
  facet normal -0.336788 -0.94158 -0
    outer loop
      vertex 24.3307 25.2955 2.4
      vertex 23.9611 25.4277 0
      vertex 24.3307 25.2955 0
    endloop
  endfacet
  facet normal 0.595695 0.80321 -0
    outer loop
      vertex -25.0223 4.67413 0
      vertex -25.3376 4.90797 2.4
      vertex -25.0223 4.67413 2.4
    endloop
  endfacet
  facet normal 0.595695 0.80321 0
    outer loop
      vertex -25.3376 4.90797 2.4
      vertex -25.0223 4.67413 0
      vertex -25.3376 4.90797 0
    endloop
  endfacet
  facet normal 0.998791 0.0491664 0
    outer loop
      vertex -26.7807 7.60794 2.4
      vertex -26.8 8.00001 0
      vertex -26.8 8.00001 2.4
    endloop
  endfacet
  facet normal 0.998791 0.0491664 0
    outer loop
      vertex -26.8 8.00001 0
      vertex -26.7807 7.60794 2.4
      vertex -26.7807 7.60794 0
    endloop
  endfacet
  facet normal -0.146733 -0.989176 0
    outer loop
      vertex 23.1921 25.5807 0
      vertex 23.5804 25.5231 2.4
      vertex 23.1921 25.5807 2.4
    endloop
  endfacet
  facet normal -0.146733 -0.989176 -0
    outer loop
      vertex 23.5804 25.5231 2.4
      vertex 23.1921 25.5807 0
      vertex 23.5804 25.5231 0
    endloop
  endfacet
  facet normal -0.427503 0.904014 0
    outer loop
      vertex 24.6856 4.47233 0
      vertex 24.3307 4.3045 2.4
      vertex 24.6856 4.47233 2.4
    endloop
  endfacet
  facet normal -0.427503 0.904014 0
    outer loop
      vertex 24.3307 4.3045 2.4
      vertex 24.6856 4.47233 0
      vertex 24.3307 4.3045 0
    endloop
  endfacet
  facet normal -0.970007 -0.243075 0
    outer loop
      vertex 26.7231 22.3804 0
      vertex 26.6277 22.7611 2.4
      vertex 26.6277 22.7611 0
    endloop
  endfacet
  facet normal -0.970007 -0.243075 0
    outer loop
      vertex 26.6277 22.7611 2.4
      vertex 26.7231 22.3804 0
      vertex 26.7231 22.3804 2.4
    endloop
  endfacet
  facet normal 0.970007 -0.243075 0
    outer loop
      vertex -26.7231 22.3804 2.4
      vertex -26.6277 22.7611 0
      vertex -26.6277 22.7611 2.4
    endloop
  endfacet
  facet normal 0.970007 -0.243075 0
    outer loop
      vertex -26.6277 22.7611 0
      vertex -26.7231 22.3804 2.4
      vertex -26.7231 22.3804 0
    endloop
  endfacet
  facet normal -0.595794 -0.803137 0
    outer loop
      vertex 25.0223 24.9259 0
      vertex 25.3376 24.692 2.4
      vertex 25.0223 24.9259 2.4
    endloop
  endfacet
  facet normal -0.595794 -0.803137 -0
    outer loop
      vertex 25.3376 24.692 2.4
      vertex 25.0223 24.9259 0
      vertex 25.3376 24.692 0
    endloop
  endfacet
  facet normal 0.514084 0.85774 -0
    outer loop
      vertex -24.6856 4.47233 0
      vertex -25.0223 4.67413 2.4
      vertex -24.6856 4.47233 2.4
    endloop
  endfacet
  facet normal 0.514084 0.85774 0
    outer loop
      vertex -25.0223 4.67413 2.4
      vertex -24.6856 4.47233 0
      vertex -25.0223 4.67413 0
    endloop
  endfacet
  facet normal 0.243075 -0.970007 0
    outer loop
      vertex -23.9611 25.4277 0
      vertex -23.5804 25.5231 2.4
      vertex -23.9611 25.4277 2.4
    endloop
  endfacet
  facet normal 0.243075 -0.970007 0
    outer loop
      vertex -23.5804 25.5231 2.4
      vertex -23.9611 25.4277 0
      vertex -23.5804 25.5231 0
    endloop
  endfacet
  facet normal -0.904044 -0.42744 0
    outer loop
      vertex 26.4955 23.1307 0
      vertex 26.3277 23.4856 2.4
      vertex 26.3277 23.4856 0
    endloop
  endfacet
  facet normal -0.904044 -0.42744 0
    outer loop
      vertex 26.3277 23.4856 2.4
      vertex 26.4955 23.1307 0
      vertex 26.4955 23.1307 2.4
    endloop
  endfacet
  facet normal -0.998791 0.0491664 0
    outer loop
      vertex 26.7807 7.60794 0
      vertex 26.8 8.00001 2.4
      vertex 26.8 8.00001 0
    endloop
  endfacet
  facet normal -0.998791 0.0491664 0
    outer loop
      vertex 26.8 8.00001 2.4
      vertex 26.7807 7.60794 0
      vertex 26.7807 7.60794 2.4
    endloop
  endfacet
  facet normal -0.989176 0.146737 0
    outer loop
      vertex 26.7231 7.21965 0
      vertex 26.7807 7.60794 2.4
      vertex 26.7807 7.60794 0
    endloop
  endfacet
  facet normal -0.989176 0.146737 0
    outer loop
      vertex 26.7807 7.60794 2.4
      vertex 26.7231 7.21965 0
      vertex 26.7231 7.21965 2.4
    endloop
  endfacet
  facet normal 0.595794 -0.803137 0
    outer loop
      vertex -25.3376 24.692 0
      vertex -25.0223 24.9259 2.4
      vertex -25.3376 24.692 2.4
    endloop
  endfacet
  facet normal 0.595794 -0.803137 0
    outer loop
      vertex -25.0223 24.9259 2.4
      vertex -25.3376 24.692 0
      vertex -25.0223 24.9259 0
    endloop
  endfacet
  facet normal 0.970018 0.243033 0
    outer loop
      vertex -26.6277 6.83888 2.4
      vertex -26.7231 7.21965 0
      vertex -26.7231 7.21965 2.4
    endloop
  endfacet
  facet normal 0.970018 0.243033 0
    outer loop
      vertex -26.7231 7.21965 0
      vertex -26.6277 6.83888 2.4
      vertex -26.6277 6.83888 0
    endloop
  endfacet
  facet normal 0.904044 -0.42744 0
    outer loop
      vertex -26.4955 23.1307 2.4
      vertex -26.3277 23.4856 0
      vertex -26.3277 23.4856 2.4
    endloop
  endfacet
  facet normal 0.904044 -0.42744 0
    outer loop
      vertex -26.3277 23.4856 0
      vertex -26.4955 23.1307 2.4
      vertex -26.4955 23.1307 0
    endloop
  endfacet
  facet normal 0.336901 0.94154 -0
    outer loop
      vertex -23.9611 4.17225 0
      vertex -24.3307 4.3045 2.4
      vertex -23.9611 4.17225 2.4
    endloop
  endfacet
  facet normal 0.336901 0.94154 0
    outer loop
      vertex -24.3307 4.3045 2.4
      vertex -23.9611 4.17225 0
      vertex -24.3307 4.3045 0
    endloop
  endfacet
  facet normal 0.42744 -0.904044 0
    outer loop
      vertex -24.6856 25.1277 0
      vertex -24.3307 25.2955 2.4
      vertex -24.6856 25.1277 2.4
    endloop
  endfacet
  facet normal 0.42744 -0.904044 0
    outer loop
      vertex -24.3307 25.2955 2.4
      vertex -24.6856 25.1277 0
      vertex -24.3307 25.2955 0
    endloop
  endfacet
  facet normal -0.671607 -0.740908 0
    outer loop
      vertex 25.3376 24.692 0
      vertex 25.6284 24.4284 2.4
      vertex 25.3376 24.692 2.4
    endloop
  endfacet
  facet normal -0.671607 -0.740908 -0
    outer loop
      vertex 25.6284 24.4284 2.4
      vertex 25.3376 24.692 0
      vertex 25.6284 24.4284 0
    endloop
  endfacet
  facet normal 0.803137 -0.595794 0
    outer loop
      vertex -26.1259 23.8223 2.4
      vertex -25.892 24.1376 0
      vertex -25.892 24.1376 2.4
    endloop
  endfacet
  facet normal 0.803137 -0.595794 0
    outer loop
      vertex -25.892 24.1376 0
      vertex -26.1259 23.8223 2.4
      vertex -26.1259 23.8223 0
    endloop
  endfacet
  facet normal -0.998791 -0.0491626 0
    outer loop
      vertex 26.8 21.6 0
      vertex 26.7807 21.9921 2.4
      vertex 26.7807 21.9921 0
    endloop
  endfacet
  facet normal -0.998791 -0.0491626 0
    outer loop
      vertex 26.7807 21.9921 2.4
      vertex 26.8 21.6 0
      vertex 26.8 21.6 2.4
    endloop
  endfacet
  facet normal -0.514084 -0.85774 0
    outer loop
      vertex 24.6856 25.1277 0
      vertex 25.0223 24.9259 2.4
      vertex 24.6856 25.1277 2.4
    endloop
  endfacet
  facet normal -0.514084 -0.85774 -0
    outer loop
      vertex 25.0223 24.9259 2.4
      vertex 24.6856 25.1277 0
      vertex 25.0223 24.9259 0
    endloop
  endfacet
  facet normal 0.336788 -0.94158 0
    outer loop
      vertex -24.3307 25.2955 0
      vertex -23.9611 25.4277 2.4
      vertex -24.3307 25.2955 2.4
    endloop
  endfacet
  facet normal 0.336788 -0.94158 0
    outer loop
      vertex -23.9611 25.4277 2.4
      vertex -24.3307 25.2955 0
      vertex -23.9611 25.4277 0
    endloop
  endfacet
  facet normal 0.85774 -0.514084 0
    outer loop
      vertex -26.3277 23.4856 2.4
      vertex -26.1259 23.8223 0
      vertex -26.1259 23.8223 2.4
    endloop
  endfacet
  facet normal 0.85774 -0.514084 0
    outer loop
      vertex -26.1259 23.8223 0
      vertex -26.3277 23.4856 2.4
      vertex -26.3277 23.4856 0
    endloop
  endfacet
  facet normal 0.740977 0.671531 0
    outer loop
      vertex -25.6284 5.17158 2.4
      vertex -25.892 5.46244 0
      vertex -25.892 5.46244 2.4
    endloop
  endfacet
  facet normal 0.740977 0.671531 0
    outer loop
      vertex -25.892 5.46244 0
      vertex -25.6284 5.17158 2.4
      vertex -25.6284 5.17158 0
    endloop
  endfacet
  facet normal 0.803137 0.595794 0
    outer loop
      vertex -25.892 5.46244 2.4
      vertex -26.1259 5.77774 0
      vertex -26.1259 5.77774 2.4
    endloop
  endfacet
  facet normal 0.803137 0.595794 0
    outer loop
      vertex -26.1259 5.77774 0
      vertex -25.892 5.46244 2.4
      vertex -25.892 5.46244 0
    endloop
  endfacet
  facet normal -0.740977 0.671531 0
    outer loop
      vertex 25.6284 5.17158 0
      vertex 25.892 5.46244 2.4
      vertex 25.892 5.46244 0
    endloop
  endfacet
  facet normal -0.740977 0.671531 0
    outer loop
      vertex 25.892 5.46244 2.4
      vertex 25.6284 5.17158 0
      vertex 25.6284 5.17158 2.4
    endloop
  endfacet
  facet normal -0.146733 0.989176 0
    outer loop
      vertex 23.5804 4.07687 0
      vertex 23.1921 4.01927 2.4
      vertex 23.5804 4.07687 2.4
    endloop
  endfacet
  facet normal -0.146733 0.989176 0
    outer loop
      vertex 23.1921 4.01927 2.4
      vertex 23.5804 4.07687 0
      vertex 23.1921 4.01927 0
    endloop
  endfacet
  facet normal 0.671621 0.740895 -0
    outer loop
      vertex -25.3376 4.90797 0
      vertex -25.6284 5.17158 2.4
      vertex -25.3376 4.90797 2.4
    endloop
  endfacet
  facet normal 0.671621 0.740895 0
    outer loop
      vertex -25.6284 5.17158 2.4
      vertex -25.3376 4.90797 0
      vertex -25.6284 5.17158 0
    endloop
  endfacet
  facet normal -0.803137 -0.595794 0
    outer loop
      vertex 26.1259 23.8223 0
      vertex 25.892 24.1376 2.4
      vertex 25.892 24.1376 0
    endloop
  endfacet
  facet normal -0.803137 -0.595794 0
    outer loop
      vertex 25.892 24.1376 2.4
      vertex 26.1259 23.8223 0
      vertex 26.1259 23.8223 2.4
    endloop
  endfacet
  facet normal 0.94158 0.336788 0
    outer loop
      vertex -26.4955 6.46928 2.4
      vertex -26.6277 6.83888 0
      vertex -26.6277 6.83888 2.4
    endloop
  endfacet
  facet normal 0.94158 0.336788 0
    outer loop
      vertex -26.6277 6.83888 0
      vertex -26.4955 6.46928 2.4
      vertex -26.4955 6.46928 0
    endloop
  endfacet
  facet normal 0.904025 0.42748 0
    outer loop
      vertex -26.3277 6.11442 2.4
      vertex -26.4955 6.46928 0
      vertex -26.4955 6.46928 2.4
    endloop
  endfacet
  facet normal 0.904025 0.42748 0
    outer loop
      vertex -26.4955 6.46928 0
      vertex -26.3277 6.11442 2.4
      vertex -26.3277 6.11442 0
    endloop
  endfacet
  facet normal -0.857727 0.514106 0
    outer loop
      vertex 26.1259 5.77774 0
      vertex 26.3277 6.11442 2.4
      vertex 26.3277 6.11442 0
    endloop
  endfacet
  facet normal -0.857727 0.514106 0
    outer loop
      vertex 26.3277 6.11442 2.4
      vertex 26.1259 5.77774 0
      vertex 26.1259 5.77774 2.4
    endloop
  endfacet
  facet normal 0.740908 -0.671607 0
    outer loop
      vertex -25.892 24.1376 2.4
      vertex -25.6284 24.4284 0
      vertex -25.6284 24.4284 2.4
    endloop
  endfacet
  facet normal 0.740908 -0.671607 0
    outer loop
      vertex -25.6284 24.4284 0
      vertex -25.892 24.1376 2.4
      vertex -25.892 24.1376 0
    endloop
  endfacet
  facet normal -0.243027 0.970019 0
    outer loop
      vertex 23.9611 4.17225 0
      vertex 23.5804 4.07687 2.4
      vertex 23.9611 4.17225 2.4
    endloop
  endfacet
  facet normal -0.243027 0.970019 0
    outer loop
      vertex 23.5804 4.07687 2.4
      vertex 23.9611 4.17225 0
      vertex 23.5804 4.07687 0
    endloop
  endfacet
  facet normal -0.989176 -0.146733 0
    outer loop
      vertex 26.7807 21.9921 0
      vertex 26.7231 22.3804 2.4
      vertex 26.7231 22.3804 0
    endloop
  endfacet
  facet normal -0.989176 -0.146733 0
    outer loop
      vertex 26.7231 22.3804 2.4
      vertex 26.7807 21.9921 0
      vertex 26.7807 21.9921 2.4
    endloop
  endfacet
  facet normal -0.42744 -0.904044 0
    outer loop
      vertex 24.3307 25.2955 0
      vertex 24.6856 25.1277 2.4
      vertex 24.3307 25.2955 2.4
    endloop
  endfacet
  facet normal -0.42744 -0.904044 -0
    outer loop
      vertex 24.6856 25.1277 2.4
      vertex 24.3307 25.2955 0
      vertex 24.6856 25.1277 0
    endloop
  endfacet
  facet normal -0.94158 0.336788 0
    outer loop
      vertex 26.4955 6.46928 0
      vertex 26.6277 6.83888 2.4
      vertex 26.6277 6.83888 0
    endloop
  endfacet
  facet normal -0.94158 0.336788 0
    outer loop
      vertex 26.6277 6.83888 2.4
      vertex 26.4955 6.46928 0
      vertex 26.4955 6.46928 2.4
    endloop
  endfacet
  facet normal -0.803137 0.595794 0
    outer loop
      vertex 25.892 5.46244 0
      vertex 26.1259 5.77774 2.4
      vertex 26.1259 5.77774 0
    endloop
  endfacet
  facet normal -0.803137 0.595794 0
    outer loop
      vertex 26.1259 5.77774 2.4
      vertex 25.892 5.46244 0
      vertex 25.892 5.46244 2.4
    endloop
  endfacet
  facet normal -0.94158 -0.336788 0
    outer loop
      vertex 26.6277 22.7611 0
      vertex 26.4955 23.1307 2.4
      vertex 26.4955 23.1307 0
    endloop
  endfacet
  facet normal -0.94158 -0.336788 0
    outer loop
      vertex 26.4955 23.1307 2.4
      vertex 26.6277 22.7611 0
      vertex 26.6277 22.7611 2.4
    endloop
  endfacet
  facet normal 0.98917 0.146771 0
    outer loop
      vertex 16.0225 52.0781 77.5
      vertex 15.7906 53.641 37.5
      vertex 15.7906 53.641 77.5
    endloop
  endfacet
  facet normal 0.98917 0.146771 0
    outer loop
      vertex 15.7906 53.641 37.5
      vertex 16.0225 52.0781 77.5
      vertex 16.0225 52.0781 37.5
    endloop
  endfacet
  facet normal 0.998796 0.0490506 0
    outer loop
      vertex 16.1 50.5 77.5
      vertex 16.0225 52.0781 37.5
      vertex 16.0225 52.0781 77.5
    endloop
  endfacet
  facet normal 0.998796 0.0490506 0
    outer loop
      vertex 16.0225 52.0781 37.5
      vertex 16.1 50.5 77.5
      vertex 16.1 50.5 37.5
    endloop
  endfacet
  facet normal 0.970031 0.242982 0
    outer loop
      vertex 15.7906 53.641 77.5
      vertex 15.4067 55.1736 37.5
      vertex 15.4067 55.1736 77.5
    endloop
  endfacet
  facet normal 0.970031 0.242982 0
    outer loop
      vertex 15.4067 55.1736 37.5
      vertex 15.7906 53.641 77.5
      vertex 15.7906 53.641 37.5
    endloop
  endfacet
  facet normal 0.671573 0.740938 -0
    outer loop
      vertex 11.3844 61.8844 37.5
      vertex 10.25 62.9126 77.5
      vertex 11.3844 61.8844 77.5
    endloop
  endfacet
  facet normal 0.671573 0.740938 0
    outer loop
      vertex 10.25 62.9126 77.5
      vertex 11.3844 61.8844 37.5
      vertex 10.25 62.9126 37.5
    endloop
  endfacet
  facet normal -0.98917 0.146771 0
    outer loop
      vertex -16.0225 52.0781 37.5
      vertex -15.7906 53.641 77.5
      vertex -15.7906 53.641 37.5
    endloop
  endfacet
  facet normal -0.98917 0.146771 0
    outer loop
      vertex -15.7906 53.641 77.5
      vertex -16.0225 52.0781 37.5
      vertex -16.0225 52.0781 77.5
    endloop
  endfacet
  facet normal -0.941558 0.33685 0
    outer loop
      vertex -15.4067 55.1736 37.5
      vertex -14.8745 56.6612 77.5
      vertex -14.8745 56.6612 37.5
    endloop
  endfacet
  facet normal -0.941558 0.33685 0
    outer loop
      vertex -14.8745 56.6612 77.5
      vertex -15.4067 55.1736 37.5
      vertex -15.4067 55.1736 77.5
    endloop
  endfacet
  facet normal -0.970031 -0.242982 0
    outer loop
      vertex -15.4067 45.8264 37.5
      vertex -15.7906 47.359 77.5
      vertex -15.7906 47.359 37.5
    endloop
  endfacet
  facet normal -0.970031 -0.242982 0
    outer loop
      vertex -15.7906 47.359 77.5
      vertex -15.4067 45.8264 37.5
      vertex -15.4067 45.8264 77.5
    endloop
  endfacet
  facet normal 0 0 -1
    outer loop
      vertex 8.83883 41.6612 37.5
      vertex 14.49 43.5259 37.5
      vertex 14.49 32 37.5
    endloop
  endfacet
  facet normal 0 -0 -1
    outer loop
      vertex 12.5 50.5 37.5
      vertex 14.49 43.5259 37.5
      vertex 12.4398 49.2748 37.5
    endloop
  endfacet
  facet normal 0 0 -1
    outer loop
      vertex 12.4398 51.7252 37.5
      vertex 14.1989 58.0895 37.5
      vertex 12.5 50.5 37.5
    endloop
  endfacet
  facet normal 0 0 -1
    outer loop
      vertex 14.49 43.5259 37.5
      vertex 12.5 50.5 37.5
      vertex 14.1989 58.0895 37.5
    endloop
  endfacet
  facet normal 0 0 -1
    outer loop
      vertex 14.49 43.5259 37.5
      vertex 12.2598 48.0614 37.5
      vertex 12.4398 49.2748 37.5
    endloop
  endfacet
  facet normal 0 0 -1
    outer loop
      vertex 14.49 43.5259 37.5
      vertex 11.9618 46.8714 37.5
      vertex 12.2598 48.0614 37.5
    endloop
  endfacet
  facet normal 0 0 -1
    outer loop
      vertex 14.49 43.5259 37.5
      vertex 11.5485 45.7165 37.5
      vertex 11.9618 46.8714 37.5
    endloop
  endfacet
  facet normal 0 0 -1
    outer loop
      vertex 14.49 43.5259 37.5
      vertex 11.024 44.6075 37.5
      vertex 11.5485 45.7165 37.5
    endloop
  endfacet
  facet normal 0 0 -1
    outer loop
      vertex 14.49 43.5259 37.5
      vertex 10.3934 43.5554 37.5
      vertex 11.024 44.6075 37.5
    endloop
  endfacet
  facet normal -0 0 -1
    outer loop
      vertex 14.49 43.5259 37.5
      vertex 9.66263 42.5701 37.5
      vertex 10.3934 43.5554 37.5
    endloop
  endfacet
  facet normal 0 0 -1
    outer loop
      vertex 14.49 43.5259 37.5
      vertex 8.83883 41.6612 37.5
      vertex 9.66263 42.5701 37.5
    endloop
  endfacet
  facet normal 0 0 -1
    outer loop
      vertex 14.49 32 37.5
      vertex 7.92992 40.8374 37.5
      vertex 8.83883 41.6612 37.5
    endloop
  endfacet
  facet normal 0 0 -1
    outer loop
      vertex 14.49 32 37.5
      vertex 6.94463 40.1066 37.5
      vertex 7.92992 40.8374 37.5
    endloop
  endfacet
  facet normal 0 0 -1
    outer loop
      vertex 14.49 32 37.5
      vertex 5.89246 39.476 37.5
      vertex 6.94463 40.1066 37.5
    endloop
  endfacet
  facet normal 0 0 -1
    outer loop
      vertex 14.49 32 37.5
      vertex 4.78354 38.9515 37.5
      vertex 5.89246 39.476 37.5
    endloop
  endfacet
  facet normal 0 0 -1
    outer loop
      vertex 14.49 32 37.5
      vertex 3.62856 38.5382 37.5
      vertex 4.78354 38.9515 37.5
    endloop
  endfacet
  facet normal 0 0 -1
    outer loop
      vertex 14.49 32 37.5
      vertex 2.43863 38.2402 37.5
      vertex 3.62856 38.5382 37.5
    endloop
  endfacet
  facet normal 0 0 -1
    outer loop
      vertex 14.49 32 37.5
      vertex 1.22521 38.0602 37.5
      vertex 2.43863 38.2402 37.5
    endloop
  endfacet
  facet normal 0 0 -1
    outer loop
      vertex 14.49 32 37.5
      vertex 0 38 37.5
      vertex 1.22521 38.0602 37.5
    endloop
  endfacet
  facet normal 0 0 -1
    outer loop
      vertex -14.49 32 37.5
      vertex 0 38 37.5
      vertex 14.49 32 37.5
    endloop
  endfacet
  facet normal -0 0 -1
    outer loop
      vertex 0 38 37.5
      vertex -14.49 32 37.5
      vertex -1.22521 38.0602 37.5
    endloop
  endfacet
  facet normal -0 0 -1
    outer loop
      vertex -1.22521 38.0602 37.5
      vertex -14.49 32 37.5
      vertex -2.43863 38.2402 37.5
    endloop
  endfacet
  facet normal -0 0 -1
    outer loop
      vertex -2.43863 38.2402 37.5
      vertex -14.49 32 37.5
      vertex -3.62856 38.5382 37.5
    endloop
  endfacet
  facet normal 0 0 -1
    outer loop
      vertex -16.1 50.5 37.5
      vertex -12.5 50.5 37.5
      vertex -12.4398 49.2748 37.5
    endloop
  endfacet
  facet normal 0 0 -1
    outer loop
      vertex -12.5 50.5 37.5
      vertex -14.1989 58.0895 37.5
      vertex -13.3867 59.4447 37.5
    endloop
  endfacet
  facet normal 0 0 -1
    outer loop
      vertex -16.0225 48.9219 37.5
      vertex -12.4398 49.2748 37.5
      vertex -12.2598 48.0614 37.5
    endloop
  endfacet
  facet normal -0 0 -1
    outer loop
      vertex -3.62856 38.5382 37.5
      vertex -14.49 32 37.5
      vertex -4.78354 38.9515 37.5
    endloop
  endfacet
  facet normal 0 0 -1
    outer loop
      vertex -14.49 32 37.5
      vertex -5.89246 39.476 37.5
      vertex -4.78354 38.9515 37.5
    endloop
  endfacet
  facet normal 0 0 -1
    outer loop
      vertex -14.49 32 37.5
      vertex -6.94463 40.1066 37.5
      vertex -5.89246 39.476 37.5
    endloop
  endfacet
  facet normal 0 0 -1
    outer loop
      vertex -14.49 32 37.5
      vertex -7.92992 40.8374 37.5
      vertex -6.94463 40.1066 37.5
    endloop
  endfacet
  facet normal 0 0 -1
    outer loop
      vertex -14.49 32 37.5
      vertex -8.83883 41.6612 37.5
      vertex -7.92992 40.8374 37.5
    endloop
  endfacet
  facet normal 0 0 -1
    outer loop
      vertex -14.49 43.5259 37.5
      vertex -8.83883 41.6612 37.5
      vertex -14.49 32 37.5
    endloop
  endfacet
  facet normal 0 0 -1
    outer loop
      vertex -8.83883 41.6612 37.5
      vertex -14.49 43.5259 37.5
      vertex -9.66263 42.5701 37.5
    endloop
  endfacet
  facet normal 0 0 -1
    outer loop
      vertex -9.66263 42.5701 37.5
      vertex -14.49 43.5259 37.5
      vertex -10.3934 43.5554 37.5
    endloop
  endfacet
  facet normal -0 0 -1
    outer loop
      vertex -10.3934 43.5554 37.5
      vertex -14.49 43.5259 37.5
      vertex -11.024 44.6075 37.5
    endloop
  endfacet
  facet normal -0 0 -1
    outer loop
      vertex -11.024 44.6075 37.5
      vertex -14.49 43.5259 37.5
      vertex -11.5485 45.7165 37.5
    endloop
  endfacet
  facet normal 0 0 -1
    outer loop
      vertex -14.8745 44.3388 37.5
      vertex -11.5485 45.7165 37.5
      vertex -14.49 43.5259 37.5
    endloop
  endfacet
  facet normal -0 0 -1
    outer loop
      vertex -11.5485 45.7165 37.5
      vertex -14.8745 44.3388 37.5
      vertex -11.9618 46.8714 37.5
    endloop
  endfacet
  facet normal 0 0 -1
    outer loop
      vertex -15.4067 45.8264 37.5
      vertex -11.9618 46.8714 37.5
      vertex -14.8745 44.3388 37.5
    endloop
  endfacet
  facet normal -0 0 -1
    outer loop
      vertex -11.9618 46.8714 37.5
      vertex -15.4067 45.8264 37.5
      vertex -12.2598 48.0614 37.5
    endloop
  endfacet
  facet normal 0 0 -1
    outer loop
      vertex -12.5 50.5 37.5
      vertex -14.8745 56.6612 37.5
      vertex -14.1989 58.0895 37.5
    endloop
  endfacet
  facet normal 0 0 -1
    outer loop
      vertex -15.7906 47.359 37.5
      vertex -12.2598 48.0614 37.5
      vertex -15.4067 45.8264 37.5
    endloop
  endfacet
  facet normal 0 0 -1
    outer loop
      vertex -12.5 50.5 37.5
      vertex -15.4067 55.1736 37.5
      vertex -14.8745 56.6612 37.5
    endloop
  endfacet
  facet normal 0 0 -1
    outer loop
      vertex -16.0225 48.9219 37.5
      vertex -12.2598 48.0614 37.5
      vertex -15.7906 47.359 37.5
    endloop
  endfacet
  facet normal 0 0 -1
    outer loop
      vertex -12.5 50.5 37.5
      vertex -15.7906 53.641 37.5
      vertex -15.4067 55.1736 37.5
    endloop
  endfacet
  facet normal -0 0 -1
    outer loop
      vertex -12.4398 49.2748 37.5
      vertex -16.0225 48.9219 37.5
      vertex -16.1 50.5 37.5
    endloop
  endfacet
  facet normal 0 0 -1
    outer loop
      vertex -12.5 50.5 37.5
      vertex -16.0225 52.0781 37.5
      vertex -15.7906 53.641 37.5
    endloop
  endfacet
  facet normal 0 0 -1
    outer loop
      vertex -12.5 50.5 37.5
      vertex -16.1 50.5 37.5
      vertex -16.0225 52.0781 37.5
    endloop
  endfacet
  facet normal 0 0 -1
    outer loop
      vertex 16.0225 48.9219 37.5
      vertex 16.0225 52.0781 37.5
      vertex 16.1 50.5 37.5
    endloop
  endfacet
  facet normal 0 0 -1
    outer loop
      vertex 15.7906 47.359 37.5
      vertex 16.0225 52.0781 37.5
      vertex 16.0225 48.9219 37.5
    endloop
  endfacet
  facet normal 0 0 -1
    outer loop
      vertex 15.7906 47.359 37.5
      vertex 15.7906 53.641 37.5
      vertex 16.0225 52.0781 37.5
    endloop
  endfacet
  facet normal 0 0 -1
    outer loop
      vertex 15.4067 45.8264 37.5
      vertex 15.7906 53.641 37.5
      vertex 15.7906 47.359 37.5
    endloop
  endfacet
  facet normal 0 0 -1
    outer loop
      vertex 15.4067 45.8264 37.5
      vertex 15.4067 55.1736 37.5
      vertex 15.7906 53.641 37.5
    endloop
  endfacet
  facet normal 0 0 -1
    outer loop
      vertex 14.49 43.5259 37.5
      vertex 15.4067 45.8264 37.5
      vertex 14.8745 44.3388 37.5
    endloop
  endfacet
  facet normal -0 0 -1
    outer loop
      vertex 15.4067 45.8264 37.5
      vertex 14.49 43.5259 37.5
      vertex 15.4067 55.1736 37.5
    endloop
  endfacet
  facet normal -0 0 -1
    outer loop
      vertex 15.4067 55.1736 37.5
      vertex 14.49 43.5259 37.5
      vertex 14.8745 56.6612 37.5
    endloop
  endfacet
  facet normal -0 0 -1
    outer loop
      vertex 14.8745 56.6612 37.5
      vertex 14.49 43.5259 37.5
      vertex 14.1989 58.0895 37.5
    endloop
  endfacet
  facet normal 0 0 -1
    outer loop
      vertex 12.2598 52.9386 37.5
      vertex 14.1989 58.0895 37.5
      vertex 12.4398 51.7252 37.5
    endloop
  endfacet
  facet normal 0 0 -1
    outer loop
      vertex 11.9618 54.1286 37.5
      vertex 14.1989 58.0895 37.5
      vertex 12.2598 52.9386 37.5
    endloop
  endfacet
  facet normal 0 0 -1
    outer loop
      vertex 11.5485 55.2835 37.5
      vertex 14.1989 58.0895 37.5
      vertex 11.9618 54.1286 37.5
    endloop
  endfacet
  facet normal 0 0 -1
    outer loop
      vertex 11.024 56.3925 37.5
      vertex 14.1989 58.0895 37.5
      vertex 11.5485 55.2835 37.5
    endloop
  endfacet
  facet normal -0 0 -1
    outer loop
      vertex 14.1989 58.0895 37.5
      vertex 11.024 56.3925 37.5
      vertex 13.3867 59.4447 37.5
    endloop
  endfacet
  facet normal 0 0 -1
    outer loop
      vertex 10.3934 57.4446 37.5
      vertex 13.3867 59.4447 37.5
      vertex 11.024 56.3925 37.5
    endloop
  endfacet
  facet normal 0 0 -1
    outer loop
      vertex 10.25 57.6379 37.5
      vertex 13.3867 59.4447 37.5
      vertex 10.3934 57.4446 37.5
    endloop
  endfacet
  facet normal -0 0 -1
    outer loop
      vertex 13.3867 59.4447 37.5
      vertex 10.25 57.6379 37.5
      vertex 12.4455 60.7137 37.5
    endloop
  endfacet
  facet normal -0 0 -1
    outer loop
      vertex 12.4455 60.7137 37.5
      vertex 10.25 57.6379 37.5
      vertex 11.3844 61.8844 37.5
    endloop
  endfacet
  facet normal -0 0 -1
    outer loop
      vertex 11.3844 61.8844 37.5
      vertex 10.25 57.6379 37.5
      vertex 10.25 62.9126 37.5
    endloop
  endfacet
  facet normal 0 0 -1
    outer loop
      vertex -13.3867 59.4447 37.5
      vertex -10.25 57.6379 37.5
      vertex -10.3934 57.4446 37.5
    endloop
  endfacet
  facet normal 0 0 -1
    outer loop
      vertex -13.3867 59.4447 37.5
      vertex -10.3934 57.4446 37.5
      vertex -11.024 56.3925 37.5
    endloop
  endfacet
  facet normal 0 0 -1
    outer loop
      vertex -10.25 57.6379 37.5
      vertex -11.3844 61.8844 37.5
      vertex -10.25 62.9126 37.5
    endloop
  endfacet
  facet normal 0 0 -1
    outer loop
      vertex -13.3867 59.4447 37.5
      vertex -11.024 56.3925 37.5
      vertex -11.5485 55.2835 37.5
    endloop
  endfacet
  facet normal 0 0 -1
    outer loop
      vertex -13.3867 59.4447 37.5
      vertex -11.5485 55.2835 37.5
      vertex -11.9618 54.1286 37.5
    endloop
  endfacet
  facet normal 0 0 -1
    outer loop
      vertex -13.3867 59.4447 37.5
      vertex -11.9618 54.1286 37.5
      vertex -12.2598 52.9386 37.5
    endloop
  endfacet
  facet normal 0 0 -1
    outer loop
      vertex -13.3867 59.4447 37.5
      vertex -12.2598 52.9386 37.5
      vertex -12.4398 51.7252 37.5
    endloop
  endfacet
  facet normal 0 0 -1
    outer loop
      vertex -10.25 57.6379 37.5
      vertex -12.4455 60.7137 37.5
      vertex -11.3844 61.8844 37.5
    endloop
  endfacet
  facet normal 0 0 -1
    outer loop
      vertex -13.3867 59.4447 37.5
      vertex -12.4398 51.7252 37.5
      vertex -12.5 50.5 37.5
    endloop
  endfacet
  facet normal 0 0 -1
    outer loop
      vertex -10.25 57.6379 37.5
      vertex -13.3867 59.4447 37.5
      vertex -12.4455 60.7137 37.5
    endloop
  endfacet
  facet normal 0.740939 0.671573 0
    outer loop
      vertex 12.4455 60.7137 77.5
      vertex 11.3844 61.8844 37.5
      vertex 11.3844 61.8844 77.5
    endloop
  endfacet
  facet normal 0.740939 0.671573 0
    outer loop
      vertex 11.3844 61.8844 37.5
      vertex 12.4455 60.7137 77.5
      vertex 12.4455 60.7137 37.5
    endloop
  endfacet
  facet normal 0.803194 0.595718 0
    outer loop
      vertex 13.3867 59.4447 77.5
      vertex 12.4455 60.7137 37.5
      vertex 12.4455 60.7137 77.5
    endloop
  endfacet
  facet normal 0.803194 0.595718 0
    outer loop
      vertex 12.4455 60.7137 37.5
      vertex 13.3867 59.4447 77.5
      vertex 13.3867 59.4447 37.5
    endloop
  endfacet
  facet normal 0.970031 -0.242982 0
    outer loop
      vertex 15.4067 45.8264 77.5
      vertex 15.7906 47.359 37.5
      vertex 15.7906 47.359 77.5
    endloop
  endfacet
  facet normal 0.970031 -0.242982 0
    outer loop
      vertex 15.7906 47.359 37.5
      vertex 15.4067 45.8264 77.5
      vertex 15.4067 45.8264 37.5
    endloop
  endfacet
  facet normal -0.98917 -0.146771 0
    outer loop
      vertex -15.7906 47.359 37.5
      vertex -16.0225 48.9219 77.5
      vertex -16.0225 48.9219 37.5
    endloop
  endfacet
  facet normal -0.98917 -0.146771 0
    outer loop
      vertex -16.0225 48.9219 77.5
      vertex -15.7906 47.359 37.5
      vertex -15.7906 47.359 77.5
    endloop
  endfacet
  facet normal -0.903974 0.427588 0
    outer loop
      vertex -14.8745 56.6612 37.5
      vertex -14.1989 58.0895 77.5
      vertex -14.1989 58.0895 37.5
    endloop
  endfacet
  facet normal -0.903974 0.427588 0
    outer loop
      vertex -14.1989 58.0895 77.5
      vertex -14.8745 56.6612 37.5
      vertex -14.8745 56.6612 77.5
    endloop
  endfacet
  facet normal -0.671573 0.740938 0
    outer loop
      vertex -10.25 62.9126 37.5
      vertex -11.3844 61.8844 77.5
      vertex -10.25 62.9126 77.5
    endloop
  endfacet
  facet normal -0.671573 0.740938 0
    outer loop
      vertex -11.3844 61.8844 77.5
      vertex -10.25 62.9126 37.5
      vertex -11.3844 61.8844 37.5
    endloop
  endfacet
  facet normal -0.803194 0.595718 0
    outer loop
      vertex -13.3867 59.4447 37.5
      vertex -12.4455 60.7137 77.5
      vertex -12.4455 60.7137 37.5
    endloop
  endfacet
  facet normal -0.803194 0.595718 0
    outer loop
      vertex -12.4455 60.7137 77.5
      vertex -13.3867 59.4447 37.5
      vertex -13.3867 59.4447 77.5
    endloop
  endfacet
  facet normal 0.941558 -0.33685 0
    outer loop
      vertex 14.8745 44.3388 77.5
      vertex 15.4067 45.8264 37.5
      vertex 15.4067 45.8264 77.5
    endloop
  endfacet
  facet normal 0.941558 -0.33685 0
    outer loop
      vertex 15.4067 45.8264 37.5
      vertex 14.8745 44.3388 77.5
      vertex 14.8745 44.3388 37.5
    endloop
  endfacet
  facet normal 0.941558 0.33685 0
    outer loop
      vertex 15.4067 55.1736 77.5
      vertex 14.8745 56.6612 37.5
      vertex 14.8745 56.6612 77.5
    endloop
  endfacet
  facet normal 0.941558 0.33685 0
    outer loop
      vertex 14.8745 56.6612 37.5
      vertex 15.4067 55.1736 77.5
      vertex 15.4067 55.1736 37.5
    endloop
  endfacet
  facet normal 0.98917 -0.146771 0
    outer loop
      vertex 15.7906 47.359 77.5
      vertex 16.0225 48.9219 37.5
      vertex 16.0225 48.9219 77.5
    endloop
  endfacet
  facet normal 0.98917 -0.146771 0
    outer loop
      vertex 16.0225 48.9219 37.5
      vertex 15.7906 47.359 77.5
      vertex 15.7906 47.359 37.5
    endloop
  endfacet
  facet normal 0.998796 -0.0490506 0
    outer loop
      vertex 16.0225 48.9219 77.5
      vertex 16.1 50.5 37.5
      vertex 16.1 50.5 77.5
    endloop
  endfacet
  facet normal 0.998796 -0.0490506 0
    outer loop
      vertex 16.1 50.5 37.5
      vertex 16.0225 48.9219 77.5
      vertex 16.0225 48.9219 37.5
    endloop
  endfacet
  facet normal -0.970031 0.242982 0
    outer loop
      vertex -15.7906 53.641 37.5
      vertex -15.4067 55.1736 77.5
      vertex -15.4067 55.1736 37.5
    endloop
  endfacet
  facet normal -0.970031 0.242982 0
    outer loop
      vertex -15.4067 55.1736 77.5
      vertex -15.7906 53.641 37.5
      vertex -15.7906 53.641 77.5
    endloop
  endfacet
  facet normal 0.903974 0.427588 0
    outer loop
      vertex 14.8745 56.6612 77.5
      vertex 14.1989 58.0895 37.5
      vertex 14.1989 58.0895 77.5
    endloop
  endfacet
  facet normal 0.903974 0.427588 0
    outer loop
      vertex 14.1989 58.0895 37.5
      vertex 14.8745 56.6612 77.5
      vertex 14.8745 56.6612 37.5
    endloop
  endfacet
  facet normal 0.85775 0.514068 0
    outer loop
      vertex 14.1989 58.0895 77.5
      vertex 13.3867 59.4447 37.5
      vertex 13.3867 59.4447 77.5
    endloop
  endfacet
  facet normal 0.85775 0.514068 0
    outer loop
      vertex 13.3867 59.4447 37.5
      vertex 14.1989 58.0895 77.5
      vertex 14.1989 58.0895 37.5
    endloop
  endfacet
  facet normal -0.903978 -0.42758 0
    outer loop
      vertex -14.49 43.5259 37.5
      vertex -14.8745 44.3388 77.5
      vertex -14.8745 44.3388 37.5
    endloop
  endfacet
  facet normal -0.903978 -0.42758 0
    outer loop
      vertex -14.8745 44.3388 77.5
      vertex -14.49 43.5259 37.5
      vertex -14.49 43.5259 77.5
    endloop
  endfacet
  facet normal -0.941558 -0.33685 0
    outer loop
      vertex -14.8745 44.3388 37.5
      vertex -15.4067 45.8264 77.5
      vertex -15.4067 45.8264 37.5
    endloop
  endfacet
  facet normal -0.941558 -0.33685 0
    outer loop
      vertex -15.4067 45.8264 77.5
      vertex -14.8745 44.3388 37.5
      vertex -14.8745 44.3388 77.5
    endloop
  endfacet
  facet normal -0.740939 0.671573 0
    outer loop
      vertex -12.4455 60.7137 37.5
      vertex -11.3844 61.8844 77.5
      vertex -11.3844 61.8844 37.5
    endloop
  endfacet
  facet normal -0.740939 0.671573 0
    outer loop
      vertex -11.3844 61.8844 77.5
      vertex -12.4455 60.7137 37.5
      vertex -12.4455 60.7137 77.5
    endloop
  endfacet
  facet normal -0.85775 0.514068 0
    outer loop
      vertex -14.1989 58.0895 37.5
      vertex -13.3867 59.4447 77.5
      vertex -13.3867 59.4447 37.5
    endloop
  endfacet
  facet normal -0.85775 0.514068 0
    outer loop
      vertex -13.3867 59.4447 77.5
      vertex -14.1989 58.0895 37.5
      vertex -14.1989 58.0895 77.5
    endloop
  endfacet
  facet normal -0 0 1
    outer loop
      vertex -11.3844 61.8844 77.5
      vertex -10.25 57.6379 77.5
      vertex -10.25 62.9126 77.5
    endloop
  endfacet
  facet normal -0 0 1
    outer loop
      vertex -12.4455 60.7137 77.5
      vertex -10.25 57.6379 77.5
      vertex -11.3844 61.8844 77.5
    endloop
  endfacet
  facet normal -0 0 1
    outer loop
      vertex -13.3867 59.4447 77.5
      vertex -10.25 57.6379 77.5
      vertex -12.4455 60.7137 77.5
    endloop
  endfacet
  facet normal 0 0 1
    outer loop
      vertex -10.25 57.6379 77.5
      vertex -13.3867 59.4447 77.5
      vertex -10.3934 57.4446 77.5
    endloop
  endfacet
  facet normal 0 0 1
    outer loop
      vertex -10.3934 57.4446 77.5
      vertex -13.3867 59.4447 77.5
      vertex -11.024 56.3925 77.5
    endloop
  endfacet
  facet normal -0 0 1
    outer loop
      vertex -14.1989 58.0895 77.5
      vertex -11.024 56.3925 77.5
      vertex -13.3867 59.4447 77.5
    endloop
  endfacet
  facet normal 0 0 1
    outer loop
      vertex -11.024 56.3925 77.5
      vertex -14.1989 58.0895 77.5
      vertex -11.5485 55.2835 77.5
    endloop
  endfacet
  facet normal -0 0 1
    outer loop
      vertex -14.8745 56.6612 77.5
      vertex -11.5485 55.2835 77.5
      vertex -14.1989 58.0895 77.5
    endloop
  endfacet
  facet normal 0 0 1
    outer loop
      vertex -11.5485 55.2835 77.5
      vertex -14.8745 56.6612 77.5
      vertex -11.9618 54.1286 77.5
    endloop
  endfacet
  facet normal -0 0 1
    outer loop
      vertex -15.4067 55.1736 77.5
      vertex -11.9618 54.1286 77.5
      vertex -14.8745 56.6612 77.5
    endloop
  endfacet
  facet normal 0 0 1
    outer loop
      vertex 10.25 57.6379 77.5
      vertex 13.3867 59.4447 77.5
      vertex 12.4455 60.7137 77.5
    endloop
  endfacet
  facet normal 0 0 1
    outer loop
      vertex 13.3867 59.4447 77.5
      vertex 12.4398 51.7252 77.5
      vertex 12.5 50.5 77.5
    endloop
  endfacet
  facet normal 0 0 1
    outer loop
      vertex 13.3867 59.4447 77.5
      vertex 12.2598 52.9386 77.5
      vertex 12.4398 51.7252 77.5
    endloop
  endfacet
  facet normal 0 0 1
    outer loop
      vertex 13.3867 59.4447 77.5
      vertex 11.9618 54.1286 77.5
      vertex 12.2598 52.9386 77.5
    endloop
  endfacet
  facet normal 0 0 1
    outer loop
      vertex 13.3867 59.4447 77.5
      vertex 11.5485 55.2835 77.5
      vertex 11.9618 54.1286 77.5
    endloop
  endfacet
  facet normal 0 0 1
    outer loop
      vertex 10.25 57.6379 77.5
      vertex 12.4455 60.7137 77.5
      vertex 11.3844 61.8844 77.5
    endloop
  endfacet
  facet normal 0 0 1
    outer loop
      vertex 13.3867 59.4447 77.5
      vertex 11.024 56.3925 77.5
      vertex 11.5485 55.2835 77.5
    endloop
  endfacet
  facet normal 0 0 1
    outer loop
      vertex 13.3867 59.4447 77.5
      vertex 10.3934 57.4446 77.5
      vertex 11.024 56.3925 77.5
    endloop
  endfacet
  facet normal 0 0 1
    outer loop
      vertex 10.25 57.6379 77.5
      vertex 11.3844 61.8844 77.5
      vertex 10.25 62.9126 77.5
    endloop
  endfacet
  facet normal 0 0 1
    outer loop
      vertex 13.3867 59.4447 77.5
      vertex 10.25 57.6379 77.5
      vertex 10.3934 57.4446 77.5
    endloop
  endfacet
  facet normal 0 0 1
    outer loop
      vertex 12.5 50.5 77.5
      vertex 16.1 50.5 77.5
      vertex 16.0225 52.0781 77.5
    endloop
  endfacet
  facet normal 0 0 1
    outer loop
      vertex 12.5 50.5 77.5
      vertex 16.0225 52.0781 77.5
      vertex 15.7906 53.641 77.5
    endloop
  endfacet
  facet normal 0 0 1
    outer loop
      vertex 16.1 50.5 77.5
      vertex 12.5 50.5 77.5
      vertex 16.0225 48.9219 77.5
    endloop
  endfacet
  facet normal 0 0 1
    outer loop
      vertex 12.5 50.5 77.5
      vertex 15.7906 53.641 77.5
      vertex 15.4067 55.1736 77.5
    endloop
  endfacet
  facet normal -0 0 1
    outer loop
      vertex 12.4398 49.2748 77.5
      vertex 16.0225 48.9219 77.5
      vertex 12.5 50.5 77.5
    endloop
  endfacet
  facet normal 0 0 1
    outer loop
      vertex 12.5 50.5 77.5
      vertex 15.4067 55.1736 77.5
      vertex 14.8745 56.6612 77.5
    endloop
  endfacet
  facet normal 0 0 1
    outer loop
      vertex 16.0225 48.9219 77.5
      vertex 12.4398 49.2748 77.5
      vertex 15.7906 47.359 77.5
    endloop
  endfacet
  facet normal -0 0 1
    outer loop
      vertex 12.2598 48.0614 77.5
      vertex 15.7906 47.359 77.5
      vertex 12.4398 49.2748 77.5
    endloop
  endfacet
  facet normal 0 0 1
    outer loop
      vertex 12.5 50.5 77.5
      vertex 14.8745 56.6612 77.5
      vertex 14.1989 58.0895 77.5
    endloop
  endfacet
  facet normal 0 0 1
    outer loop
      vertex 15.7906 47.359 77.5
      vertex 12.2598 48.0614 77.5
      vertex 15.4067 45.8264 77.5
    endloop
  endfacet
  facet normal 0 0 1
    outer loop
      vertex 12.5 50.5 77.5
      vertex 14.1989 58.0895 77.5
      vertex 13.3867 59.4447 77.5
    endloop
  endfacet
  facet normal -0 0 1
    outer loop
      vertex 11.9618 46.8714 77.5
      vertex 15.4067 45.8264 77.5
      vertex 12.2598 48.0614 77.5
    endloop
  endfacet
  facet normal 0 0 1
    outer loop
      vertex 15.4067 45.8264 77.5
      vertex 11.9618 46.8714 77.5
      vertex 14.8745 44.3388 77.5
    endloop
  endfacet
  facet normal -0 0 1
    outer loop
      vertex 11.5485 45.7165 77.5
      vertex 14.8745 44.3388 77.5
      vertex 11.9618 46.8714 77.5
    endloop
  endfacet
  facet normal 0 0 1
    outer loop
      vertex 14.8745 44.3388 77.5
      vertex 11.5485 45.7165 77.5
      vertex 14.49 43.5259 77.5
    endloop
  endfacet
  facet normal -0 0 1
    outer loop
      vertex 11.024 44.6075 77.5
      vertex 14.49 43.5259 77.5
      vertex 11.5485 45.7165 77.5
    endloop
  endfacet
  facet normal -0 0 1
    outer loop
      vertex 10.3934 43.5554 77.5
      vertex 14.49 43.5259 77.5
      vertex 11.024 44.6075 77.5
    endloop
  endfacet
  facet normal 0 0 1
    outer loop
      vertex 9.66263 42.5701 77.5
      vertex 14.49 43.5259 77.5
      vertex 10.3934 43.5554 77.5
    endloop
  endfacet
  facet normal 0 0 1
    outer loop
      vertex 8.83883 41.6612 77.5
      vertex 14.49 43.5259 77.5
      vertex 9.66263 42.5701 77.5
    endloop
  endfacet
  facet normal 0 0 1
    outer loop
      vertex 14.49 43.5259 77.5
      vertex 8.83883 41.6612 77.5
      vertex 14.49 32 77.5
    endloop
  endfacet
  facet normal -0 0 1
    outer loop
      vertex 7.92992 40.8374 77.5
      vertex 14.49 32 77.5
      vertex 8.83883 41.6612 77.5
    endloop
  endfacet
  facet normal -0 0 1
    outer loop
      vertex 6.94463 40.1066 77.5
      vertex 14.49 32 77.5
      vertex 7.92992 40.8374 77.5
    endloop
  endfacet
  facet normal -0 0 1
    outer loop
      vertex 5.89246 39.476 77.5
      vertex 14.49 32 77.5
      vertex 6.94463 40.1066 77.5
    endloop
  endfacet
  facet normal -0 0 1
    outer loop
      vertex 4.78354 38.9515 77.5
      vertex 14.49 32 77.5
      vertex 5.89246 39.476 77.5
    endloop
  endfacet
  facet normal -0 0 1
    outer loop
      vertex 3.62856 38.5382 77.5
      vertex 14.49 32 77.5
      vertex 4.78354 38.9515 77.5
    endloop
  endfacet
  facet normal -0 0 1
    outer loop
      vertex 2.43863 38.2402 77.5
      vertex 14.49 32 77.5
      vertex 3.62856 38.5382 77.5
    endloop
  endfacet
  facet normal -0 0 1
    outer loop
      vertex 1.22521 38.0602 77.5
      vertex 14.49 32 77.5
      vertex 2.43863 38.2402 77.5
    endloop
  endfacet
  facet normal -0 0 1
    outer loop
      vertex 0 38 77.5
      vertex 14.49 32 77.5
      vertex 1.22521 38.0602 77.5
    endloop
  endfacet
  facet normal 0 0 1
    outer loop
      vertex -14.49 32 77.5
      vertex 0 38 77.5
      vertex -1.22521 38.0602 77.5
    endloop
  endfacet
  facet normal 0 0 1
    outer loop
      vertex -14.49 32 77.5
      vertex -1.22521 38.0602 77.5
      vertex -2.43863 38.2402 77.5
    endloop
  endfacet
  facet normal 0 0 1
    outer loop
      vertex -14.49 32 77.5
      vertex -2.43863 38.2402 77.5
      vertex -3.62856 38.5382 77.5
    endloop
  endfacet
  facet normal 0 0 1
    outer loop
      vertex -14.49 32 77.5
      vertex -3.62856 38.5382 77.5
      vertex -4.78354 38.9515 77.5
    endloop
  endfacet
  facet normal 0 0 1
    outer loop
      vertex -11.9618 54.1286 77.5
      vertex -15.4067 55.1736 77.5
      vertex -12.2598 52.9386 77.5
    endloop
  endfacet
  facet normal -0 0 1
    outer loop
      vertex -15.7906 53.641 77.5
      vertex -12.2598 52.9386 77.5
      vertex -15.4067 55.1736 77.5
    endloop
  endfacet
  facet normal 0 0 1
    outer loop
      vertex -12.2598 52.9386 77.5
      vertex -15.7906 53.641 77.5
      vertex -12.4398 51.7252 77.5
    endloop
  endfacet
  facet normal -0 0 1
    outer loop
      vertex -16.0225 52.0781 77.5
      vertex -12.4398 51.7252 77.5
      vertex -15.7906 53.641 77.5
    endloop
  endfacet
  facet normal 0 0 1
    outer loop
      vertex -14.8745 44.3388 77.5
      vertex -11.9618 46.8714 77.5
      vertex -12.2598 48.0614 77.5
    endloop
  endfacet
  facet normal 0 0 1
    outer loop
      vertex -14.8745 44.3388 77.5
      vertex -11.5485 45.7165 77.5
      vertex -11.9618 46.8714 77.5
    endloop
  endfacet
  facet normal 0 0 1
    outer loop
      vertex -14.49 43.5259 77.5
      vertex -11.024 44.6075 77.5
      vertex -11.5485 45.7165 77.5
    endloop
  endfacet
  facet normal 0 0 1
    outer loop
      vertex -14.49 43.5259 77.5
      vertex -10.3934 43.5554 77.5
      vertex -11.024 44.6075 77.5
    endloop
  endfacet
  facet normal -0 0 1
    outer loop
      vertex -14.49 43.5259 77.5
      vertex -9.66263 42.5701 77.5
      vertex -10.3934 43.5554 77.5
    endloop
  endfacet
  facet normal 0 0 1
    outer loop
      vertex -14.49 43.5259 77.5
      vertex -8.83883 41.6612 77.5
      vertex -9.66263 42.5701 77.5
    endloop
  endfacet
  facet normal 0 0 1
    outer loop
      vertex -14.49 32 77.5
      vertex -8.83883 41.6612 77.5
      vertex -14.49 43.5259 77.5
    endloop
  endfacet
  facet normal 0 0 1
    outer loop
      vertex -8.83883 41.6612 77.5
      vertex -14.49 32 77.5
      vertex -7.92992 40.8374 77.5
    endloop
  endfacet
  facet normal 0 0 1
    outer loop
      vertex -7.92992 40.8374 77.5
      vertex -14.49 32 77.5
      vertex -6.94463 40.1066 77.5
    endloop
  endfacet
  facet normal 0 0 1
    outer loop
      vertex -6.94463 40.1066 77.5
      vertex -14.49 32 77.5
      vertex -5.89246 39.476 77.5
    endloop
  endfacet
  facet normal 0 0 1
    outer loop
      vertex 0 38 77.5
      vertex -14.49 32 77.5
      vertex 14.49 32 77.5
    endloop
  endfacet
  facet normal 0 0 1
    outer loop
      vertex -5.89246 39.476 77.5
      vertex -14.49 32 77.5
      vertex -4.78354 38.9515 77.5
    endloop
  endfacet
  facet normal 0 0 1
    outer loop
      vertex -12.4398 51.7252 77.5
      vertex -16.0225 52.0781 77.5
      vertex -12.5 50.5 77.5
    endloop
  endfacet
  facet normal 0 0 1
    outer loop
      vertex -16.1 50.5 77.5
      vertex -12.5 50.5 77.5
      vertex -16.0225 52.0781 77.5
    endloop
  endfacet
  facet normal 0 -0 1
    outer loop
      vertex -14.8745 44.3388 77.5
      vertex -12.2598 48.0614 77.5
      vertex -15.4067 45.8264 77.5
    endloop
  endfacet
  facet normal 0 0 1
    outer loop
      vertex -11.5485 45.7165 77.5
      vertex -14.8745 44.3388 77.5
      vertex -14.49 43.5259 77.5
    endloop
  endfacet
  facet normal 0 0 1
    outer loop
      vertex -12.5 50.5 77.5
      vertex -16.1 50.5 77.5
      vertex -12.4398 49.2748 77.5
    endloop
  endfacet
  facet normal 0 0 1
    outer loop
      vertex -12.2598 48.0614 77.5
      vertex -15.7906 47.359 77.5
      vertex -15.4067 45.8264 77.5
    endloop
  endfacet
  facet normal 0 -0 1
    outer loop
      vertex -16.0225 48.9219 77.5
      vertex -12.4398 49.2748 77.5
      vertex -16.1 50.5 77.5
    endloop
  endfacet
  facet normal 0 0 1
    outer loop
      vertex -12.2598 48.0614 77.5
      vertex -16.0225 48.9219 77.5
      vertex -15.7906 47.359 77.5
    endloop
  endfacet
  facet normal 0 0 1
    outer loop
      vertex -12.4398 49.2748 77.5
      vertex -16.0225 48.9219 77.5
      vertex -12.2598 48.0614 77.5
    endloop
  endfacet
  facet normal 0.903978 -0.42758 0
    outer loop
      vertex 14.49 43.5259 77.5
      vertex 14.8745 44.3388 37.5
      vertex 14.8745 44.3388 77.5
    endloop
  endfacet
  facet normal 0.903978 -0.42758 0
    outer loop
      vertex 14.8745 44.3388 37.5
      vertex 14.49 43.5259 77.5
      vertex 14.49 43.5259 37.5
    endloop
  endfacet
  facet normal -0.998796 0.0490506 0
    outer loop
      vertex -16.1 50.5 37.5
      vertex -16.0225 52.0781 77.5
      vertex -16.0225 52.0781 37.5
    endloop
  endfacet
  facet normal -0.998796 0.0490506 0
    outer loop
      vertex -16.0225 52.0781 77.5
      vertex -16.1 50.5 37.5
      vertex -16.1 50.5 77.5
    endloop
  endfacet
  facet normal -0.998796 -0.0490506 0
    outer loop
      vertex -16.0225 48.9219 37.5
      vertex -16.1 50.5 77.5
      vertex -16.1 50.5 37.5
    endloop
  endfacet
  facet normal -0.998796 -0.0490506 0
    outer loop
      vertex -16.1 50.5 77.5
      vertex -16.0225 48.9219 37.5
      vertex -16.0225 48.9219 77.5
    endloop
  endfacet
  facet normal 1 -0 0
    outer loop
      vertex 14.49 32 77.5
      vertex 14.49 43.5259 37.5
      vertex 14.49 43.5259 77.5
    endloop
  endfacet
  facet normal 1 0 0
    outer loop
      vertex 14.49 43.5259 37.5
      vertex 14.49 32 77.5
      vertex 14.49 32 37.5
    endloop
  endfacet
  facet normal -1 0 0
    outer loop
      vertex -14.49 32 37.5
      vertex -14.49 43.5259 77.5
      vertex -14.49 43.5259 37.5
    endloop
  endfacet
  facet normal -1 -0 0
    outer loop
      vertex -14.49 43.5259 77.5
      vertex -14.49 32 37.5
      vertex -14.49 32 77.5
    endloop
  endfacet
  facet normal 0.33692 0.941533 -0
    outer loop
      vertex -3.62856 38.5382 37.5
      vertex -4.78354 38.9515 77.5
      vertex -3.62856 38.5382 77.5
    endloop
  endfacet
  facet normal 0.33692 0.941533 0
    outer loop
      vertex -4.78354 38.9515 77.5
      vertex -3.62856 38.5382 37.5
      vertex -4.78354 38.9515 37.5
    endloop
  endfacet
  facet normal -0.989175 -0.146738 0
    outer loop
      vertex 12.4398 51.7252 37.5
      vertex 12.2598 52.9386 77.5
      vertex 12.2598 52.9386 37.5
    endloop
  endfacet
  facet normal -0.989175 -0.146738 0
    outer loop
      vertex 12.2598 52.9386 77.5
      vertex 12.4398 51.7252 37.5
      vertex 12.4398 51.7252 77.5
    endloop
  endfacet
  facet normal -0.998795 -0.0490756 0
    outer loop
      vertex 12.5 50.5 37.5
      vertex 12.4398 51.7252 77.5
      vertex 12.4398 51.7252 37.5
    endloop
  endfacet
  facet normal -0.998795 -0.0490756 0
    outer loop
      vertex 12.4398 51.7252 77.5
      vertex 12.5 50.5 37.5
      vertex 12.5 50.5 77.5
    endloop
  endfacet
  facet normal -0.970047 -0.242919 0
    outer loop
      vertex 12.2598 52.9386 37.5
      vertex 11.9618 54.1286 77.5
      vertex 11.9618 54.1286 37.5
    endloop
  endfacet
  facet normal -0.970047 -0.242919 0
    outer loop
      vertex 11.9618 54.1286 77.5
      vertex 12.2598 52.9386 37.5
      vertex 12.2598 52.9386 77.5
    endloop
  endfacet
  facet normal 0.989175 -0.146738 0
    outer loop
      vertex -12.4398 51.7252 77.5
      vertex -12.2598 52.9386 37.5
      vertex -12.2598 52.9386 77.5
    endloop
  endfacet
  facet normal 0.989175 -0.146738 0
    outer loop
      vertex -12.2598 52.9386 37.5
      vertex -12.4398 51.7252 77.5
      vertex -12.4398 51.7252 37.5
    endloop
  endfacet
  facet normal 0.242933 0.970043 -0
    outer loop
      vertex -2.43863 38.2402 37.5
      vertex -3.62856 38.5382 77.5
      vertex -2.43863 38.2402 77.5
    endloop
  endfacet
  facet normal 0.242933 0.970043 0
    outer loop
      vertex -3.62856 38.5382 77.5
      vertex -2.43863 38.2402 37.5
      vertex -3.62856 38.5382 37.5
    endloop
  endfacet
  facet normal 0.903995 0.427543 0
    outer loop
      vertex -11.024 44.6075 77.5
      vertex -11.5485 45.7165 37.5
      vertex -11.5485 45.7165 77.5
    endloop
  endfacet
  facet normal 0.903995 0.427543 0
    outer loop
      vertex -11.5485 45.7165 37.5
      vertex -11.024 44.6075 77.5
      vertex -11.024 44.6075 37.5
    endloop
  endfacet
  facet normal 0.85773 0.5141 0
    outer loop
      vertex -10.3934 43.5554 77.5
      vertex -11.024 44.6075 37.5
      vertex -11.024 44.6075 77.5
    endloop
  endfacet
  facet normal 0.85773 0.5141 0
    outer loop
      vertex -11.024 44.6075 37.5
      vertex -10.3934 43.5554 77.5
      vertex -10.3934 43.5554 37.5
    endloop
  endfacet
  facet normal -0.242933 0.970043 0
    outer loop
      vertex 3.62856 38.5382 37.5
      vertex 2.43863 38.2402 77.5
      vertex 3.62856 38.5382 77.5
    endloop
  endfacet
  facet normal -0.242933 0.970043 0
    outer loop
      vertex 2.43863 38.2402 77.5
      vertex 3.62856 38.5382 37.5
      vertex 2.43863 38.2402 37.5
    endloop
  endfacet
  facet normal 0.59573 0.803184 -0
    outer loop
      vertex -6.94463 40.1066 37.5
      vertex -7.92992 40.8374 77.5
      vertex -6.94463 40.1066 77.5
    endloop
  endfacet
  facet normal 0.59573 0.803184 0
    outer loop
      vertex -7.92992 40.8374 77.5
      vertex -6.94463 40.1066 37.5
      vertex -7.92992 40.8374 37.5
    endloop
  endfacet
  facet normal -0.514075 0.857745 0
    outer loop
      vertex 6.94463 40.1066 37.5
      vertex 5.89246 39.476 77.5
      vertex 6.94463 40.1066 77.5
    endloop
  endfacet
  facet normal -0.514075 0.857745 0
    outer loop
      vertex 5.89246 39.476 77.5
      vertex 6.94463 40.1066 37.5
      vertex 5.89246 39.476 37.5
    endloop
  endfacet
  facet normal -0.803199 0.595711 0
    outer loop
      vertex 9.66263 42.5701 37.5
      vertex 10.3934 43.5554 77.5
      vertex 10.3934 43.5554 37.5
    endloop
  endfacet
  facet normal -0.803199 0.595711 0
    outer loop
      vertex 10.3934 43.5554 77.5
      vertex 9.66263 42.5701 37.5
      vertex 9.66263 42.5701 77.5
    endloop
  endfacet
  facet normal 0.80313 -0.595804 0
    outer loop
      vertex -10.3934 57.4446 77.5
      vertex -10.25 57.6379 37.5
      vertex -10.25 57.6379 77.5
    endloop
  endfacet
  facet normal 0.80313 -0.595804 0
    outer loop
      vertex -10.25 57.6379 37.5
      vertex -10.3934 57.4446 77.5
      vertex -10.3934 57.4446 37.5
    endloop
  endfacet
  facet normal -0.989175 0.146738 0
    outer loop
      vertex 12.2598 48.0614 37.5
      vertex 12.4398 49.2748 77.5
      vertex 12.4398 49.2748 37.5
    endloop
  endfacet
  facet normal -0.989175 0.146738 0
    outer loop
      vertex 12.4398 49.2748 77.5
      vertex 12.2598 48.0614 37.5
      vertex 12.2598 48.0614 77.5
    endloop
  endfacet
  facet normal 0.941526 -0.336941 0
    outer loop
      vertex -11.9618 54.1286 77.5
      vertex -11.5485 55.2835 37.5
      vertex -11.5485 55.2835 77.5
    endloop
  endfacet
  facet normal 0.941526 -0.336941 0
    outer loop
      vertex -11.5485 55.2835 37.5
      vertex -11.9618 54.1286 77.5
      vertex -11.9618 54.1286 37.5
    endloop
  endfacet
  facet normal 0.941526 0.336941 0
    outer loop
      vertex -11.5485 45.7165 77.5
      vertex -11.9618 46.8714 37.5
      vertex -11.9618 46.8714 77.5
    endloop
  endfacet
  facet normal 0.941526 0.336941 0
    outer loop
      vertex -11.9618 46.8714 37.5
      vertex -11.5485 45.7165 77.5
      vertex -11.5485 45.7165 37.5
    endloop
  endfacet
  facet normal -0.970047 0.242919 0
    outer loop
      vertex 11.9618 46.8714 37.5
      vertex 12.2598 48.0614 77.5
      vertex 12.2598 48.0614 37.5
    endloop
  endfacet
  facet normal -0.970047 0.242919 0
    outer loop
      vertex 12.2598 48.0614 77.5
      vertex 11.9618 46.8714 37.5
      vertex 11.9618 46.8714 77.5
    endloop
  endfacet
  facet normal -0.33692 0.941533 0
    outer loop
      vertex 4.78354 38.9515 37.5
      vertex 3.62856 38.5382 77.5
      vertex 4.78354 38.9515 77.5
    endloop
  endfacet
  facet normal -0.33692 0.941533 0
    outer loop
      vertex 3.62856 38.5382 77.5
      vertex 4.78354 38.9515 37.5
      vertex 3.62856 38.5382 37.5
    endloop
  endfacet
  facet normal -0.80313 -0.595804 0
    outer loop
      vertex 10.3934 57.4446 37.5
      vertex 10.25 57.6379 77.5
      vertex 10.25 57.6379 37.5
    endloop
  endfacet
  facet normal -0.80313 -0.595804 0
    outer loop
      vertex 10.25 57.6379 77.5
      vertex 10.3934 57.4446 37.5
      vertex 10.3934 57.4446 77.5
    endloop
  endfacet
  facet normal 0.85773 -0.5141 0
    outer loop
      vertex -11.024 56.3925 77.5
      vertex -10.3934 57.4446 37.5
      vertex -10.3934 57.4446 77.5
    endloop
  endfacet
  facet normal 0.85773 -0.5141 0
    outer loop
      vertex -10.3934 57.4446 37.5
      vertex -11.024 56.3925 77.5
      vertex -11.024 56.3925 37.5
    endloop
  endfacet
  facet normal -0.998795 0.0490756 0
    outer loop
      vertex 12.4398 49.2748 37.5
      vertex 12.5 50.5 77.5
      vertex 12.5 50.5 37.5
    endloop
  endfacet
  facet normal -0.998795 0.0490756 0
    outer loop
      vertex 12.5 50.5 77.5
      vertex 12.4398 49.2748 37.5
      vertex 12.4398 49.2748 77.5
    endloop
  endfacet
  facet normal -0.903995 0.427543 0
    outer loop
      vertex 11.024 44.6075 37.5
      vertex 11.5485 45.7165 77.5
      vertex 11.5485 45.7165 37.5
    endloop
  endfacet
  facet normal -0.903995 0.427543 0
    outer loop
      vertex 11.5485 45.7165 77.5
      vertex 11.024 44.6075 37.5
      vertex 11.024 44.6075 77.5
    endloop
  endfacet
  facet normal -0.85773 -0.5141 0
    outer loop
      vertex 11.024 56.3925 37.5
      vertex 10.3934 57.4446 77.5
      vertex 10.3934 57.4446 37.5
    endloop
  endfacet
  facet normal -0.85773 -0.5141 0
    outer loop
      vertex 10.3934 57.4446 77.5
      vertex 11.024 56.3925 37.5
      vertex 11.024 56.3925 77.5
    endloop
  endfacet
  facet normal 0.514075 0.857745 -0
    outer loop
      vertex -5.89246 39.476 37.5
      vertex -6.94463 40.1066 77.5
      vertex -5.89246 39.476 77.5
    endloop
  endfacet
  facet normal 0.514075 0.857745 0
    outer loop
      vertex -6.94463 40.1066 77.5
      vertex -5.89246 39.476 37.5
      vertex -6.94463 40.1066 37.5
    endloop
  endfacet
  facet normal -0.146735 0.989176 0
    outer loop
      vertex 2.43863 38.2402 37.5
      vertex 1.22521 38.0602 77.5
      vertex 2.43863 38.2402 77.5
    endloop
  endfacet
  facet normal -0.146735 0.989176 0
    outer loop
      vertex 1.22521 38.0602 77.5
      vertex 2.43863 38.2402 37.5
      vertex 1.22521 38.0602 37.5
    endloop
  endfacet
  facet normal -0.941526 -0.336941 0
    outer loop
      vertex 11.9618 54.1286 37.5
      vertex 11.5485 55.2835 77.5
      vertex 11.5485 55.2835 37.5
    endloop
  endfacet
  facet normal -0.941526 -0.336941 0
    outer loop
      vertex 11.5485 55.2835 77.5
      vertex 11.9618 54.1286 37.5
      vertex 11.9618 54.1286 77.5
    endloop
  endfacet
  facet normal -0.85773 0.5141 0
    outer loop
      vertex 10.3934 43.5554 37.5
      vertex 11.024 44.6075 77.5
      vertex 11.024 44.6075 37.5
    endloop
  endfacet
  facet normal -0.85773 0.5141 0
    outer loop
      vertex 11.024 44.6075 77.5
      vertex 10.3934 43.5554 37.5
      vertex 10.3934 43.5554 77.5
    endloop
  endfacet
  facet normal 0.998795 0.0490756 0
    outer loop
      vertex -12.4398 49.2748 77.5
      vertex -12.5 50.5 37.5
      vertex -12.5 50.5 77.5
    endloop
  endfacet
  facet normal 0.998795 0.0490756 0
    outer loop
      vertex -12.5 50.5 37.5
      vertex -12.4398 49.2748 77.5
      vertex -12.4398 49.2748 37.5
    endloop
  endfacet
  facet normal -0.941526 0.336941 0
    outer loop
      vertex 11.5485 45.7165 37.5
      vertex 11.9618 46.8714 77.5
      vertex 11.9618 46.8714 37.5
    endloop
  endfacet
  facet normal -0.941526 0.336941 0
    outer loop
      vertex 11.9618 46.8714 77.5
      vertex 11.5485 45.7165 37.5
      vertex 11.5485 45.7165 77.5
    endloop
  endfacet
  facet normal -0.903995 -0.427543 0
    outer loop
      vertex 11.5485 55.2835 37.5
      vertex 11.024 56.3925 77.5
      vertex 11.024 56.3925 37.5
    endloop
  endfacet
  facet normal -0.903995 -0.427543 0
    outer loop
      vertex 11.024 56.3925 77.5
      vertex 11.5485 55.2835 37.5
      vertex 11.5485 55.2835 77.5
    endloop
  endfacet
  facet normal 0.146735 0.989176 -0
    outer loop
      vertex -1.22521 38.0602 37.5
      vertex -2.43863 38.2402 77.5
      vertex -1.22521 38.0602 77.5
    endloop
  endfacet
  facet normal 0.146735 0.989176 0
    outer loop
      vertex -2.43863 38.2402 77.5
      vertex -1.22521 38.0602 37.5
      vertex -2.43863 38.2402 37.5
    endloop
  endfacet
  facet normal -0.671564 0.740946 0
    outer loop
      vertex 8.83883 41.6612 37.5
      vertex 7.92992 40.8374 77.5
      vertex 8.83883 41.6612 77.5
    endloop
  endfacet
  facet normal -0.671564 0.740946 0
    outer loop
      vertex 7.92992 40.8374 77.5
      vertex 8.83883 41.6612 37.5
      vertex 7.92992 40.8374 37.5
    endloop
  endfacet
  facet normal 0.0490752 0.998795 -0
    outer loop
      vertex 0 38 37.5
      vertex -1.22521 38.0602 77.5
      vertex 0 38 77.5
    endloop
  endfacet
  facet normal 0.0490752 0.998795 0
    outer loop
      vertex -1.22521 38.0602 77.5
      vertex 0 38 37.5
      vertex -1.22521 38.0602 37.5
    endloop
  endfacet
  facet normal 0.903995 -0.427543 0
    outer loop
      vertex -11.5485 55.2835 77.5
      vertex -11.024 56.3925 37.5
      vertex -11.024 56.3925 77.5
    endloop
  endfacet
  facet normal 0.903995 -0.427543 0
    outer loop
      vertex -11.024 56.3925 37.5
      vertex -11.5485 55.2835 77.5
      vertex -11.5485 55.2835 37.5
    endloop
  endfacet
  facet normal 0.671564 0.740946 -0
    outer loop
      vertex -7.92992 40.8374 37.5
      vertex -8.83883 41.6612 77.5
      vertex -7.92992 40.8374 77.5
    endloop
  endfacet
  facet normal 0.671564 0.740946 0
    outer loop
      vertex -8.83883 41.6612 77.5
      vertex -7.92992 40.8374 37.5
      vertex -8.83883 41.6612 37.5
    endloop
  endfacet
  facet normal 0.970047 -0.242919 0
    outer loop
      vertex -12.2598 52.9386 77.5
      vertex -11.9618 54.1286 37.5
      vertex -11.9618 54.1286 77.5
    endloop
  endfacet
  facet normal 0.970047 -0.242919 0
    outer loop
      vertex -11.9618 54.1286 37.5
      vertex -12.2598 52.9386 77.5
      vertex -12.2598 52.9386 37.5
    endloop
  endfacet
  facet normal 0.970047 0.242919 0
    outer loop
      vertex -11.9618 46.8714 77.5
      vertex -12.2598 48.0614 37.5
      vertex -12.2598 48.0614 77.5
    endloop
  endfacet
  facet normal 0.970047 0.242919 0
    outer loop
      vertex -12.2598 48.0614 37.5
      vertex -11.9618 46.8714 77.5
      vertex -11.9618 46.8714 37.5
    endloop
  endfacet
  facet normal 0.427568 0.903983 -0
    outer loop
      vertex -4.78354 38.9515 37.5
      vertex -5.89246 39.476 77.5
      vertex -4.78354 38.9515 77.5
    endloop
  endfacet
  facet normal 0.427568 0.903983 0
    outer loop
      vertex -5.89246 39.476 77.5
      vertex -4.78354 38.9515 37.5
      vertex -5.89246 39.476 37.5
    endloop
  endfacet
  facet normal 0.740943 0.671568 0
    outer loop
      vertex -8.83883 41.6612 77.5
      vertex -9.66263 42.5701 37.5
      vertex -9.66263 42.5701 77.5
    endloop
  endfacet
  facet normal 0.740943 0.671568 0
    outer loop
      vertex -9.66263 42.5701 37.5
      vertex -8.83883 41.6612 77.5
      vertex -8.83883 41.6612 37.5
    endloop
  endfacet
  facet normal -0.427568 0.903983 0
    outer loop
      vertex 5.89246 39.476 37.5
      vertex 4.78354 38.9515 77.5
      vertex 5.89246 39.476 77.5
    endloop
  endfacet
  facet normal -0.427568 0.903983 0
    outer loop
      vertex 4.78354 38.9515 77.5
      vertex 5.89246 39.476 37.5
      vertex 4.78354 38.9515 37.5
    endloop
  endfacet
  facet normal -0.0490752 0.998795 0
    outer loop
      vertex 1.22521 38.0602 37.5
      vertex 0 38 77.5
      vertex 1.22521 38.0602 77.5
    endloop
  endfacet
  facet normal -0.0490752 0.998795 0
    outer loop
      vertex 0 38 77.5
      vertex 1.22521 38.0602 37.5
      vertex 0 38 37.5
    endloop
  endfacet
  facet normal 0.989175 0.146738 0
    outer loop
      vertex -12.2598 48.0614 77.5
      vertex -12.4398 49.2748 37.5
      vertex -12.4398 49.2748 77.5
    endloop
  endfacet
  facet normal 0.989175 0.146738 0
    outer loop
      vertex -12.4398 49.2748 37.5
      vertex -12.2598 48.0614 77.5
      vertex -12.2598 48.0614 37.5
    endloop
  endfacet
  facet normal -0.59573 0.803184 0
    outer loop
      vertex 7.92992 40.8374 37.5
      vertex 6.94463 40.1066 77.5
      vertex 7.92992 40.8374 77.5
    endloop
  endfacet
  facet normal -0.59573 0.803184 0
    outer loop
      vertex 6.94463 40.1066 77.5
      vertex 7.92992 40.8374 37.5
      vertex 6.94463 40.1066 37.5
    endloop
  endfacet
  facet normal 0.803199 0.595711 0
    outer loop
      vertex -9.66263 42.5701 77.5
      vertex -10.3934 43.5554 37.5
      vertex -10.3934 43.5554 77.5
    endloop
  endfacet
  facet normal 0.803199 0.595711 0
    outer loop
      vertex -10.3934 43.5554 37.5
      vertex -9.66263 42.5701 77.5
      vertex -9.66263 42.5701 37.5
    endloop
  endfacet
  facet normal 0.998795 -0.0490756 0
    outer loop
      vertex -12.5 50.5 77.5
      vertex -12.4398 51.7252 37.5
      vertex -12.4398 51.7252 77.5
    endloop
  endfacet
  facet normal 0.998795 -0.0490756 0
    outer loop
      vertex -12.4398 51.7252 37.5
      vertex -12.5 50.5 77.5
      vertex -12.5 50.5 37.5
    endloop
  endfacet
  facet normal -0.740943 0.671568 0
    outer loop
      vertex 8.83883 41.6612 37.5
      vertex 9.66263 42.5701 77.5
      vertex 9.66263 42.5701 37.5
    endloop
  endfacet
  facet normal -0.740943 0.671568 0
    outer loop
      vertex 9.66263 42.5701 77.5
      vertex 8.83883 41.6612 37.5
      vertex 8.83883 41.6612 77.5
    endloop
  endfacet
  facet normal -1 0 0
    outer loop
      vertex 10.25 57.6379 37.5
      vertex 10.25 62.9126 77.5
      vertex 10.25 62.9126 37.5
    endloop
  endfacet
  facet normal -1 -0 0
    outer loop
      vertex 10.25 62.9126 77.5
      vertex 10.25 57.6379 37.5
      vertex 10.25 57.6379 77.5
    endloop
  endfacet
  facet normal 1 -0 0
    outer loop
      vertex -10.25 57.6379 77.5
      vertex -10.25 62.9126 37.5
      vertex -10.25 62.9126 77.5
    endloop
  endfacet
  facet normal 1 0 0
    outer loop
      vertex -10.25 62.9126 37.5
      vertex -10.25 57.6379 77.5
      vertex -10.25 57.6379 37.5
    endloop
  endfacet
endsolid OpenSCAD_Model
