solid OpenSCAD_Model
  facet normal -1 0 0
    outer loop
      vertex -23.8 29.6 9
      vertex -23.8 32 35
      vertex -23.8 32 9
    endloop
  endfacet
  facet normal -1 -0 0
    outer loop
      vertex -23.8 32 35
      vertex -23.8 29.6 9
      vertex -23.8 29.6 35
    endloop
  endfacet
  facet normal 0 0 -1
    outer loop
      vertex -27.8 29.6 35
      vertex -23.8 32 35
      vertex -23.8 29.6 35
    endloop
  endfacet
  facet normal -0 0 -1
    outer loop
      vertex -23.8 32 35
      vertex -27.8 29.6 35
      vertex -27.8 32 35
    endloop
  endfacet
  facet normal -0 0 1
    outer loop
      vertex -27.8 32 9
      vertex -23.8 29.6 9
      vertex -23.8 32 9
    endloop
  endfacet
  facet normal 0 0 1
    outer loop
      vertex -23.8 29.6 9
      vertex -27.8 32 9
      vertex -27.8 29.6 9
    endloop
  endfacet
  facet normal 1 -0 0
    outer loop
      vertex -27.8 29.6 35
      vertex -27.8 32 9
      vertex -27.8 32 35
    endloop
  endfacet
  facet normal 1 0 0
    outer loop
      vertex -27.8 32 9
      vertex -27.8 29.6 35
      vertex -27.8 29.6 9
    endloop
  endfacet
  facet normal -1 0 0
    outer loop
      vertex 27.8 29.6 9
      vertex 27.8 32 35
      vertex 27.8 32 9
    endloop
  endfacet
  facet normal -1 -0 0
    outer loop
      vertex 27.8 32 35
      vertex 27.8 29.6 9
      vertex 27.8 29.6 35
    endloop
  endfacet
  facet normal 0 0 -1
    outer loop
      vertex 23.8 29.6 35
      vertex 27.8 32 35
      vertex 27.8 29.6 35
    endloop
  endfacet
  facet normal -0 0 -1
    outer loop
      vertex 27.8 32 35
      vertex 23.8 29.6 35
      vertex 23.8 32 35
    endloop
  endfacet
  facet normal -0 0 1
    outer loop
      vertex 23.8 32 9
      vertex 27.8 29.6 9
      vertex 27.8 32 9
    endloop
  endfacet
  facet normal 0 0 1
    outer loop
      vertex 27.8 29.6 9
      vertex 23.8 32 9
      vertex 23.8 29.6 9
    endloop
  endfacet
  facet normal 1 -0 0
    outer loop
      vertex 23.8 29.6 35
      vertex 23.8 32 9
      vertex 23.8 32 35
    endloop
  endfacet
  facet normal 1 0 0
    outer loop
      vertex 23.8 32 9
      vertex 23.8 29.6 35
      vertex 23.8 29.6 9
    endloop
  endfacet
  facet normal -1 0 0
    outer loop
      vertex -23.8 29.6 60
      vertex -23.8 32 86
      vertex -23.8 32 60
    endloop
  endfacet
  facet normal -1 -0 0
    outer loop
      vertex -23.8 32 86
      vertex -23.8 29.6 60
      vertex -23.8 29.6 86
    endloop
  endfacet
  facet normal 0 0 -1
    outer loop
      vertex -27.8 29.6 86
      vertex -23.8 32 86
      vertex -23.8 29.6 86
    endloop
  endfacet
  facet normal -0 0 -1
    outer loop
      vertex -23.8 32 86
      vertex -27.8 29.6 86
      vertex -27.8 32 86
    endloop
  endfacet
  facet normal -0 0 1
    outer loop
      vertex -27.8 32 60
      vertex -23.8 29.6 60
      vertex -23.8 32 60
    endloop
  endfacet
  facet normal 0 0 1
    outer loop
      vertex -23.8 29.6 60
      vertex -27.8 32 60
      vertex -27.8 29.6 60
    endloop
  endfacet
  facet normal 1 -0 0
    outer loop
      vertex -27.8 29.6 86
      vertex -27.8 32 60
      vertex -27.8 32 86
    endloop
  endfacet
  facet normal 1 0 0
    outer loop
      vertex -27.8 32 60
      vertex -27.8 29.6 86
      vertex -27.8 29.6 60
    endloop
  endfacet
  facet normal -1 0 0
    outer loop
      vertex 27.8 29.6 60
      vertex 27.8 32 86
      vertex 27.8 32 60
    endloop
  endfacet
  facet normal -1 -0 0
    outer loop
      vertex 27.8 32 86
      vertex 27.8 29.6 60
      vertex 27.8 29.6 86
    endloop
  endfacet
  facet normal 0 0 -1
    outer loop
      vertex 23.8 29.6 86
      vertex 27.8 32 86
      vertex 27.8 29.6 86
    endloop
  endfacet
  facet normal -0 0 -1
    outer loop
      vertex 27.8 32 86
      vertex 23.8 29.6 86
      vertex 23.8 32 86
    endloop
  endfacet
  facet normal -0 0 1
    outer loop
      vertex 23.8 32 60
      vertex 27.8 29.6 60
      vertex 27.8 32 60
    endloop
  endfacet
  facet normal 0 0 1
    outer loop
      vertex 27.8 29.6 60
      vertex 23.8 32 60
      vertex 23.8 29.6 60
    endloop
  endfacet
  facet normal 1 -0 0
    outer loop
      vertex 23.8 29.6 86
      vertex 23.8 32 60
      vertex 23.8 32 86
    endloop
  endfacet
  facet normal 1 0 0
    outer loop
      vertex 23.8 32 60
      vertex 23.8 29.6 86
      vertex 23.8 29.6 60
    endloop
  endfacet
  facet normal 0.0490702 -0.998795 0
    outer loop
      vertex 31 -2.4 0
      vertex 31.9017 -2.3557 95
      vertex 31 -2.4 95
    endloop
  endfacet
  facet normal 0.0490702 -0.998795 0
    outer loop
      vertex 31.9017 -2.3557 95
      vertex 31 -2.4 0
      vertex 31.9017 -2.3557 0
    endloop
  endfacet
  facet normal -0.0490702 0.998795 0
    outer loop
      vertex -31 32 0
      vertex -31.9017 31.9557 95
      vertex -31 32 95
    endloop
  endfacet
  facet normal -0.0490702 0.998795 0
    outer loop
      vertex -31.9017 31.9557 95
      vertex -31 32 0
      vertex -31.9017 31.9557 0
    endloop
  endfacet
  facet normal 0.904004 0.427524 0
    outer loop
      vertex 39.4997 26.3207 95
      vertex 39.1137 27.1369 0
      vertex 39.1137 27.1369 95
    endloop
  endfacet
  facet normal 0.904004 0.427524 0
    outer loop
      vertex 39.1137 27.1369 0
      vertex 39.4997 26.3207 95
      vertex 39.4997 26.3207 0
    endloop
  endfacet
  facet normal -0.857708 -0.514137 0
    outer loop
      vertex -38.6495 1.68875 0
      vertex -39.1137 2.46315 95
      vertex -39.1137 2.46315 0
    endloop
  endfacet
  facet normal -0.857708 -0.514137 0
    outer loop
      vertex -39.1137 2.46315 95
      vertex -38.6495 1.68875 0
      vertex -38.6495 1.68875 95
    endloop
  endfacet
  facet normal -0.0490702 -0.998795 0
    outer loop
      vertex -31.9017 -2.3557 0
      vertex -31 -2.4 95
      vertex -31.9017 -2.3557 95
    endloop
  endfacet
  facet normal -0.0490702 -0.998795 -0
    outer loop
      vertex -31 -2.4 95
      vertex -31.9017 -2.3557 0
      vertex -31 -2.4 0
    endloop
  endfacet
  facet normal 0.989171 0.146769 0
    outer loop
      vertex 40.1557 23.7018 95
      vertex 40.0232 24.5948 0
      vertex 40.0232 24.5948 95
    endloop
  endfacet
  facet normal 0.989171 0.146769 0
    outer loop
      vertex 40.0232 24.5948 0
      vertex 40.1557 23.7018 95
      vertex 40.1557 23.7018 0
    endloop
  endfacet
  facet normal 0 1 -0
    outer loop
      vertex 23.8 32 9
      vertex -23.8 32 35
      vertex 23.8 32 35
    endloop
  endfacet
  facet normal 0 1 0
    outer loop
      vertex -23.8 32 35
      vertex 23.8 32 9
      vertex -23.8 32 9
    endloop
  endfacet
  facet normal 0 1 0
    outer loop
      vertex -23.8 32 60
      vertex -9 32 95
      vertex 23.8 32 60
    endloop
  endfacet
  facet normal 0 1 0
    outer loop
      vertex -9 32 95
      vertex -23.8 32 60
      vertex -23.8 32 86
    endloop
  endfacet
  facet normal 0 1 -0
    outer loop
      vertex 23.8 32 86
      vertex 9 32 95
      vertex 31 32 95
    endloop
  endfacet
  facet normal 0 1 -0
    outer loop
      vertex 23.8 32 60
      vertex 9 32 95
      vertex 23.8 32 86
    endloop
  endfacet
  facet normal 0 1 0
    outer loop
      vertex 23.8 32 86
      vertex 31 32 95
      vertex 27.8 32 86
    endloop
  endfacet
  facet normal 0 1 0
    outer loop
      vertex 31 32 95
      vertex 27.8 32 60
      vertex 27.8 32 86
    endloop
  endfacet
  facet normal 0 1 0
    outer loop
      vertex 23.8 32 35
      vertex 23.8 32 60
      vertex 27.8 32 60
    endloop
  endfacet
  facet normal 0 1 0
    outer loop
      vertex 23.8 32 60
      vertex 23.8 32 35
      vertex -23.8 32 60
    endloop
  endfacet
  facet normal 0 1 0
    outer loop
      vertex 23.8 32 35
      vertex 27.8 32 60
      vertex 27.8 32 35
    endloop
  endfacet
  facet normal 0 1 0
    outer loop
      vertex 31 32 95
      vertex 27.8 32 35
      vertex 27.8 32 60
    endloop
  endfacet
  facet normal 0 1 -0
    outer loop
      vertex 31 32 0
      vertex 27.8 32 35
      vertex 31 32 95
    endloop
  endfacet
  facet normal 0 1 0
    outer loop
      vertex 31 32 0
      vertex 23.8 32 9
      vertex 27.8 32 9
    endloop
  endfacet
  facet normal 0 1 0
    outer loop
      vertex 23.8 32 9
      vertex 31 32 0
      vertex -23.8 32 9
    endloop
  endfacet
  facet normal 0 1 0
    outer loop
      vertex -31 32 0
      vertex -23.8 32 9
      vertex 31 32 0
    endloop
  endfacet
  facet normal 0 1 0
    outer loop
      vertex 27.8 32 35
      vertex 31 32 0
      vertex 27.8 32 9
    endloop
  endfacet
  facet normal 0 1 0
    outer loop
      vertex 9 32 95
      vertex 23.8 32 60
      vertex -9 32 95
    endloop
  endfacet
  facet normal 0 1 0
    outer loop
      vertex -9 32 95
      vertex -23.8 32 86
      vertex -31 32 95
    endloop
  endfacet
  facet normal 0 1 -0
    outer loop
      vertex -27.8 32 86
      vertex -31 32 95
      vertex -23.8 32 86
    endloop
  endfacet
  facet normal 0 1 -0
    outer loop
      vertex -27.8 32 60
      vertex -31 32 95
      vertex -27.8 32 86
    endloop
  endfacet
  facet normal 0 1 0
    outer loop
      vertex -23.8 32 35
      vertex -23.8 32 60
      vertex 23.8 32 35
    endloop
  endfacet
  facet normal 0 1 0
    outer loop
      vertex -23.8 32 60
      vertex -23.8 32 35
      vertex -27.8 32 60
    endloop
  endfacet
  facet normal 0 1 0
    outer loop
      vertex -27.8 32 35
      vertex -27.8 32 60
      vertex -23.8 32 35
    endloop
  endfacet
  facet normal 0 1 -0
    outer loop
      vertex -27.8 32 35
      vertex -31 32 95
      vertex -27.8 32 60
    endloop
  endfacet
  facet normal 0 1 0
    outer loop
      vertex -31 32 0
      vertex -27.8 32 35
      vertex -27.8 32 9
    endloop
  endfacet
  facet normal 0 1 0
    outer loop
      vertex -27.8 32 35
      vertex -31 32 0
      vertex -31 32 95
    endloop
  endfacet
  facet normal 0 1 0
    outer loop
      vertex -23.8 32 9
      vertex -31 32 0
      vertex -27.8 32 9
    endloop
  endfacet
  facet normal 0.803222 -0.595679 0
    outer loop
      vertex 38.1117 0.963573 95
      vertex 38.6495 1.68875 0
      vertex 38.6495 1.68875 95
    endloop
  endfacet
  facet normal 0.803222 -0.595679 0
    outer loop
      vertex 38.6495 1.68875 0
      vertex 38.1117 0.963573 95
      vertex 38.1117 0.963573 0
    endloop
  endfacet
  facet normal -0.989171 0.146769 0
    outer loop
      vertex -40.1557 23.7018 0
      vertex -40.0232 24.5948 95
      vertex -40.0232 24.5948 0
    endloop
  endfacet
  facet normal -0.989171 0.146769 0
    outer loop
      vertex -40.0232 24.5948 95
      vertex -40.1557 23.7018 0
      vertex -40.1557 23.7018 95
    endloop
  endfacet
  facet normal -0.146732 -0.989176 0
    outer loop
      vertex -32.7948 -2.22322 0
      vertex -31.9017 -2.3557 95
      vertex -32.7948 -2.22322 95
    endloop
  endfacet
  facet normal -0.146732 -0.989176 -0
    outer loop
      vertex -31.9017 -2.3557 95
      vertex -32.7948 -2.22322 0
      vertex -31.9017 -2.3557 0
    endloop
  endfacet
  facet normal 0 -1 0
    outer loop
      vertex -31 -2.4 95
      vertex -23 -2.4 14
      vertex -23 -2.4 95
    endloop
  endfacet
  facet normal 0 -1 -0
    outer loop
      vertex -23 -2.4 14
      vertex -31 -2.4 0
      vertex 23 -2.4 14
    endloop
  endfacet
  facet normal 0 -1 0
    outer loop
      vertex -31 -2.4 0
      vertex -23 -2.4 14
      vertex -31 -2.4 95
    endloop
  endfacet
  facet normal 0 -1 0
    outer loop
      vertex 23 -2.4 14
      vertex 31 -2.4 95
      vertex 23 -2.4 95
    endloop
  endfacet
  facet normal 0 -1 0
    outer loop
      vertex 23 -2.4 14
      vertex 31 -2.4 0
      vertex 31 -2.4 95
    endloop
  endfacet
  facet normal 0 -1 0
    outer loop
      vertex 31 -2.4 0
      vertex 23 -2.4 14
      vertex -31 -2.4 0
    endloop
  endfacet
  facet normal -0.242973 -0.970033 0
    outer loop
      vertex -33.6706 -2.00385 0
      vertex -32.7948 -2.22322 95
      vertex -33.6706 -2.00385 95
    endloop
  endfacet
  facet normal -0.242973 -0.970033 -0
    outer loop
      vertex -32.7948 -2.22322 95
      vertex -33.6706 -2.00385 0
      vertex -32.7948 -2.22322 0
    endloop
  endfacet
  facet normal 0.671531 0.740977 -0
    outer loop
      vertex 37.5054 29.3054 0
      vertex 36.8364 29.9117 95
      vertex 37.5054 29.3054 95
    endloop
  endfacet
  facet normal 0.671531 0.740977 0
    outer loop
      vertex 36.8364 29.9117 95
      vertex 37.5054 29.3054 0
      vertex 36.8364 29.9117 0
    endloop
  endfacet
  facet normal -0.740977 0.671531 0
    outer loop
      vertex -38.1117 28.6364 0
      vertex -37.5054 29.3054 95
      vertex -37.5054 29.3054 0
    endloop
  endfacet
  facet normal -0.740977 0.671531 0
    outer loop
      vertex -37.5054 29.3054 95
      vertex -38.1117 28.6364 0
      vertex -38.1117 28.6364 95
    endloop
  endfacet
  facet normal -0.970025 0.243005 0
    outer loop
      vertex -40.0232 24.5948 0
      vertex -39.8038 25.4706 95
      vertex -39.8038 25.4706 0
    endloop
  endfacet
  facet normal -0.970025 0.243005 0
    outer loop
      vertex -39.8038 25.4706 95
      vertex -40.0232 24.5948 0
      vertex -40.0232 24.5948 95
    endloop
  endfacet
  facet normal -0.998795 -0.049067 0
    outer loop
      vertex -40.1557 5.89824 0
      vertex -40.2 6.8 95
      vertex -40.2 6.8 0
    endloop
  endfacet
  facet normal -0.998795 -0.049067 0
    outer loop
      vertex -40.2 6.8 95
      vertex -40.1557 5.89824 0
      vertex -40.1557 5.89824 95
    endloop
  endfacet
  facet normal -0.740957 -0.671553 0
    outer loop
      vertex -37.5054 0.294613 0
      vertex -38.1117 0.963573 95
      vertex -38.1117 0.963573 0
    endloop
  endfacet
  facet normal -0.740957 -0.671553 0
    outer loop
      vertex -38.1117 0.963573 95
      vertex -37.5054 0.294613 0
      vertex -37.5054 0.294613 95
    endloop
  endfacet
  facet normal -0.941569 0.33682 0
    outer loop
      vertex -39.8038 25.4706 0
      vertex -39.4997 26.3207 95
      vertex -39.4997 26.3207 0
    endloop
  endfacet
  facet normal -0.941569 0.33682 0
    outer loop
      vertex -39.4997 26.3207 95
      vertex -39.8038 25.4706 0
      vertex -39.8038 25.4706 95
    endloop
  endfacet
  facet normal -0.146753 0.989173 0
    outer loop
      vertex -31.9017 31.9557 0
      vertex -32.7948 31.8232 95
      vertex -31.9017 31.9557 95
    endloop
  endfacet
  facet normal -0.146753 0.989173 0
    outer loop
      vertex -32.7948 31.8232 95
      vertex -31.9017 31.9557 0
      vertex -32.7948 31.8232 0
    endloop
  endfacet
  facet normal -0.989172 -0.146758 0
    outer loop
      vertex -40.0232 5.00517 0
      vertex -40.1557 5.89824 95
      vertex -40.1557 5.89824 0
    endloop
  endfacet
  facet normal -0.989172 -0.146758 0
    outer loop
      vertex -40.1557 5.89824 95
      vertex -40.0232 5.00517 0
      vertex -40.0232 5.00517 95
    endloop
  endfacet
  facet normal -0.803192 0.59572 0
    outer loop
      vertex -38.6495 27.9113 0
      vertex -38.1117 28.6364 95
      vertex -38.1117 28.6364 0
    endloop
  endfacet
  facet normal -0.803192 0.59572 0
    outer loop
      vertex -38.1117 28.6364 95
      vertex -38.6495 27.9113 0
      vertex -38.6495 27.9113 95
    endloop
  endfacet
  facet normal 0.0490702 0.998795 -0
    outer loop
      vertex 31.9017 31.9557 0
      vertex 31 32 95
      vertex 31.9017 31.9557 95
    endloop
  endfacet
  facet normal 0.0490702 0.998795 0
    outer loop
      vertex 31 32 95
      vertex 31.9017 31.9557 0
      vertex 31 32 0
    endloop
  endfacet
  facet normal -0.941565 -0.336831 0
    outer loop
      vertex -39.4997 3.27931 0
      vertex -39.8038 4.12938 95
      vertex -39.8038 4.12938 0
    endloop
  endfacet
  facet normal -0.941565 -0.336831 0
    outer loop
      vertex -39.8038 4.12938 95
      vertex -39.4997 3.27931 0
      vertex -39.4997 3.27931 95
    endloop
  endfacet
  facet normal 0.740977 0.671531 0
    outer loop
      vertex 38.1117 28.6364 95
      vertex 37.5054 29.3054 0
      vertex 37.5054 29.3054 95
    endloop
  endfacet
  facet normal 0.740977 0.671531 0
    outer loop
      vertex 37.5054 29.3054 0
      vertex 38.1117 28.6364 95
      vertex 38.1117 28.6364 0
    endloop
  endfacet
  facet normal -0.970024 -0.243007 0
    outer loop
      vertex -39.8038 4.12938 0
      vertex -40.0232 5.00517 95
      vertex -40.0232 5.00517 0
    endloop
  endfacet
  facet normal -0.970024 -0.243007 0
    outer loop
      vertex -40.0232 5.00517 95
      vertex -39.8038 4.12938 0
      vertex -39.8038 4.12938 95
    endloop
  endfacet
  facet normal -0.427576 -0.903979 0
    outer loop
      vertex -35.3368 -1.31368 0
      vertex -34.5207 -1.69969 95
      vertex -35.3368 -1.31368 95
    endloop
  endfacet
  facet normal -0.427576 -0.903979 -0
    outer loop
      vertex -34.5207 -1.69969 95
      vertex -35.3368 -1.31368 0
      vertex -34.5207 -1.69969 0
    endloop
  endfacet
  facet normal 0.33682 0.941569 -0
    outer loop
      vertex 34.5207 31.2997 0
      vertex 33.6706 31.6038 95
      vertex 34.5207 31.2997 95
    endloop
  endfacet
  facet normal 0.33682 0.941569 0
    outer loop
      vertex 33.6706 31.6038 95
      vertex 34.5207 31.2997 0
      vertex 33.6706 31.6038 0
    endloop
  endfacet
  facet normal -0.998796 0.0490648 0
    outer loop
      vertex -40.2 22.8 0
      vertex -40.1557 23.7018 95
      vertex -40.1557 23.7018 0
    endloop
  endfacet
  facet normal -0.998796 0.0490648 0
    outer loop
      vertex -40.1557 23.7018 95
      vertex -40.2 22.8 0
      vertex -40.2 22.8 95
    endloop
  endfacet
  facet normal 0.803192 0.59572 0
    outer loop
      vertex 38.6495 27.9113 95
      vertex 38.1117 28.6364 0
      vertex 38.1117 28.6364 95
    endloop
  endfacet
  facet normal 0.803192 0.59572 0
    outer loop
      vertex 38.1117 28.6364 0
      vertex 38.6495 27.9113 95
      vertex 38.6495 27.9113 0
    endloop
  endfacet
  facet normal 0.146753 0.989173 -0
    outer loop
      vertex 32.7948 31.8232 0
      vertex 31.9017 31.9557 95
      vertex 32.7948 31.8232 95
    endloop
  endfacet
  facet normal 0.146753 0.989173 0
    outer loop
      vertex 31.9017 31.9557 95
      vertex 32.7948 31.8232 0
      vertex 31.9017 31.9557 0
    endloop
  endfacet
  facet normal 0.740957 -0.671553 0
    outer loop
      vertex 37.5054 0.294613 95
      vertex 38.1117 0.963573 0
      vertex 38.1117 0.963573 95
    endloop
  endfacet
  facet normal 0.740957 -0.671553 0
    outer loop
      vertex 38.1117 0.963573 0
      vertex 37.5054 0.294613 95
      vertex 37.5054 0.294613 0
    endloop
  endfacet
  facet normal 0.427567 0.903984 -0
    outer loop
      vertex 35.3368 30.9137 0
      vertex 34.5207 31.2997 95
      vertex 35.3368 30.9137 95
    endloop
  endfacet
  facet normal 0.427567 0.903984 0
    outer loop
      vertex 34.5207 31.2997 95
      vertex 35.3368 30.9137 0
      vertex 34.5207 31.2997 0
    endloop
  endfacet
  facet normal 0.903996 -0.427542 0
    outer loop
      vertex 39.1137 2.46315 95
      vertex 39.4997 3.27931 0
      vertex 39.4997 3.27931 95
    endloop
  endfacet
  facet normal 0.903996 -0.427542 0
    outer loop
      vertex 39.4997 3.27931 0
      vertex 39.1137 2.46315 95
      vertex 39.1137 2.46315 0
    endloop
  endfacet
  facet normal 0.970025 0.243005 0
    outer loop
      vertex 40.0232 24.5948 95
      vertex 39.8038 25.4706 0
      vertex 39.8038 25.4706 95
    endloop
  endfacet
  facet normal 0.970025 0.243005 0
    outer loop
      vertex 39.8038 25.4706 0
      vertex 40.0232 24.5948 95
      vertex 40.0232 24.5948 0
    endloop
  endfacet
  facet normal -1 0 0
    outer loop
      vertex -40.2 6.8 0
      vertex -40.2 22.8 95
      vertex -40.2 22.8 0
    endloop
  endfacet
  facet normal -1 -0 0
    outer loop
      vertex -40.2 22.8 95
      vertex -40.2 6.8 0
      vertex -40.2 6.8 95
    endloop
  endfacet
  facet normal 0.243005 0.970025 -0
    outer loop
      vertex 33.6706 31.6038 0
      vertex 32.7948 31.8232 95
      vertex 33.6706 31.6038 95
    endloop
  endfacet
  facet normal 0.243005 0.970025 0
    outer loop
      vertex 32.7948 31.8232 95
      vertex 33.6706 31.6038 0
      vertex 32.7948 31.8232 0
    endloop
  endfacet
  facet normal 0.514137 0.857708 -0
    outer loop
      vertex 36.1112 30.4495 0
      vertex 35.3368 30.9137 95
      vertex 36.1112 30.4495 95
    endloop
  endfacet
  facet normal 0.514137 0.857708 0
    outer loop
      vertex 35.3368 30.9137 95
      vertex 36.1112 30.4495 0
      vertex 35.3368 30.9137 0
    endloop
  endfacet
  facet normal -0.903996 -0.427542 0
    outer loop
      vertex -39.1137 2.46315 0
      vertex -39.4997 3.27931 95
      vertex -39.4997 3.27931 0
    endloop
  endfacet
  facet normal -0.903996 -0.427542 0
    outer loop
      vertex -39.4997 3.27931 95
      vertex -39.1137 2.46315 0
      vertex -39.1137 2.46315 95
    endloop
  endfacet
  facet normal -0.803222 -0.595679 0
    outer loop
      vertex -38.1117 0.963573 0
      vertex -38.6495 1.68875 95
      vertex -38.6495 1.68875 0
    endloop
  endfacet
  facet normal -0.803222 -0.595679 0
    outer loop
      vertex -38.6495 1.68875 95
      vertex -38.1117 0.963573 0
      vertex -38.1117 0.963573 95
    endloop
  endfacet
  facet normal 0.595686 -0.803217 0
    outer loop
      vertex 36.1112 -0.849521 0
      vertex 36.8364 -0.311694 95
      vertex 36.1112 -0.849521 95
    endloop
  endfacet
  facet normal 0.595686 -0.803217 0
    outer loop
      vertex 36.8364 -0.311694 95
      vertex 36.1112 -0.849521 0
      vertex 36.8364 -0.311694 0
    endloop
  endfacet
  facet normal -0.243005 0.970025 0
    outer loop
      vertex -32.7948 31.8232 0
      vertex -33.6706 31.6038 95
      vertex -32.7948 31.8232 95
    endloop
  endfacet
  facet normal -0.243005 0.970025 0
    outer loop
      vertex -33.6706 31.6038 95
      vertex -32.7948 31.8232 0
      vertex -33.6706 31.6038 0
    endloop
  endfacet
  facet normal -0.671535 -0.740973 0
    outer loop
      vertex -37.5054 0.294613 0
      vertex -36.8364 -0.311694 95
      vertex -37.5054 0.294613 95
    endloop
  endfacet
  facet normal -0.671535 -0.740973 -0
    outer loop
      vertex -36.8364 -0.311694 95
      vertex -37.5054 0.294613 0
      vertex -36.8364 -0.311694 0
    endloop
  endfacet
  facet normal -0.336879 -0.941548 0
    outer loop
      vertex -34.5207 -1.69969 0
      vertex -33.6706 -2.00385 95
      vertex -34.5207 -1.69969 95
    endloop
  endfacet
  facet normal -0.336879 -0.941548 -0
    outer loop
      vertex -33.6706 -2.00385 95
      vertex -34.5207 -1.69969 0
      vertex -33.6706 -2.00385 0
    endloop
  endfacet
  facet normal 0.146732 -0.989176 0
    outer loop
      vertex 31.9017 -2.3557 0
      vertex 32.7948 -2.22322 95
      vertex 31.9017 -2.3557 95
    endloop
  endfacet
  facet normal 0.146732 -0.989176 0
    outer loop
      vertex 32.7948 -2.22322 95
      vertex 31.9017 -2.3557 0
      vertex 32.7948 -2.22322 0
    endloop
  endfacet
  facet normal 0.857708 -0.514137 0
    outer loop
      vertex 38.6495 1.68875 95
      vertex 39.1137 2.46315 0
      vertex 39.1137 2.46315 95
    endloop
  endfacet
  facet normal 0.857708 -0.514137 0
    outer loop
      vertex 39.1137 2.46315 0
      vertex 38.6495 1.68875 95
      vertex 38.6495 1.68875 0
    endloop
  endfacet
  facet normal -0.671531 0.740977 0
    outer loop
      vertex -36.8364 29.9117 0
      vertex -37.5054 29.3054 95
      vertex -36.8364 29.9117 95
    endloop
  endfacet
  facet normal -0.671531 0.740977 0
    outer loop
      vertex -37.5054 29.3054 95
      vertex -36.8364 29.9117 0
      vertex -37.5054 29.3054 0
    endloop
  endfacet
  facet normal 0.595667 0.803231 -0
    outer loop
      vertex 36.8364 29.9117 0
      vertex 36.1112 30.4495 95
      vertex 36.8364 29.9117 95
    endloop
  endfacet
  facet normal 0.595667 0.803231 0
    outer loop
      vertex 36.1112 30.4495 95
      vertex 36.8364 29.9117 0
      vertex 36.1112 30.4495 0
    endloop
  endfacet
  facet normal -0.514104 -0.857728 0
    outer loop
      vertex -36.1112 -0.849521 0
      vertex -35.3368 -1.31368 95
      vertex -36.1112 -0.849521 95
    endloop
  endfacet
  facet normal -0.514104 -0.857728 -0
    outer loop
      vertex -35.3368 -1.31368 95
      vertex -36.1112 -0.849521 0
      vertex -35.3368 -1.31368 0
    endloop
  endfacet
  facet normal 0.427576 -0.903979 0
    outer loop
      vertex 34.5207 -1.69969 0
      vertex 35.3368 -1.31368 95
      vertex 34.5207 -1.69969 95
    endloop
  endfacet
  facet normal 0.427576 -0.903979 0
    outer loop
      vertex 35.3368 -1.31368 95
      vertex 34.5207 -1.69969 0
      vertex 35.3368 -1.31368 0
    endloop
  endfacet
  facet normal -0.595686 -0.803217 0
    outer loop
      vertex -36.8364 -0.311694 0
      vertex -36.1112 -0.849521 95
      vertex -36.8364 -0.311694 95
    endloop
  endfacet
  facet normal -0.595686 -0.803217 -0
    outer loop
      vertex -36.1112 -0.849521 95
      vertex -36.8364 -0.311694 0
      vertex -36.1112 -0.849521 0
    endloop
  endfacet
  facet normal -0.595667 0.803231 0
    outer loop
      vertex -36.1112 30.4495 0
      vertex -36.8364 29.9117 95
      vertex -36.1112 30.4495 95
    endloop
  endfacet
  facet normal -0.595667 0.803231 0
    outer loop
      vertex -36.8364 29.9117 95
      vertex -36.1112 30.4495 0
      vertex -36.8364 29.9117 0
    endloop
  endfacet
  facet normal 1 -0 0
    outer loop
      vertex 40.2 6.8 95
      vertex 40.2 22.8 0
      vertex 40.2 22.8 95
    endloop
  endfacet
  facet normal 1 0 0
    outer loop
      vertex 40.2 22.8 0
      vertex 40.2 6.8 95
      vertex 40.2 6.8 0
    endloop
  endfacet
  facet normal -0.33682 0.941569 0
    outer loop
      vertex -33.6706 31.6038 0
      vertex -34.5207 31.2997 95
      vertex -33.6706 31.6038 95
    endloop
  endfacet
  facet normal -0.33682 0.941569 0
    outer loop
      vertex -34.5207 31.2997 95
      vertex -33.6706 31.6038 0
      vertex -34.5207 31.2997 0
    endloop
  endfacet
  facet normal 0.941569 0.33682 0
    outer loop
      vertex 39.8038 25.4706 95
      vertex 39.4997 26.3207 0
      vertex 39.4997 26.3207 95
    endloop
  endfacet
  facet normal 0.941569 0.33682 0
    outer loop
      vertex 39.4997 26.3207 0
      vertex 39.8038 25.4706 95
      vertex 39.8038 25.4706 0
    endloop
  endfacet
  facet normal 0.998795 -0.049067 0
    outer loop
      vertex 40.1557 5.89824 95
      vertex 40.2 6.8 0
      vertex 40.2 6.8 95
    endloop
  endfacet
  facet normal 0.998795 -0.049067 0
    outer loop
      vertex 40.2 6.8 0
      vertex 40.1557 5.89824 95
      vertex 40.1557 5.89824 0
    endloop
  endfacet
  facet normal -0.427567 0.903984 0
    outer loop
      vertex -34.5207 31.2997 0
      vertex -35.3368 30.9137 95
      vertex -34.5207 31.2997 95
    endloop
  endfacet
  facet normal -0.427567 0.903984 0
    outer loop
      vertex -35.3368 30.9137 95
      vertex -34.5207 31.2997 0
      vertex -35.3368 30.9137 0
    endloop
  endfacet
  facet normal 0.989172 -0.146758 0
    outer loop
      vertex 40.0232 5.00517 95
      vertex 40.1557 5.89824 0
      vertex 40.1557 5.89824 95
    endloop
  endfacet
  facet normal 0.989172 -0.146758 0
    outer loop
      vertex 40.1557 5.89824 0
      vertex 40.0232 5.00517 95
      vertex 40.0232 5.00517 0
    endloop
  endfacet
  facet normal -0.514137 0.857708 0
    outer loop
      vertex -35.3368 30.9137 0
      vertex -36.1112 30.4495 95
      vertex -35.3368 30.9137 95
    endloop
  endfacet
  facet normal -0.514137 0.857708 0
    outer loop
      vertex -36.1112 30.4495 95
      vertex -35.3368 30.9137 0
      vertex -36.1112 30.4495 0
    endloop
  endfacet
  facet normal -0.857708 0.514137 0
    outer loop
      vertex -39.1137 27.1369 0
      vertex -38.6495 27.9113 95
      vertex -38.6495 27.9113 0
    endloop
  endfacet
  facet normal -0.857708 0.514137 0
    outer loop
      vertex -38.6495 27.9113 95
      vertex -39.1137 27.1369 0
      vertex -39.1137 27.1369 95
    endloop
  endfacet
  facet normal 0.336879 -0.941548 0
    outer loop
      vertex 33.6706 -2.00385 0
      vertex 34.5207 -1.69969 95
      vertex 33.6706 -2.00385 95
    endloop
  endfacet
  facet normal 0.336879 -0.941548 0
    outer loop
      vertex 34.5207 -1.69969 95
      vertex 33.6706 -2.00385 0
      vertex 34.5207 -1.69969 0
    endloop
  endfacet
  facet normal -0.904004 0.427524 0
    outer loop
      vertex -39.4997 26.3207 0
      vertex -39.1137 27.1369 95
      vertex -39.1137 27.1369 0
    endloop
  endfacet
  facet normal -0.904004 0.427524 0
    outer loop
      vertex -39.1137 27.1369 95
      vertex -39.4997 26.3207 0
      vertex -39.4997 26.3207 95
    endloop
  endfacet
  facet normal 0 0 -1
    outer loop
      vertex 26.7807 7.60794 0
      vertex 40.2 6.8 0
      vertex 40.1557 5.89824 0
    endloop
  endfacet
  facet normal 0 0 -1
    outer loop
      vertex 40.2 6.8 0
      vertex 26.8 8.00001 0
      vertex 40.2 22.8 0
    endloop
  endfacet
  facet normal 0 0 -1
    outer loop
      vertex 26.7807 7.60794 0
      vertex 40.1557 5.89824 0
      vertex 40.0232 5.00517 0
    endloop
  endfacet
  facet normal 0 0 -1
    outer loop
      vertex 26.8 21.6 0
      vertex 40.2 22.8 0
      vertex 26.8 8.00001 0
    endloop
  endfacet
  facet normal 0 0 -1
    outer loop
      vertex 26.7231 7.21965 0
      vertex 40.0232 5.00517 0
      vertex 39.8038 4.12938 0
    endloop
  endfacet
  facet normal 0 0 -1
    outer loop
      vertex 26.7807 21.9921 0
      vertex 40.2 22.8 0
      vertex 26.8 21.6 0
    endloop
  endfacet
  facet normal 0 0 -1
    outer loop
      vertex 26.7231 7.21965 0
      vertex 39.8038 4.12938 0
      vertex 39.4997 3.27931 0
    endloop
  endfacet
  facet normal -0 0 -1
    outer loop
      vertex 40.2 22.8 0
      vertex 26.7807 21.9921 0
      vertex 40.1557 23.7018 0
    endloop
  endfacet
  facet normal 0 0 -1
    outer loop
      vertex 26.7231 7.21965 0
      vertex 39.4997 3.27931 0
      vertex 39.1137 2.46315 0
    endloop
  endfacet
  facet normal -0 0 -1
    outer loop
      vertex 40.1557 23.7018 0
      vertex 26.7807 21.9921 0
      vertex 40.0232 24.5948 0
    endloop
  endfacet
  facet normal 0 0 -1
    outer loop
      vertex 26.7231 7.21965 0
      vertex 39.1137 2.46315 0
      vertex 38.6495 1.68875 0
    endloop
  endfacet
  facet normal 0 0 -1
    outer loop
      vertex 26.7231 22.3804 0
      vertex 40.0232 24.5948 0
      vertex 26.7807 21.9921 0
    endloop
  endfacet
  facet normal 0 0 -1
    outer loop
      vertex 26.6277 6.83888 0
      vertex 38.6495 1.68875 0
      vertex 38.1117 0.963573 0
    endloop
  endfacet
  facet normal -0 0 -1
    outer loop
      vertex 40.0232 24.5948 0
      vertex 26.7231 22.3804 0
      vertex 39.8038 25.4706 0
    endloop
  endfacet
  facet normal 0 0 -1
    outer loop
      vertex 26.6277 6.83888 0
      vertex 38.1117 0.963573 0
      vertex 37.5054 0.294613 0
    endloop
  endfacet
  facet normal -0 0 -1
    outer loop
      vertex 39.8038 25.4706 0
      vertex 26.7231 22.3804 0
      vertex 39.4997 26.3207 0
    endloop
  endfacet
  facet normal 0 0 -1
    outer loop
      vertex 26.6277 6.83888 0
      vertex 37.5054 0.294613 0
      vertex 36.8364 -0.311694 0
    endloop
  endfacet
  facet normal -0 0 -1
    outer loop
      vertex 39.4997 26.3207 0
      vertex 26.7231 22.3804 0
      vertex 39.1137 27.1369 0
    endloop
  endfacet
  facet normal 0 0 -1
    outer loop
      vertex 26.6277 6.83888 0
      vertex 36.8364 -0.311694 0
      vertex 36.1112 -0.849521 0
    endloop
  endfacet
  facet normal -0 0 -1
    outer loop
      vertex 39.1137 27.1369 0
      vertex 26.7231 22.3804 0
      vertex 38.6495 27.9113 0
    endloop
  endfacet
  facet normal 0 0 -1
    outer loop
      vertex 26.4955 6.46928 0
      vertex 36.1112 -0.849521 0
      vertex 35.3368 -1.31368 0
    endloop
  endfacet
  facet normal 0 0 -1
    outer loop
      vertex 26.6277 22.7611 0
      vertex 38.6495 27.9113 0
      vertex 26.7231 22.3804 0
    endloop
  endfacet
  facet normal 0 0 -1
    outer loop
      vertex 26.4955 6.46928 0
      vertex 35.3368 -1.31368 0
      vertex 34.5207 -1.69969 0
    endloop
  endfacet
  facet normal -0 0 -1
    outer loop
      vertex 38.6495 27.9113 0
      vertex 26.6277 22.7611 0
      vertex 38.1117 28.6364 0
    endloop
  endfacet
  facet normal 0 0 -1
    outer loop
      vertex 26.4955 6.46928 0
      vertex 34.5207 -1.69969 0
      vertex 33.6706 -2.00385 0
    endloop
  endfacet
  facet normal -0 0 -1
    outer loop
      vertex 38.1117 28.6364 0
      vertex 26.6277 22.7611 0
      vertex 37.5054 29.3054 0
    endloop
  endfacet
  facet normal 0 0 -1
    outer loop
      vertex 26.3277 6.11442 0
      vertex 33.6706 -2.00385 0
      vertex 32.7948 -2.22322 0
    endloop
  endfacet
  facet normal -0 0 -1
    outer loop
      vertex 37.5054 29.3054 0
      vertex 26.6277 22.7611 0
      vertex 36.8364 29.9117 0
    endloop
  endfacet
  facet normal 0 0 -1
    outer loop
      vertex 26.3277 6.11442 0
      vertex 32.7948 -2.22322 0
      vertex 31.9017 -2.3557 0
    endloop
  endfacet
  facet normal -0 0 -1
    outer loop
      vertex 36.8364 29.9117 0
      vertex 26.6277 22.7611 0
      vertex 36.1112 30.4495 0
    endloop
  endfacet
  facet normal 0 0 -1
    outer loop
      vertex 26.3277 6.11442 0
      vertex 31.9017 -2.3557 0
      vertex 31 -2.4 0
    endloop
  endfacet
  facet normal 0 0 -1
    outer loop
      vertex 26.4955 23.1307 0
      vertex 36.1112 30.4495 0
      vertex 26.6277 22.7611 0
    endloop
  endfacet
  facet normal -0 0 -1
    outer loop
      vertex 36.1112 30.4495 0
      vertex 26.4955 23.1307 0
      vertex 35.3368 30.9137 0
    endloop
  endfacet
  facet normal 0 0 -1
    outer loop
      vertex 40.2 6.8 0
      vertex 26.7807 7.60794 0
      vertex 26.8 8.00001 0
    endloop
  endfacet
  facet normal 0 0 -1
    outer loop
      vertex 40.0232 5.00517 0
      vertex 26.7231 7.21965 0
      vertex 26.7807 7.60794 0
    endloop
  endfacet
  facet normal 0 0 -1
    outer loop
      vertex 38.6495 1.68875 0
      vertex 26.6277 6.83888 0
      vertex 26.7231 7.21965 0
    endloop
  endfacet
  facet normal 0 0 -1
    outer loop
      vertex 36.1112 -0.849521 0
      vertex 26.4955 6.46928 0
      vertex 26.6277 6.83888 0
    endloop
  endfacet
  facet normal 0 0 -1
    outer loop
      vertex 33.6706 -2.00385 0
      vertex 26.3277 6.11442 0
      vertex 26.4955 6.46928 0
    endloop
  endfacet
  facet normal 0 0 -1
    outer loop
      vertex 31 -2.4 0
      vertex 26.1259 5.77774 0
      vertex 26.3277 6.11442 0
    endloop
  endfacet
  facet normal 0 0 -1
    outer loop
      vertex 31 -2.4 0
      vertex 25.892 5.46244 0
      vertex 26.1259 5.77774 0
    endloop
  endfacet
  facet normal 0 0 -1
    outer loop
      vertex 31 -2.4 0
      vertex 25.6284 5.17158 0
      vertex 25.892 5.46244 0
    endloop
  endfacet
  facet normal 0 0 -1
    outer loop
      vertex 31 -2.4 0
      vertex 25.3376 4.90797 0
      vertex 25.6284 5.17158 0
    endloop
  endfacet
  facet normal 0 0 -1
    outer loop
      vertex 31 -2.4 0
      vertex 25.0223 4.67413 0
      vertex 25.3376 4.90797 0
    endloop
  endfacet
  facet normal 0 0 -1
    outer loop
      vertex 31 -2.4 0
      vertex 24.6856 4.47233 0
      vertex 25.0223 4.67413 0
    endloop
  endfacet
  facet normal 0 0 -1
    outer loop
      vertex 31 -2.4 0
      vertex 24.3307 4.3045 0
      vertex 24.6856 4.47233 0
    endloop
  endfacet
  facet normal 0 0 -1
    outer loop
      vertex 31 -2.4 0
      vertex 23.9611 4.17225 0
      vertex 24.3307 4.3045 0
    endloop
  endfacet
  facet normal 0 0 -1
    outer loop
      vertex 31 -2.4 0
      vertex 23.5804 4.07687 0
      vertex 23.9611 4.17225 0
    endloop
  endfacet
  facet normal 0 0 -1
    outer loop
      vertex 31 -2.4 0
      vertex 23.1921 4.01927 0
      vertex 23.5804 4.07687 0
    endloop
  endfacet
  facet normal 0 0 -1
    outer loop
      vertex 31 -2.4 0
      vertex 22.8 4.00001 0
      vertex 23.1921 4.01927 0
    endloop
  endfacet
  facet normal 0 0 -1
    outer loop
      vertex 31 -2.4 0
      vertex -22.8 4.00001 0
      vertex 22.8 4.00001 0
    endloop
  endfacet
  facet normal 0 0 -1
    outer loop
      vertex -31 -2.4 0
      vertex -22.8 4.00001 0
      vertex 31 -2.4 0
    endloop
  endfacet
  facet normal 0 0 -1
    outer loop
      vertex -35.3368 -1.31368 0
      vertex -26.4955 6.46928 0
      vertex -34.5207 -1.69969 0
    endloop
  endfacet
  facet normal 0 0 -1
    outer loop
      vertex -34.5207 -1.69969 0
      vertex -26.4955 6.46928 0
      vertex -33.6706 -2.00385 0
    endloop
  endfacet
  facet normal -0 0 -1
    outer loop
      vertex -26.3277 6.11442 0
      vertex -33.6706 -2.00385 0
      vertex -26.4955 6.46928 0
    endloop
  endfacet
  facet normal 0 0 -1
    outer loop
      vertex -33.6706 -2.00385 0
      vertex -26.3277 6.11442 0
      vertex -32.7948 -2.22322 0
    endloop
  endfacet
  facet normal 0 0 -1
    outer loop
      vertex -32.7948 -2.22322 0
      vertex -26.3277 6.11442 0
      vertex -31.9017 -2.3557 0
    endloop
  endfacet
  facet normal 0 0 -1
    outer loop
      vertex -31.9017 -2.3557 0
      vertex -26.3277 6.11442 0
      vertex -31 -2.4 0
    endloop
  endfacet
  facet normal -0 0 -1
    outer loop
      vertex -26.1259 5.77774 0
      vertex -31 -2.4 0
      vertex -26.3277 6.11442 0
    endloop
  endfacet
  facet normal -0 0 -1
    outer loop
      vertex -25.892 5.46244 0
      vertex -31 -2.4 0
      vertex -26.1259 5.77774 0
    endloop
  endfacet
  facet normal -0 0 -1
    outer loop
      vertex -25.6284 5.17158 0
      vertex -31 -2.4 0
      vertex -25.892 5.46244 0
    endloop
  endfacet
  facet normal -0 0 -1
    outer loop
      vertex -25.3376 4.90797 0
      vertex -31 -2.4 0
      vertex -25.6284 5.17158 0
    endloop
  endfacet
  facet normal -0 0 -1
    outer loop
      vertex -25.0223 4.67413 0
      vertex -31 -2.4 0
      vertex -25.3376 4.90797 0
    endloop
  endfacet
  facet normal -0 0 -1
    outer loop
      vertex -24.6856 4.47233 0
      vertex -31 -2.4 0
      vertex -25.0223 4.67413 0
    endloop
  endfacet
  facet normal -0 0 -1
    outer loop
      vertex -24.3307 4.3045 0
      vertex -31 -2.4 0
      vertex -24.6856 4.47233 0
    endloop
  endfacet
  facet normal -0 0 -1
    outer loop
      vertex -23.9611 4.17225 0
      vertex -31 -2.4 0
      vertex -24.3307 4.3045 0
    endloop
  endfacet
  facet normal -0 0 -1
    outer loop
      vertex -23.5804 4.07687 0
      vertex -31 -2.4 0
      vertex -23.9611 4.17225 0
    endloop
  endfacet
  facet normal -0 0 -1
    outer loop
      vertex -23.1921 4.01927 0
      vertex -31 -2.4 0
      vertex -23.5804 4.07687 0
    endloop
  endfacet
  facet normal -0 0 -1
    outer loop
      vertex -22.8 4.00001 0
      vertex -31 -2.4 0
      vertex -23.1921 4.01927 0
    endloop
  endfacet
  facet normal -0 0 -1
    outer loop
      vertex 35.3368 30.9137 0
      vertex 26.4955 23.1307 0
      vertex 34.5207 31.2997 0
    endloop
  endfacet
  facet normal -0 0 -1
    outer loop
      vertex 34.5207 31.2997 0
      vertex 26.4955 23.1307 0
      vertex 33.6706 31.6038 0
    endloop
  endfacet
  facet normal 0 0 -1
    outer loop
      vertex 26.3277 23.4856 0
      vertex 33.6706 31.6038 0
      vertex 26.4955 23.1307 0
    endloop
  endfacet
  facet normal -0 0 -1
    outer loop
      vertex 33.6706 31.6038 0
      vertex 26.3277 23.4856 0
      vertex 32.7948 31.8232 0
    endloop
  endfacet
  facet normal -0 0 -1
    outer loop
      vertex 32.7948 31.8232 0
      vertex 26.3277 23.4856 0
      vertex 31.9017 31.9557 0
    endloop
  endfacet
  facet normal -0 0 -1
    outer loop
      vertex 31.9017 31.9557 0
      vertex 26.3277 23.4856 0
      vertex 31 32 0
    endloop
  endfacet
  facet normal 0 0 -1
    outer loop
      vertex 26.1259 23.8223 0
      vertex 31 32 0
      vertex 26.3277 23.4856 0
    endloop
  endfacet
  facet normal 0 0 -1
    outer loop
      vertex 25.892 24.1376 0
      vertex 31 32 0
      vertex 26.1259 23.8223 0
    endloop
  endfacet
  facet normal 0 0 -1
    outer loop
      vertex 25.6284 24.4284 0
      vertex 31 32 0
      vertex 25.892 24.1376 0
    endloop
  endfacet
  facet normal 0 0 -1
    outer loop
      vertex 25.3376 24.692 0
      vertex 31 32 0
      vertex 25.6284 24.4284 0
    endloop
  endfacet
  facet normal 0 0 -1
    outer loop
      vertex 25.0223 24.9259 0
      vertex 31 32 0
      vertex 25.3376 24.692 0
    endloop
  endfacet
  facet normal 0 0 -1
    outer loop
      vertex 24.6856 25.1277 0
      vertex 31 32 0
      vertex 25.0223 24.9259 0
    endloop
  endfacet
  facet normal 0 0 -1
    outer loop
      vertex 24.3307 25.2955 0
      vertex 31 32 0
      vertex 24.6856 25.1277 0
    endloop
  endfacet
  facet normal 0 0 -1
    outer loop
      vertex 23.9611 25.4277 0
      vertex 31 32 0
      vertex 24.3307 25.2955 0
    endloop
  endfacet
  facet normal 0 0 -1
    outer loop
      vertex 23.5804 25.5231 0
      vertex 31 32 0
      vertex 23.9611 25.4277 0
    endloop
  endfacet
  facet normal 0 0 -1
    outer loop
      vertex 23.1921 25.5807 0
      vertex 31 32 0
      vertex 23.5804 25.5231 0
    endloop
  endfacet
  facet normal 0 0 -1
    outer loop
      vertex 22.8 25.6 0
      vertex 31 32 0
      vertex 23.1921 25.5807 0
    endloop
  endfacet
  facet normal 0 0 -1
    outer loop
      vertex -22.8 25.6 0
      vertex 31 32 0
      vertex 22.8 25.6 0
    endloop
  endfacet
  facet normal 0 0 -1
    outer loop
      vertex -31 32 0
      vertex -22.8 25.6 0
      vertex -23.1921 25.5807 0
    endloop
  endfacet
  facet normal -0 0 -1
    outer loop
      vertex -26.8 8.00001 0
      vertex -40.2 6.8 0
      vertex -26.8 21.6 0
    endloop
  endfacet
  facet normal 0 0 -1
    outer loop
      vertex -40.2 22.8 0
      vertex -26.8 21.6 0
      vertex -40.2 6.8 0
    endloop
  endfacet
  facet normal 0 0 -1
    outer loop
      vertex -22.8 25.6 0
      vertex -31 32 0
      vertex 31 32 0
    endloop
  endfacet
  facet normal 0 0 -1
    outer loop
      vertex -23.5804 25.5231 0
      vertex -31 32 0
      vertex -23.1921 25.5807 0
    endloop
  endfacet
  facet normal 0 0 -1
    outer loop
      vertex -23.9611 25.4277 0
      vertex -31 32 0
      vertex -23.5804 25.5231 0
    endloop
  endfacet
  facet normal 0 0 -1
    outer loop
      vertex -24.3307 25.2955 0
      vertex -31 32 0
      vertex -23.9611 25.4277 0
    endloop
  endfacet
  facet normal 0 0 -1
    outer loop
      vertex -24.6856 25.1277 0
      vertex -31 32 0
      vertex -24.3307 25.2955 0
    endloop
  endfacet
  facet normal 0 0 -1
    outer loop
      vertex -25.0223 24.9259 0
      vertex -31 32 0
      vertex -24.6856 25.1277 0
    endloop
  endfacet
  facet normal 0 0 -1
    outer loop
      vertex -25.3376 24.692 0
      vertex -31 32 0
      vertex -25.0223 24.9259 0
    endloop
  endfacet
  facet normal 0 0 -1
    outer loop
      vertex -25.6284 24.4284 0
      vertex -31 32 0
      vertex -25.3376 24.692 0
    endloop
  endfacet
  facet normal 0 0 -1
    outer loop
      vertex -25.892 24.1376 0
      vertex -31 32 0
      vertex -25.6284 24.4284 0
    endloop
  endfacet
  facet normal 0 0 -1
    outer loop
      vertex -26.1259 23.8223 0
      vertex -31 32 0
      vertex -25.892 24.1376 0
    endloop
  endfacet
  facet normal 0 0 -1
    outer loop
      vertex -26.3277 23.4856 0
      vertex -31 32 0
      vertex -26.1259 23.8223 0
    endloop
  endfacet
  facet normal 0 0 -1
    outer loop
      vertex -33.6706 31.6038 0
      vertex -26.3277 23.4856 0
      vertex -26.4955 23.1307 0
    endloop
  endfacet
  facet normal 0 0 -1
    outer loop
      vertex -36.1112 30.4495 0
      vertex -26.4955 23.1307 0
      vertex -26.6277 22.7611 0
    endloop
  endfacet
  facet normal 0 0 -1
    outer loop
      vertex -38.6495 27.9113 0
      vertex -26.6277 22.7611 0
      vertex -26.7231 22.3804 0
    endloop
  endfacet
  facet normal 0 0 -1
    outer loop
      vertex -26.8 21.6 0
      vertex -40.2 22.8 0
      vertex -26.7807 21.9921 0
    endloop
  endfacet
  facet normal 0 0 -1
    outer loop
      vertex -36.1112 -0.849521 0
      vertex -26.4955 6.46928 0
      vertex -35.3368 -1.31368 0
    endloop
  endfacet
  facet normal 0 -0 -1
    outer loop
      vertex -40.1557 23.7018 0
      vertex -26.7807 21.9921 0
      vertex -40.2 22.8 0
    endloop
  endfacet
  facet normal -0 0 -1
    outer loop
      vertex -26.4955 6.46928 0
      vertex -36.1112 -0.849521 0
      vertex -26.6277 6.83888 0
    endloop
  endfacet
  facet normal 0 0 -1
    outer loop
      vertex -26.7807 21.9921 0
      vertex -40.1557 23.7018 0
      vertex -26.7231 22.3804 0
    endloop
  endfacet
  facet normal 0 0 -1
    outer loop
      vertex -36.8364 -0.311694 0
      vertex -26.6277 6.83888 0
      vertex -36.1112 -0.849521 0
    endloop
  endfacet
  facet normal 0 0 -1
    outer loop
      vertex -26.3277 23.4856 0
      vertex -31.9017 31.9557 0
      vertex -31 32 0
    endloop
  endfacet
  facet normal 0 0 -1
    outer loop
      vertex -37.5054 0.294613 0
      vertex -26.6277 6.83888 0
      vertex -36.8364 -0.311694 0
    endloop
  endfacet
  facet normal 0 0 -1
    outer loop
      vertex -26.3277 23.4856 0
      vertex -32.7948 31.8232 0
      vertex -31.9017 31.9557 0
    endloop
  endfacet
  facet normal 0 0 -1
    outer loop
      vertex -38.1117 0.963573 0
      vertex -26.6277 6.83888 0
      vertex -37.5054 0.294613 0
    endloop
  endfacet
  facet normal 0 0 -1
    outer loop
      vertex -26.3277 23.4856 0
      vertex -33.6706 31.6038 0
      vertex -32.7948 31.8232 0
    endloop
  endfacet
  facet normal 0 0 -1
    outer loop
      vertex -38.6495 1.68875 0
      vertex -26.6277 6.83888 0
      vertex -38.1117 0.963573 0
    endloop
  endfacet
  facet normal 0 0 -1
    outer loop
      vertex -26.4955 23.1307 0
      vertex -34.5207 31.2997 0
      vertex -33.6706 31.6038 0
    endloop
  endfacet
  facet normal -0 0 -1
    outer loop
      vertex -26.6277 6.83888 0
      vertex -38.6495 1.68875 0
      vertex -26.7231 7.21965 0
    endloop
  endfacet
  facet normal 0 0 -1
    outer loop
      vertex -26.4955 23.1307 0
      vertex -35.3368 30.9137 0
      vertex -34.5207 31.2997 0
    endloop
  endfacet
  facet normal 0 0 -1
    outer loop
      vertex -39.1137 2.46315 0
      vertex -26.7231 7.21965 0
      vertex -38.6495 1.68875 0
    endloop
  endfacet
  facet normal 0 0 -1
    outer loop
      vertex -26.4955 23.1307 0
      vertex -36.1112 30.4495 0
      vertex -35.3368 30.9137 0
    endloop
  endfacet
  facet normal 0 0 -1
    outer loop
      vertex -39.4997 3.27931 0
      vertex -26.7231 7.21965 0
      vertex -39.1137 2.46315 0
    endloop
  endfacet
  facet normal 0 0 -1
    outer loop
      vertex -26.6277 22.7611 0
      vertex -36.8364 29.9117 0
      vertex -36.1112 30.4495 0
    endloop
  endfacet
  facet normal 0 0 -1
    outer loop
      vertex -39.8038 4.12938 0
      vertex -26.7231 7.21965 0
      vertex -39.4997 3.27931 0
    endloop
  endfacet
  facet normal 0 0 -1
    outer loop
      vertex -26.6277 22.7611 0
      vertex -37.5054 29.3054 0
      vertex -36.8364 29.9117 0
    endloop
  endfacet
  facet normal 0 0 -1
    outer loop
      vertex -40.0232 5.00517 0
      vertex -26.7231 7.21965 0
      vertex -39.8038 4.12938 0
    endloop
  endfacet
  facet normal 0 0 -1
    outer loop
      vertex -26.6277 22.7611 0
      vertex -38.1117 28.6364 0
      vertex -37.5054 29.3054 0
    endloop
  endfacet
  facet normal -0 0 -1
    outer loop
      vertex -26.7231 7.21965 0
      vertex -40.0232 5.00517 0
      vertex -26.7807 7.60794 0
    endloop
  endfacet
  facet normal 0 0 -1
    outer loop
      vertex -26.6277 22.7611 0
      vertex -38.6495 27.9113 0
      vertex -38.1117 28.6364 0
    endloop
  endfacet
  facet normal 0 0 -1
    outer loop
      vertex -40.1557 5.89824 0
      vertex -26.7807 7.60794 0
      vertex -40.0232 5.00517 0
    endloop
  endfacet
  facet normal 0 0 -1
    outer loop
      vertex -26.7231 22.3804 0
      vertex -39.1137 27.1369 0
      vertex -38.6495 27.9113 0
    endloop
  endfacet
  facet normal 0 0 -1
    outer loop
      vertex -40.2 6.8 0
      vertex -26.7807 7.60794 0
      vertex -40.1557 5.89824 0
    endloop
  endfacet
  facet normal 0 0 -1
    outer loop
      vertex -26.7231 22.3804 0
      vertex -39.4997 26.3207 0
      vertex -39.1137 27.1369 0
    endloop
  endfacet
  facet normal -0 0 -1
    outer loop
      vertex -26.7807 7.60794 0
      vertex -40.2 6.8 0
      vertex -26.8 8.00001 0
    endloop
  endfacet
  facet normal 0 0 -1
    outer loop
      vertex -26.7231 22.3804 0
      vertex -39.8038 25.4706 0
      vertex -39.4997 26.3207 0
    endloop
  endfacet
  facet normal 0 0 -1
    outer loop
      vertex -26.7231 22.3804 0
      vertex -40.0232 24.5948 0
      vertex -39.8038 25.4706 0
    endloop
  endfacet
  facet normal 0 0 -1
    outer loop
      vertex -26.7231 22.3804 0
      vertex -40.1557 23.7018 0
      vertex -40.0232 24.5948 0
    endloop
  endfacet
  facet normal 0.514104 -0.857728 0
    outer loop
      vertex 35.3368 -1.31368 0
      vertex 36.1112 -0.849521 95
      vertex 35.3368 -1.31368 95
    endloop
  endfacet
  facet normal 0.514104 -0.857728 0
    outer loop
      vertex 36.1112 -0.849521 95
      vertex 35.3368 -1.31368 0
      vertex 36.1112 -0.849521 0
    endloop
  endfacet
  facet normal 0.970024 -0.243007 0
    outer loop
      vertex 39.8038 4.12938 95
      vertex 40.0232 5.00517 0
      vertex 40.0232 5.00517 95
    endloop
  endfacet
  facet normal 0.970024 -0.243007 0
    outer loop
      vertex 40.0232 5.00517 0
      vertex 39.8038 4.12938 95
      vertex 39.8038 4.12938 0
    endloop
  endfacet
  facet normal 0.857708 0.514137 0
    outer loop
      vertex 39.1137 27.1369 95
      vertex 38.6495 27.9113 0
      vertex 38.6495 27.9113 95
    endloop
  endfacet
  facet normal 0.857708 0.514137 0
    outer loop
      vertex 38.6495 27.9113 0
      vertex 39.1137 27.1369 95
      vertex 39.1137 27.1369 0
    endloop
  endfacet
  facet normal 0.941565 -0.336831 0
    outer loop
      vertex 39.4997 3.27931 95
      vertex 39.8038 4.12938 0
      vertex 39.8038 4.12938 95
    endloop
  endfacet
  facet normal 0.941565 -0.336831 0
    outer loop
      vertex 39.8038 4.12938 0
      vertex 39.4997 3.27931 95
      vertex 39.4997 3.27931 0
    endloop
  endfacet
  facet normal 0 0 -1
    outer loop
      vertex -9 27 95
      vertex 9 29.6 95
      vertex 9 27 95
    endloop
  endfacet
  facet normal -0 0 -1
    outer loop
      vertex 9 29.6 95
      vertex -9 27 95
      vertex -9 29.6 95
    endloop
  endfacet
  facet normal -0 0 1
    outer loop
      vertex -31 32 95
      vertex -9 29.6 95
      vertex -9 32 95
    endloop
  endfacet
  facet normal 0 0 1
    outer loop
      vertex -31 32 95
      vertex -31 29.6 95
      vertex -9 29.6 95
    endloop
  endfacet
  facet normal 0 0 1
    outer loop
      vertex -31 32 95
      vertex -31.6665 29.5673 95
      vertex -31 29.6 95
    endloop
  endfacet
  facet normal -0 0 1
    outer loop
      vertex -31.9017 31.9557 95
      vertex -31.6665 29.5673 95
      vertex -31 32 95
    endloop
  endfacet
  facet normal 0 0 1
    outer loop
      vertex -31.9017 31.9557 95
      vertex -32.3266 29.4693 95
      vertex -31.6665 29.5673 95
    endloop
  endfacet
  facet normal -0 0 1
    outer loop
      vertex -32.7948 31.8232 95
      vertex -32.3266 29.4693 95
      vertex -31.9017 31.9557 95
    endloop
  endfacet
  facet normal 0 0 1
    outer loop
      vertex -32.7948 31.8232 95
      vertex -32.9739 29.3072 95
      vertex -32.3266 29.4693 95
    endloop
  endfacet
  facet normal -0 0 1
    outer loop
      vertex -33.6706 31.6038 95
      vertex -32.9739 29.3072 95
      vertex -32.7948 31.8232 95
    endloop
  endfacet
  facet normal 0 0 1
    outer loop
      vertex -32.9739 29.3072 95
      vertex -33.6706 31.6038 95
      vertex -33.6022 29.0824 95
    endloop
  endfacet
  facet normal -0 0 1
    outer loop
      vertex -34.5207 31.2997 95
      vertex -33.6022 29.0824 95
      vertex -33.6706 31.6038 95
    endloop
  endfacet
  facet normal 0 0 1
    outer loop
      vertex -33.6022 29.0824 95
      vertex -34.5207 31.2997 95
      vertex -34.2055 28.7971 95
    endloop
  endfacet
  facet normal -0 0 1
    outer loop
      vertex -35.3368 30.9137 95
      vertex -34.2055 28.7971 95
      vertex -34.5207 31.2997 95
    endloop
  endfacet
  facet normal 0 0 1
    outer loop
      vertex -34.2055 28.7971 95
      vertex -35.3368 30.9137 95
      vertex -34.7779 28.454 95
    endloop
  endfacet
  facet normal -0 0 1
    outer loop
      vertex -36.1112 30.4495 95
      vertex -34.7779 28.454 95
      vertex -35.3368 30.9137 95
    endloop
  endfacet
  facet normal 0 0 1
    outer loop
      vertex -34.7779 28.454 95
      vertex -36.1112 30.4495 95
      vertex -35.3139 28.0565 95
    endloop
  endfacet
  facet normal -0 0 1
    outer loop
      vertex -36.8364 29.9117 95
      vertex -35.3139 28.0565 95
      vertex -36.1112 30.4495 95
    endloop
  endfacet
  facet normal 0 0 1
    outer loop
      vertex -35.3139 28.0565 95
      vertex -36.8364 29.9117 95
      vertex -35.8083 27.6083 95
    endloop
  endfacet
  facet normal -0 0 1
    outer loop
      vertex -37.5054 29.3054 95
      vertex -35.8083 27.6083 95
      vertex -36.8364 29.9117 95
    endloop
  endfacet
  facet normal 0 0 1
    outer loop
      vertex -35.8083 27.6083 95
      vertex -37.5054 29.3054 95
      vertex -36.2565 27.1139 95
    endloop
  endfacet
  facet normal -0 0 1
    outer loop
      vertex -38.1117 28.6364 95
      vertex -36.2565 27.1139 95
      vertex -37.5054 29.3054 95
    endloop
  endfacet
  facet normal 0 0 1
    outer loop
      vertex -36.2565 27.1139 95
      vertex -38.1117 28.6364 95
      vertex -36.654 26.5779 95
    endloop
  endfacet
  facet normal -0 0 1
    outer loop
      vertex -38.6495 27.9113 95
      vertex -36.654 26.5779 95
      vertex -38.1117 28.6364 95
    endloop
  endfacet
  facet normal 0 0 1
    outer loop
      vertex -36.654 26.5779 95
      vertex -38.6495 27.9113 95
      vertex -36.9971 26.0055 95
    endloop
  endfacet
  facet normal -0 0 1
    outer loop
      vertex -39.1137 27.1369 95
      vertex -36.9971 26.0055 95
      vertex -38.6495 27.9113 95
    endloop
  endfacet
  facet normal 0 0 1
    outer loop
      vertex -36.9971 26.0055 95
      vertex -39.1137 27.1369 95
      vertex -37.2824 25.4022 95
    endloop
  endfacet
  facet normal -0 0 1
    outer loop
      vertex -39.4997 26.3207 95
      vertex -37.2824 25.4022 95
      vertex -39.1137 27.1369 95
    endloop
  endfacet
  facet normal -0 0 1
    outer loop
      vertex -39.8038 25.4706 95
      vertex -37.5072 24.7739 95
      vertex -39.4997 26.3207 95
    endloop
  endfacet
  facet normal 0 0 1
    outer loop
      vertex -37.2824 25.4022 95
      vertex -39.4997 26.3207 95
      vertex -37.5072 24.7739 95
    endloop
  endfacet
  facet normal -0 0 1
    outer loop
      vertex -31 -2.86102e-06 95
      vertex -23 -2.4 95
      vertex -23 -2.86102e-06 95
    endloop
  endfacet
  facet normal 0 0 1
    outer loop
      vertex -31 -2.86102e-06 95
      vertex -31 -2.4 95
      vertex -23 -2.4 95
    endloop
  endfacet
  facet normal 0 0 1
    outer loop
      vertex -31.6665 0.0327415 95
      vertex -31 -2.4 95
      vertex -31 -2.86102e-06 95
    endloop
  endfacet
  facet normal 0 0 1
    outer loop
      vertex -31.6665 0.0327415 95
      vertex -31.9017 -2.3557 95
      vertex -31 -2.4 95
    endloop
  endfacet
  facet normal 0 0 1
    outer loop
      vertex -32.3266 0.130657 95
      vertex -31.9017 -2.3557 95
      vertex -31.6665 0.0327415 95
    endloop
  endfacet
  facet normal 0 0 1
    outer loop
      vertex -32.3266 0.130657 95
      vertex -32.7948 -2.22322 95
      vertex -31.9017 -2.3557 95
    endloop
  endfacet
  facet normal 0 0 1
    outer loop
      vertex -32.9739 0.292812 95
      vertex -32.7948 -2.22322 95
      vertex -32.3266 0.130657 95
    endloop
  endfacet
  facet normal 0 0 1
    outer loop
      vertex -33.6706 -2.00385 95
      vertex -32.9739 0.292812 95
      vertex -33.6022 0.51762 95
    endloop
  endfacet
  facet normal 0 0 1
    outer loop
      vertex -32.9739 0.292812 95
      vertex -33.6706 -2.00385 95
      vertex -32.7948 -2.22322 95
    endloop
  endfacet
  facet normal 0 0 1
    outer loop
      vertex -34.5207 -1.69969 95
      vertex -33.6022 0.51762 95
      vertex -34.2055 0.802929 95
    endloop
  endfacet
  facet normal 0 0 1
    outer loop
      vertex -33.6022 0.51762 95
      vertex -34.5207 -1.69969 95
      vertex -33.6706 -2.00385 95
    endloop
  endfacet
  facet normal 0 0 1
    outer loop
      vertex -35.3368 -1.31368 95
      vertex -34.2055 0.802929 95
      vertex -34.7779 1.14601 95
    endloop
  endfacet
  facet normal 0 0 1
    outer loop
      vertex -36.1112 -0.849521 95
      vertex -34.7779 1.14601 95
      vertex -35.3139 1.54353 95
    endloop
  endfacet
  facet normal 0 0 1
    outer loop
      vertex -34.2055 0.802929 95
      vertex -35.3368 -1.31368 95
      vertex -34.5207 -1.69969 95
    endloop
  endfacet
  facet normal 0 0 1
    outer loop
      vertex -36.8364 -0.311694 95
      vertex -35.3139 1.54353 95
      vertex -35.8083 1.99168 95
    endloop
  endfacet
  facet normal 0 0 1
    outer loop
      vertex -34.7779 1.14601 95
      vertex -36.1112 -0.849521 95
      vertex -35.3368 -1.31368 95
    endloop
  endfacet
  facet normal 0 0 1
    outer loop
      vertex -37.5054 0.294613 95
      vertex -35.8083 1.99168 95
      vertex -36.2565 2.48613 95
    endloop
  endfacet
  facet normal 0 0 1
    outer loop
      vertex -38.1117 0.963573 95
      vertex -36.2565 2.48613 95
      vertex -36.654 3.02212 95
    endloop
  endfacet
  facet normal 0 0 1
    outer loop
      vertex -35.3139 1.54353 95
      vertex -36.8364 -0.311694 95
      vertex -36.1112 -0.849521 95
    endloop
  endfacet
  facet normal 0 0 1
    outer loop
      vertex -38.6495 1.68875 95
      vertex -36.654 3.02212 95
      vertex -36.9971 3.59449 95
    endloop
  endfacet
  facet normal 0 0 1
    outer loop
      vertex -39.1137 2.46315 95
      vertex -36.9971 3.59449 95
      vertex -37.2824 4.19775 95
    endloop
  endfacet
  facet normal 0 0 1
    outer loop
      vertex -35.8083 1.99168 95
      vertex -37.5054 0.294613 95
      vertex -36.8364 -0.311694 95
    endloop
  endfacet
  facet normal 0 0 1
    outer loop
      vertex -39.4997 3.27931 95
      vertex -37.2824 4.19775 95
      vertex -37.5072 4.82606 95
    endloop
  endfacet
  facet normal 0 0 1
    outer loop
      vertex -39.8038 4.12938 95
      vertex -37.5072 4.82606 95
      vertex -37.6693 5.47338 95
    endloop
  endfacet
  facet normal 0 0 1
    outer loop
      vertex -40.0232 5.00517 95
      vertex -37.6693 5.47338 95
      vertex -37.7672 6.13348 95
    endloop
  endfacet
  facet normal 0 0 1
    outer loop
      vertex -40.1557 5.89824 95
      vertex -37.7672 6.13348 95
      vertex -37.8 6.8 95
    endloop
  endfacet
  facet normal 0 0 1
    outer loop
      vertex -36.2565 2.48613 95
      vertex -38.1117 0.963573 95
      vertex -37.5054 0.294613 95
    endloop
  endfacet
  facet normal 0 0 1
    outer loop
      vertex -37.8 22.8 95
      vertex -40.2 22.8 95
      vertex -37.8 6.8 95
    endloop
  endfacet
  facet normal 0 0 1
    outer loop
      vertex -37.5072 24.7739 95
      vertex -39.8038 25.4706 95
      vertex -37.6693 24.1266 95
    endloop
  endfacet
  facet normal 0 0 1
    outer loop
      vertex -40.2 6.8 95
      vertex -37.8 6.8 95
      vertex -40.2 22.8 95
    endloop
  endfacet
  facet normal -0 0 1
    outer loop
      vertex -40.0232 24.5948 95
      vertex -37.6693 24.1266 95
      vertex -39.8038 25.4706 95
    endloop
  endfacet
  facet normal 0 -0 1
    outer loop
      vertex -40.1557 5.89824 95
      vertex -37.8 6.8 95
      vertex -40.2 6.8 95
    endloop
  endfacet
  facet normal 0 0 1
    outer loop
      vertex -37.6693 24.1266 95
      vertex -40.0232 24.5948 95
      vertex -37.7672 23.4665 95
    endloop
  endfacet
  facet normal 0 0 1
    outer loop
      vertex -36.654 3.02212 95
      vertex -38.6495 1.68875 95
      vertex -38.1117 0.963573 95
    endloop
  endfacet
  facet normal -0 0 1
    outer loop
      vertex -40.1557 23.7018 95
      vertex -37.7672 23.4665 95
      vertex -40.0232 24.5948 95
    endloop
  endfacet
  facet normal 0 0 1
    outer loop
      vertex -36.9971 3.59449 95
      vertex -39.1137 2.46315 95
      vertex -38.6495 1.68875 95
    endloop
  endfacet
  facet normal 0 0 1
    outer loop
      vertex -37.7672 23.4665 95
      vertex -40.1557 23.7018 95
      vertex -37.8 22.8 95
    endloop
  endfacet
  facet normal 0 0 1
    outer loop
      vertex -37.2824 4.19775 95
      vertex -39.4997 3.27931 95
      vertex -39.1137 2.46315 95
    endloop
  endfacet
  facet normal 0 0 1
    outer loop
      vertex -37.8 22.8 95
      vertex -40.1557 23.7018 95
      vertex -40.2 22.8 95
    endloop
  endfacet
  facet normal 0 0 1
    outer loop
      vertex -37.5072 4.82606 95
      vertex -39.8038 4.12938 95
      vertex -39.4997 3.27931 95
    endloop
  endfacet
  facet normal 0 0 1
    outer loop
      vertex -37.6693 5.47338 95
      vertex -40.0232 5.00517 95
      vertex -39.8038 4.12938 95
    endloop
  endfacet
  facet normal 0 0 1
    outer loop
      vertex -37.7672 6.13348 95
      vertex -40.1557 5.89824 95
      vertex -40.0232 5.00517 95
    endloop
  endfacet
  facet normal 0 0 1
    outer loop
      vertex 37.8 22.8 95
      vertex 40.2 22.8 95
      vertex 40.1557 23.7018 95
    endloop
  endfacet
  facet normal 0 0 1
    outer loop
      vertex 40.2 22.8 95
      vertex 37.8 22.8 95
      vertex 40.2 6.8 95
    endloop
  endfacet
  facet normal 0 0 1
    outer loop
      vertex 37.7672 23.4665 95
      vertex 40.1557 23.7018 95
      vertex 40.0232 24.5948 95
    endloop
  endfacet
  facet normal 0 0 1
    outer loop
      vertex 37.8 6.8 95
      vertex 40.2 6.8 95
      vertex 37.8 22.8 95
    endloop
  endfacet
  facet normal 0 0 1
    outer loop
      vertex 37.6693 24.1266 95
      vertex 40.0232 24.5948 95
      vertex 39.8038 25.4706 95
    endloop
  endfacet
  facet normal 0 0 1
    outer loop
      vertex 40.2 6.8 95
      vertex 37.8 6.8 95
      vertex 40.1557 5.89824 95
    endloop
  endfacet
  facet normal 0 0 1
    outer loop
      vertex 37.5072 24.7739 95
      vertex 39.8038 25.4706 95
      vertex 39.4997 26.3207 95
    endloop
  endfacet
  facet normal -0 0 1
    outer loop
      vertex 37.7672 6.13348 95
      vertex 40.1557 5.89824 95
      vertex 37.8 6.8 95
    endloop
  endfacet
  facet normal 0 0 1
    outer loop
      vertex 37.2824 25.4022 95
      vertex 39.4997 26.3207 95
      vertex 39.1137 27.1369 95
    endloop
  endfacet
  facet normal 0 0 1
    outer loop
      vertex 40.1557 5.89824 95
      vertex 37.7672 6.13348 95
      vertex 40.0232 5.00517 95
    endloop
  endfacet
  facet normal 0 0 1
    outer loop
      vertex 36.9971 26.0055 95
      vertex 39.1137 27.1369 95
      vertex 38.6495 27.9113 95
    endloop
  endfacet
  facet normal -0 0 1
    outer loop
      vertex 37.6693 5.47338 95
      vertex 40.0232 5.00517 95
      vertex 37.7672 6.13348 95
    endloop
  endfacet
  facet normal 0 0 1
    outer loop
      vertex 36.654 26.5779 95
      vertex 38.6495 27.9113 95
      vertex 38.1117 28.6364 95
    endloop
  endfacet
  facet normal 0 0 1
    outer loop
      vertex 40.0232 5.00517 95
      vertex 37.6693 5.47338 95
      vertex 39.8038 4.12938 95
    endloop
  endfacet
  facet normal -0 0 1
    outer loop
      vertex 37.5072 4.82606 95
      vertex 39.8038 4.12938 95
      vertex 37.6693 5.47338 95
    endloop
  endfacet
  facet normal 0 0 1
    outer loop
      vertex 40.1557 23.7018 95
      vertex 37.7672 23.4665 95
      vertex 37.8 22.8 95
    endloop
  endfacet
  facet normal 0 0 1
    outer loop
      vertex 40.0232 24.5948 95
      vertex 37.6693 24.1266 95
      vertex 37.7672 23.4665 95
    endloop
  endfacet
  facet normal 0 0 1
    outer loop
      vertex 39.8038 25.4706 95
      vertex 37.5072 24.7739 95
      vertex 37.6693 24.1266 95
    endloop
  endfacet
  facet normal 0 0 1
    outer loop
      vertex 36.2565 27.1139 95
      vertex 38.1117 28.6364 95
      vertex 37.5054 29.3054 95
    endloop
  endfacet
  facet normal 0 0 1
    outer loop
      vertex 39.4997 26.3207 95
      vertex 37.2824 25.4022 95
      vertex 37.5072 24.7739 95
    endloop
  endfacet
  facet normal 0 0 1
    outer loop
      vertex 39.1137 27.1369 95
      vertex 36.9971 26.0055 95
      vertex 37.2824 25.4022 95
    endloop
  endfacet
  facet normal 0 0 1
    outer loop
      vertex 35.8083 27.6083 95
      vertex 37.5054 29.3054 95
      vertex 36.8364 29.9117 95
    endloop
  endfacet
  facet normal 0 0 1
    outer loop
      vertex 38.6495 27.9113 95
      vertex 36.654 26.5779 95
      vertex 36.9971 26.0055 95
    endloop
  endfacet
  facet normal 0 0 1
    outer loop
      vertex 38.1117 28.6364 95
      vertex 36.2565 27.1139 95
      vertex 36.654 26.5779 95
    endloop
  endfacet
  facet normal 0 0 1
    outer loop
      vertex 35.3139 28.0565 95
      vertex 36.8364 29.9117 95
      vertex 36.1112 30.4495 95
    endloop
  endfacet
  facet normal 0 0 1
    outer loop
      vertex 37.5054 29.3054 95
      vertex 35.8083 27.6083 95
      vertex 36.2565 27.1139 95
    endloop
  endfacet
  facet normal 0 0 1
    outer loop
      vertex 34.7779 28.454 95
      vertex 36.1112 30.4495 95
      vertex 35.3368 30.9137 95
    endloop
  endfacet
  facet normal 0 0 1
    outer loop
      vertex 36.8364 29.9117 95
      vertex 35.3139 28.0565 95
      vertex 35.8083 27.6083 95
    endloop
  endfacet
  facet normal 0 0 1
    outer loop
      vertex 36.1112 30.4495 95
      vertex 34.7779 28.454 95
      vertex 35.3139 28.0565 95
    endloop
  endfacet
  facet normal 0 0 1
    outer loop
      vertex 34.2055 28.7971 95
      vertex 35.3368 30.9137 95
      vertex 34.5207 31.2997 95
    endloop
  endfacet
  facet normal 0 0 1
    outer loop
      vertex 35.3368 30.9137 95
      vertex 34.2055 28.7971 95
      vertex 34.7779 28.454 95
    endloop
  endfacet
  facet normal 0 0 1
    outer loop
      vertex 33.6022 29.0824 95
      vertex 34.5207 31.2997 95
      vertex 33.6706 31.6038 95
    endloop
  endfacet
  facet normal 0 0 1
    outer loop
      vertex 34.5207 31.2997 95
      vertex 33.6022 29.0824 95
      vertex 34.2055 28.7971 95
    endloop
  endfacet
  facet normal 0 0 1
    outer loop
      vertex 33.6706 31.6038 95
      vertex 32.9739 29.3072 95
      vertex 33.6022 29.0824 95
    endloop
  endfacet
  facet normal 0 0 1
    outer loop
      vertex 32.7948 31.8232 95
      vertex 32.9739 29.3072 95
      vertex 33.6706 31.6038 95
    endloop
  endfacet
  facet normal 0 0 1
    outer loop
      vertex 32.7948 31.8232 95
      vertex 32.3266 29.4693 95
      vertex 32.9739 29.3072 95
    endloop
  endfacet
  facet normal 0 0 1
    outer loop
      vertex 31.9017 31.9557 95
      vertex 32.3266 29.4693 95
      vertex 32.7948 31.8232 95
    endloop
  endfacet
  facet normal 0 0 1
    outer loop
      vertex 31.9017 31.9557 95
      vertex 31.6665 29.5673 95
      vertex 32.3266 29.4693 95
    endloop
  endfacet
  facet normal 0 0 1
    outer loop
      vertex 31 32 95
      vertex 31.6665 29.5673 95
      vertex 31.9017 31.9557 95
    endloop
  endfacet
  facet normal 0 0 1
    outer loop
      vertex 31 32 95
      vertex 31 29.6 95
      vertex 31.6665 29.5673 95
    endloop
  endfacet
  facet normal -0 0 1
    outer loop
      vertex 9 32 95
      vertex 31 29.6 95
      vertex 31 32 95
    endloop
  endfacet
  facet normal 0 0 1
    outer loop
      vertex 31 29.6 95
      vertex 9 32 95
      vertex 9 29.6 95
    endloop
  endfacet
  facet normal 0 0 1
    outer loop
      vertex 39.8038 4.12938 95
      vertex 37.5072 4.82606 95
      vertex 39.4997 3.27931 95
    endloop
  endfacet
  facet normal -0 0 1
    outer loop
      vertex 37.2824 4.19775 95
      vertex 39.4997 3.27931 95
      vertex 37.5072 4.82606 95
    endloop
  endfacet
  facet normal 0 0 1
    outer loop
      vertex 39.4997 3.27931 95
      vertex 37.2824 4.19775 95
      vertex 39.1137 2.46315 95
    endloop
  endfacet
  facet normal -0 0 1
    outer loop
      vertex 36.9971 3.59449 95
      vertex 39.1137 2.46315 95
      vertex 37.2824 4.19775 95
    endloop
  endfacet
  facet normal 0 0 1
    outer loop
      vertex 39.1137 2.46315 95
      vertex 36.9971 3.59449 95
      vertex 38.6495 1.68875 95
    endloop
  endfacet
  facet normal -0 0 1
    outer loop
      vertex 36.654 3.02212 95
      vertex 38.6495 1.68875 95
      vertex 36.9971 3.59449 95
    endloop
  endfacet
  facet normal 0 0 1
    outer loop
      vertex 38.6495 1.68875 95
      vertex 36.654 3.02212 95
      vertex 38.1117 0.963573 95
    endloop
  endfacet
  facet normal -0 0 1
    outer loop
      vertex 36.2565 2.48613 95
      vertex 38.1117 0.963573 95
      vertex 36.654 3.02212 95
    endloop
  endfacet
  facet normal 0 0 1
    outer loop
      vertex 38.1117 0.963573 95
      vertex 36.2565 2.48613 95
      vertex 37.5054 0.294613 95
    endloop
  endfacet
  facet normal -0 0 1
    outer loop
      vertex 35.8083 1.99168 95
      vertex 37.5054 0.294613 95
      vertex 36.2565 2.48613 95
    endloop
  endfacet
  facet normal 0 0 1
    outer loop
      vertex 37.5054 0.294613 95
      vertex 35.8083 1.99168 95
      vertex 36.8364 -0.311694 95
    endloop
  endfacet
  facet normal -0 0 1
    outer loop
      vertex 35.3139 1.54353 95
      vertex 36.8364 -0.311694 95
      vertex 35.8083 1.99168 95
    endloop
  endfacet
  facet normal 0 0 1
    outer loop
      vertex 36.8364 -0.311694 95
      vertex 35.3139 1.54353 95
      vertex 36.1112 -0.849521 95
    endloop
  endfacet
  facet normal -0 0 1
    outer loop
      vertex 34.7779 1.14601 95
      vertex 36.1112 -0.849521 95
      vertex 35.3139 1.54353 95
    endloop
  endfacet
  facet normal 0 0 1
    outer loop
      vertex 36.1112 -0.849521 95
      vertex 34.7779 1.14601 95
      vertex 35.3368 -1.31368 95
    endloop
  endfacet
  facet normal -0 0 1
    outer loop
      vertex 34.2055 0.802929 95
      vertex 35.3368 -1.31368 95
      vertex 34.7779 1.14601 95
    endloop
  endfacet
  facet normal 0 0 1
    outer loop
      vertex 35.3368 -1.31368 95
      vertex 34.2055 0.802929 95
      vertex 34.5207 -1.69969 95
    endloop
  endfacet
  facet normal -0 0 1
    outer loop
      vertex 33.6022 0.51762 95
      vertex 34.5207 -1.69969 95
      vertex 34.2055 0.802929 95
    endloop
  endfacet
  facet normal 0 0 1
    outer loop
      vertex 34.5207 -1.69969 95
      vertex 33.6022 0.51762 95
      vertex 33.6706 -2.00385 95
    endloop
  endfacet
  facet normal -0 0 1
    outer loop
      vertex 32.9739 0.292812 95
      vertex 33.6706 -2.00385 95
      vertex 33.6022 0.51762 95
    endloop
  endfacet
  facet normal 0 0 1
    outer loop
      vertex 32.9739 0.292812 95
      vertex 32.7948 -2.22322 95
      vertex 33.6706 -2.00385 95
    endloop
  endfacet
  facet normal -0 0 1
    outer loop
      vertex 32.3266 0.130657 95
      vertex 32.7948 -2.22322 95
      vertex 32.9739 0.292812 95
    endloop
  endfacet
  facet normal 0 0 1
    outer loop
      vertex 32.3266 0.130657 95
      vertex 31.9017 -2.3557 95
      vertex 32.7948 -2.22322 95
    endloop
  endfacet
  facet normal -0 0 1
    outer loop
      vertex 31.6665 0.0327415 95
      vertex 31.9017 -2.3557 95
      vertex 32.3266 0.130657 95
    endloop
  endfacet
  facet normal -0 0 1
    outer loop
      vertex 31 -2.86102e-06 95
      vertex 31.9017 -2.3557 95
      vertex 31.6665 0.0327415 95
    endloop
  endfacet
  facet normal 0 0 1
    outer loop
      vertex 31 -2.86102e-06 95
      vertex 31 -2.4 95
      vertex 31.9017 -2.3557 95
    endloop
  endfacet
  facet normal -0 0 1
    outer loop
      vertex 23 -2.86102e-06 95
      vertex 31 -2.4 95
      vertex 31 -2.86102e-06 95
    endloop
  endfacet
  facet normal 0 0 1
    outer loop
      vertex 31 -2.4 95
      vertex 23 -2.86102e-06 95
      vertex 23 -2.4 95
    endloop
  endfacet
  facet normal 0.671535 -0.740973 0
    outer loop
      vertex 36.8364 -0.311694 0
      vertex 37.5054 0.294613 95
      vertex 36.8364 -0.311694 95
    endloop
  endfacet
  facet normal 0.671535 -0.740973 0
    outer loop
      vertex 37.5054 0.294613 95
      vertex 36.8364 -0.311694 0
      vertex 37.5054 0.294613 0
    endloop
  endfacet
  facet normal 0.998796 0.0490648 0
    outer loop
      vertex 40.2 22.8 95
      vertex 40.1557 23.7018 0
      vertex 40.1557 23.7018 95
    endloop
  endfacet
  facet normal 0.998796 0.0490648 0
    outer loop
      vertex 40.1557 23.7018 0
      vertex 40.2 22.8 95
      vertex 40.2 22.8 0
    endloop
  endfacet
  facet normal 0.242973 -0.970033 0
    outer loop
      vertex 32.7948 -2.22322 0
      vertex 33.6706 -2.00385 95
      vertex 32.7948 -2.22322 95
    endloop
  endfacet
  facet normal 0.242973 -0.970033 0
    outer loop
      vertex 33.6706 -2.00385 95
      vertex 32.7948 -2.22322 0
      vertex 33.6706 -2.00385 0
    endloop
  endfacet
  facet normal -0.243001 0.970026 0
    outer loop
      vertex 32.9739 0.292812 2.4
      vertex 32.3266 0.130657 95
      vertex 32.9739 0.292812 95
    endloop
  endfacet
  facet normal -0.243001 0.970026 0
    outer loop
      vertex 32.3266 0.130657 95
      vertex 32.9739 0.292812 2.4
      vertex 32.3266 0.130657 2.4
    endloop
  endfacet
  facet normal -0.970047 0.242916 0
    outer loop
      vertex 37.5072 4.82606 2.4
      vertex 37.6693 5.47338 95
      vertex 37.6693 5.47338 2.4
    endloop
  endfacet
  facet normal -0.970047 0.242916 0
    outer loop
      vertex 37.6693 5.47338 95
      vertex 37.5072 4.82606 2.4
      vertex 37.5072 4.82606 95
    endloop
  endfacet
  facet normal 0 1 0
    outer loop
      vertex 31 -2.86102e-06 95
      vertex 23 -2.86102e-06 14
      vertex 23 -2.86102e-06 95
    endloop
  endfacet
  facet normal 0 1 0
    outer loop
      vertex 23 -2.86102e-06 14
      vertex 31 -2.86102e-06 2.4
      vertex -23 -2.86102e-06 14
    endloop
  endfacet
  facet normal 0 1 -0
    outer loop
      vertex 31 -2.86102e-06 2.4
      vertex 23 -2.86102e-06 14
      vertex 31 -2.86102e-06 95
    endloop
  endfacet
  facet normal 0 1 -0
    outer loop
      vertex -23 -2.86102e-06 14
      vertex -31 -2.86102e-06 95
      vertex -23 -2.86102e-06 95
    endloop
  endfacet
  facet normal 0 1 0
    outer loop
      vertex -23 -2.86102e-06 14
      vertex -31 -2.86102e-06 2.4
      vertex -31 -2.86102e-06 95
    endloop
  endfacet
  facet normal 0 1 0
    outer loop
      vertex -31 -2.86102e-06 2.4
      vertex -23 -2.86102e-06 14
      vertex 31 -2.86102e-06 2.4
    endloop
  endfacet
  facet normal -0.146729 0.989177 0
    outer loop
      vertex 32.3266 0.130657 2.4
      vertex 31.6665 0.0327415 95
      vertex 32.3266 0.130657 95
    endloop
  endfacet
  facet normal -0.146729 0.989177 0
    outer loop
      vertex 31.6665 0.0327415 95
      vertex 32.3266 0.130657 2.4
      vertex 31.6665 0.0327415 2.4
    endloop
  endfacet
  facet normal -0.0490696 0.998795 0
    outer loop
      vertex 31.6665 0.0327415 2.4
      vertex 31 -2.86102e-06 95
      vertex 31.6665 0.0327415 95
    endloop
  endfacet
  facet normal -0.0490696 0.998795 0
    outer loop
      vertex 31 -2.86102e-06 95
      vertex 31.6665 0.0327415 2.4
      vertex 31 -2.86102e-06 2.4
    endloop
  endfacet
  facet normal 0.243001 0.970026 -0
    outer loop
      vertex -32.3266 0.130657 2.4
      vertex -32.9739 0.292812 95
      vertex -32.3266 0.130657 95
    endloop
  endfacet
  facet normal 0.243001 0.970026 0
    outer loop
      vertex -32.9739 0.292812 95
      vertex -32.3266 0.130657 2.4
      vertex -32.9739 0.292812 2.4
    endloop
  endfacet
  facet normal 0.998791 0.0491513 0
    outer loop
      vertex -37.7672 6.13348 95
      vertex -37.8 6.8 2.4
      vertex -37.8 6.8 95
    endloop
  endfacet
  facet normal 0.998791 0.0491513 0
    outer loop
      vertex -37.8 6.8 2.4
      vertex -37.7672 6.13348 95
      vertex -37.7672 6.13348 2.4
    endloop
  endfacet
  facet normal 0.242923 -0.970045 0
    outer loop
      vertex -32.9739 29.3072 2.4
      vertex -32.3266 29.4693 95
      vertex -32.9739 29.3072 95
    endloop
  endfacet
  facet normal 0.242923 -0.970045 0
    outer loop
      vertex -32.3266 29.4693 95
      vertex -32.9739 29.3072 2.4
      vertex -32.3266 29.4693 2.4
    endloop
  endfacet
  facet normal -0.803225 -0.595675 0
    outer loop
      vertex 36.654 26.5779 2.4
      vertex 36.2565 27.1139 95
      vertex 36.2565 27.1139 2.4
    endloop
  endfacet
  facet normal -0.803225 -0.595675 0
    outer loop
      vertex 36.2565 27.1139 95
      vertex 36.654 26.5779 2.4
      vertex 36.654 26.5779 95
    endloop
  endfacet
  facet normal 1 -0 0
    outer loop
      vertex -37.8 6.8 95
      vertex -37.8 22.8 2.4
      vertex -37.8 22.8 95
    endloop
  endfacet
  facet normal 1 0 0
    outer loop
      vertex -37.8 22.8 2.4
      vertex -37.8 6.8 95
      vertex -37.8 6.8 2.4
    endloop
  endfacet
  facet normal 0.970045 -0.242923 0
    outer loop
      vertex -37.6693 24.1266 95
      vertex -37.5072 24.7739 2.4
      vertex -37.5072 24.7739 95
    endloop
  endfacet
  facet normal 0.970045 -0.242923 0
    outer loop
      vertex -37.5072 24.7739 2.4
      vertex -37.6693 24.1266 95
      vertex -37.6693 24.1266 2.4
    endloop
  endfacet
  facet normal -0.671643 -0.740875 0
    outer loop
      vertex 35.3139 28.0565 2.4
      vertex 35.8083 27.6083 95
      vertex 35.3139 28.0565 95
    endloop
  endfacet
  facet normal -0.671643 -0.740875 -0
    outer loop
      vertex 35.8083 27.6083 95
      vertex 35.3139 28.0565 2.4
      vertex 35.8083 27.6083 2.4
    endloop
  endfacet
  facet normal 0.740909 0.671606 0
    outer loop
      vertex -35.8083 1.99168 95
      vertex -36.2565 2.48613 2.4
      vertex -36.2565 2.48613 95
    endloop
  endfacet
  facet normal 0.740909 0.671606 0
    outer loop
      vertex -36.2565 2.48613 2.4
      vertex -35.8083 1.99168 95
      vertex -35.8083 1.99168 2.4
    endloop
  endfacet
  facet normal 0.427507 -0.904012 0
    outer loop
      vertex -34.2055 28.7971 2.4
      vertex -33.6022 29.0824 95
      vertex -34.2055 28.7971 95
    endloop
  endfacet
  facet normal 0.427507 -0.904012 0
    outer loop
      vertex -33.6022 29.0824 95
      vertex -34.2055 28.7971 2.4
      vertex -33.6022 29.0824 2.4
    endloop
  endfacet
  facet normal 0.98918 0.146706 0
    outer loop
      vertex -37.6693 5.47338 95
      vertex -37.7672 6.13348 2.4
      vertex -37.7672 6.13348 95
    endloop
  endfacet
  facet normal 0.98918 0.146706 0
    outer loop
      vertex -37.7672 6.13348 2.4
      vertex -37.6693 5.47338 95
      vertex -37.6693 5.47338 2.4
    endloop
  endfacet
  facet normal -0.0490033 -0.998799 0
    outer loop
      vertex 31 29.6 2.4
      vertex 31.6665 29.5673 95
      vertex 31 29.6 95
    endloop
  endfacet
  facet normal -0.0490033 -0.998799 -0
    outer loop
      vertex 31.6665 29.5673 95
      vertex 31 29.6 2.4
      vertex 31.6665 29.5673 2.4
    endloop
  endfacet
  facet normal 0.336888 0.941545 -0
    outer loop
      vertex -32.9739 0.292812 2.4
      vertex -33.6022 0.51762 95
      vertex -32.9739 0.292812 95
    endloop
  endfacet
  facet normal 0.336888 0.941545 0
    outer loop
      vertex -33.6022 0.51762 95
      vertex -32.9739 0.292812 2.4
      vertex -33.6022 0.51762 2.4
    endloop
  endfacet
  facet normal -0.740909 0.671606 0
    outer loop
      vertex 35.8083 1.99168 2.4
      vertex 36.2565 2.48613 95
      vertex 36.2565 2.48613 2.4
    endloop
  endfacet
  facet normal -0.740909 0.671606 0
    outer loop
      vertex 36.2565 2.48613 95
      vertex 35.8083 1.99168 2.4
      vertex 35.8083 1.99168 95
    endloop
  endfacet
  facet normal 0 -1 0
    outer loop
      vertex -23.8 29.6 9
      vertex 23.8 29.6 35
      vertex -23.8 29.6 35
    endloop
  endfacet
  facet normal 0 -1 -0
    outer loop
      vertex 23.8 29.6 35
      vertex -23.8 29.6 9
      vertex 23.8 29.6 9
    endloop
  endfacet
  facet normal 0 -1 0
    outer loop
      vertex 23.8 29.6 60
      vertex 9 29.6 95
      vertex -23.8 29.6 60
    endloop
  endfacet
  facet normal 0 -1 0
    outer loop
      vertex 9 29.6 95
      vertex 23.8 29.6 60
      vertex 23.8 29.6 86
    endloop
  endfacet
  facet normal 0 -1 0
    outer loop
      vertex -23.8 29.6 86
      vertex -9 29.6 95
      vertex -31 29.6 95
    endloop
  endfacet
  facet normal 0 -1 0
    outer loop
      vertex -23.8 29.6 60
      vertex -9 29.6 95
      vertex -23.8 29.6 86
    endloop
  endfacet
  facet normal 0 -1 0
    outer loop
      vertex -23.8 29.6 86
      vertex -31 29.6 95
      vertex -27.8 29.6 86
    endloop
  endfacet
  facet normal 0 -1 0
    outer loop
      vertex -31 29.6 95
      vertex -27.8 29.6 60
      vertex -27.8 29.6 86
    endloop
  endfacet
  facet normal 0 -1 0
    outer loop
      vertex -23.8 29.6 35
      vertex -23.8 29.6 60
      vertex -27.8 29.6 60
    endloop
  endfacet
  facet normal 0 -1 0
    outer loop
      vertex -23.8 29.6 60
      vertex -23.8 29.6 35
      vertex 23.8 29.6 60
    endloop
  endfacet
  facet normal 0 -1 0
    outer loop
      vertex -23.8 29.6 35
      vertex -27.8 29.6 60
      vertex -27.8 29.6 35
    endloop
  endfacet
  facet normal 0 -1 0
    outer loop
      vertex -31 29.6 95
      vertex -27.8 29.6 35
      vertex -27.8 29.6 60
    endloop
  endfacet
  facet normal 0 -1 0
    outer loop
      vertex -31 29.6 2.4
      vertex -27.8 29.6 35
      vertex -31 29.6 95
    endloop
  endfacet
  facet normal 0 -1 0
    outer loop
      vertex -31 29.6 2.4
      vertex -23.8 29.6 9
      vertex -27.8 29.6 9
    endloop
  endfacet
  facet normal 0 -1 -0
    outer loop
      vertex -23.8 29.6 9
      vertex -31 29.6 2.4
      vertex 23.8 29.6 9
    endloop
  endfacet
  facet normal 0 -1 0
    outer loop
      vertex 31 29.6 2.4
      vertex 23.8 29.6 9
      vertex -31 29.6 2.4
    endloop
  endfacet
  facet normal 0 -1 -0
    outer loop
      vertex -27.8 29.6 35
      vertex -31 29.6 2.4
      vertex -27.8 29.6 9
    endloop
  endfacet
  facet normal 0 -1 -0
    outer loop
      vertex -9 29.6 95
      vertex -23.8 29.6 60
      vertex 9 29.6 95
    endloop
  endfacet
  facet normal 0 -1 0
    outer loop
      vertex 9 29.6 95
      vertex 23.8 29.6 86
      vertex 31 29.6 95
    endloop
  endfacet
  facet normal 0 -1 0
    outer loop
      vertex 27.8 29.6 86
      vertex 31 29.6 95
      vertex 23.8 29.6 86
    endloop
  endfacet
  facet normal 0 -1 0
    outer loop
      vertex 27.8 29.6 60
      vertex 31 29.6 95
      vertex 27.8 29.6 86
    endloop
  endfacet
  facet normal 0 -1 0
    outer loop
      vertex 23.8 29.6 35
      vertex 23.8 29.6 60
      vertex -23.8 29.6 35
    endloop
  endfacet
  facet normal 0 -1 0
    outer loop
      vertex 23.8 29.6 60
      vertex 23.8 29.6 35
      vertex 27.8 29.6 60
    endloop
  endfacet
  facet normal 0 -1 0
    outer loop
      vertex 27.8 29.6 35
      vertex 27.8 29.6 60
      vertex 23.8 29.6 35
    endloop
  endfacet
  facet normal 0 -1 0
    outer loop
      vertex 27.8 29.6 35
      vertex 31 29.6 95
      vertex 27.8 29.6 60
    endloop
  endfacet
  facet normal 0 -1 0
    outer loop
      vertex 31 29.6 2.4
      vertex 27.8 29.6 35
      vertex 27.8 29.6 9
    endloop
  endfacet
  facet normal 0 -1 0
    outer loop
      vertex 27.8 29.6 35
      vertex 31 29.6 2.4
      vertex 31 29.6 95
    endloop
  endfacet
  facet normal 0 -1 0
    outer loop
      vertex 23.8 29.6 9
      vertex 31 29.6 2.4
      vertex 27.8 29.6 9
    endloop
  endfacet
  facet normal -0.146853 -0.989158 0
    outer loop
      vertex 31.6665 29.5673 2.4
      vertex 32.3266 29.4693 95
      vertex 31.6665 29.5673 95
    endloop
  endfacet
  facet normal -0.146853 -0.989158 -0
    outer loop
      vertex 32.3266 29.4693 95
      vertex 31.6665 29.5673 2.4
      vertex 32.3266 29.4693 2.4
    endloop
  endfacet
  facet normal -1 0 0
    outer loop
      vertex 37.8 6.8 2.4
      vertex 37.8 22.8 95
      vertex 37.8 22.8 2.4
    endloop
  endfacet
  facet normal -1 -0 0
    outer loop
      vertex 37.8 22.8 95
      vertex 37.8 6.8 2.4
      vertex 37.8 6.8 95
    endloop
  endfacet
  facet normal 0.336877 -0.941549 0
    outer loop
      vertex -33.6022 29.0824 2.4
      vertex -32.9739 29.3072 95
      vertex -33.6022 29.0824 95
    endloop
  endfacet
  facet normal 0.336877 -0.941549 0
    outer loop
      vertex -32.9739 29.3072 95
      vertex -33.6022 29.0824 2.4
      vertex -32.9739 29.3072 2.4
    endloop
  endfacet
  facet normal 0 0 1
    outer loop
      vertex 26.7807 21.9921 2.4
      vertex 37.8 22.8 2.4
      vertex 37.7672 23.4665 2.4
    endloop
  endfacet
  facet normal 0 0 1
    outer loop
      vertex 37.8 22.8 2.4
      vertex 26.8 21.6 2.4
      vertex 37.8 6.8 2.4
    endloop
  endfacet
  facet normal 0 0 1
    outer loop
      vertex 26.7807 21.9921 2.4
      vertex 37.7672 23.4665 2.4
      vertex 37.6693 24.1266 2.4
    endloop
  endfacet
  facet normal -0 0 1
    outer loop
      vertex 26.8 8.00001 2.4
      vertex 37.8 6.8 2.4
      vertex 26.8 21.6 2.4
    endloop
  endfacet
  facet normal 0 0 1
    outer loop
      vertex 26.7231 22.3804 2.4
      vertex 37.6693 24.1266 2.4
      vertex 37.5072 24.7739 2.4
    endloop
  endfacet
  facet normal -0 0 1
    outer loop
      vertex 26.7807 7.60794 2.4
      vertex 37.8 6.8 2.4
      vertex 26.8 8.00001 2.4
    endloop
  endfacet
  facet normal 0 0 1
    outer loop
      vertex 26.7231 22.3804 2.4
      vertex 37.5072 24.7739 2.4
      vertex 37.2824 25.4022 2.4
    endloop
  endfacet
  facet normal 0 0 1
    outer loop
      vertex 37.8 6.8 2.4
      vertex 26.7807 7.60794 2.4
      vertex 37.7672 6.13348 2.4
    endloop
  endfacet
  facet normal 0 0 1
    outer loop
      vertex 26.7231 22.3804 2.4
      vertex 37.2824 25.4022 2.4
      vertex 36.9971 26.0055 2.4
    endloop
  endfacet
  facet normal 0 0 1
    outer loop
      vertex 37.7672 6.13348 2.4
      vertex 26.7807 7.60794 2.4
      vertex 37.6693 5.47338 2.4
    endloop
  endfacet
  facet normal 0 0 1
    outer loop
      vertex 26.7231 22.3804 2.4
      vertex 36.9971 26.0055 2.4
      vertex 36.654 26.5779 2.4
    endloop
  endfacet
  facet normal -0 0 1
    outer loop
      vertex 26.7231 7.21965 2.4
      vertex 37.6693 5.47338 2.4
      vertex 26.7807 7.60794 2.4
    endloop
  endfacet
  facet normal 0 0 1
    outer loop
      vertex 26.7231 22.3804 2.4
      vertex 36.654 26.5779 2.4
      vertex 36.2565 27.1139 2.4
    endloop
  endfacet
  facet normal 0 0 1
    outer loop
      vertex 37.6693 5.47338 2.4
      vertex 26.7231 7.21965 2.4
      vertex 37.5072 4.82606 2.4
    endloop
  endfacet
  facet normal 0 0 1
    outer loop
      vertex 26.7231 22.3804 2.4
      vertex 36.2565 27.1139 2.4
      vertex 35.8083 27.6083 2.4
    endloop
  endfacet
  facet normal 0 0 1
    outer loop
      vertex 37.5072 4.82606 2.4
      vertex 26.7231 7.21965 2.4
      vertex 37.2824 4.19775 2.4
    endloop
  endfacet
  facet normal 0 0 1
    outer loop
      vertex 26.7231 22.3804 2.4
      vertex 35.8083 27.6083 2.4
      vertex 35.3139 28.0565 2.4
    endloop
  endfacet
  facet normal 0 0 1
    outer loop
      vertex 37.2824 4.19775 2.4
      vertex 26.7231 7.21965 2.4
      vertex 36.9971 3.59449 2.4
    endloop
  endfacet
  facet normal 0 0 1
    outer loop
      vertex 26.6277 22.7611 2.4
      vertex 35.3139 28.0565 2.4
      vertex 34.7779 28.454 2.4
    endloop
  endfacet
  facet normal 0 0 1
    outer loop
      vertex 36.9971 3.59449 2.4
      vertex 26.7231 7.21965 2.4
      vertex 36.654 3.02212 2.4
    endloop
  endfacet
  facet normal 0 0 1
    outer loop
      vertex 26.6277 22.7611 2.4
      vertex 34.7779 28.454 2.4
      vertex 34.2055 28.7971 2.4
    endloop
  endfacet
  facet normal 0 0 1
    outer loop
      vertex 36.654 3.02212 2.4
      vertex 26.7231 7.21965 2.4
      vertex 36.2565 2.48613 2.4
    endloop
  endfacet
  facet normal 0 0 1
    outer loop
      vertex 26.6277 22.7611 2.4
      vertex 34.2055 28.7971 2.4
      vertex 33.6022 29.0824 2.4
    endloop
  endfacet
  facet normal 0 0 1
    outer loop
      vertex 36.2565 2.48613 2.4
      vertex 26.7231 7.21965 2.4
      vertex 35.8083 1.99168 2.4
    endloop
  endfacet
  facet normal 0 0 1
    outer loop
      vertex 26.6277 22.7611 2.4
      vertex 33.6022 29.0824 2.4
      vertex 32.9739 29.3072 2.4
    endloop
  endfacet
  facet normal 0 0 1
    outer loop
      vertex 35.8083 1.99168 2.4
      vertex 26.7231 7.21965 2.4
      vertex 35.3139 1.54353 2.4
    endloop
  endfacet
  facet normal 0 0 1
    outer loop
      vertex 26.6277 22.7611 2.4
      vertex 32.9739 29.3072 2.4
      vertex 32.3266 29.4693 2.4
    endloop
  endfacet
  facet normal -0 0 1
    outer loop
      vertex 26.6277 6.83888 2.4
      vertex 35.3139 1.54353 2.4
      vertex 26.7231 7.21965 2.4
    endloop
  endfacet
  facet normal 0 0 1
    outer loop
      vertex 26.6277 22.7611 2.4
      vertex 32.3266 29.4693 2.4
      vertex 31.6665 29.5673 2.4
    endloop
  endfacet
  facet normal 0 0 1
    outer loop
      vertex 35.3139 1.54353 2.4
      vertex 26.6277 6.83888 2.4
      vertex 34.7779 1.14601 2.4
    endloop
  endfacet
  facet normal 0 0 1
    outer loop
      vertex 26.4955 23.1307 2.4
      vertex 31.6665 29.5673 2.4
      vertex 31 29.6 2.4
    endloop
  endfacet
  facet normal 0 0 1
    outer loop
      vertex 34.7779 1.14601 2.4
      vertex 26.6277 6.83888 2.4
      vertex 34.2055 0.802929 2.4
    endloop
  endfacet
  facet normal 0 0 1
    outer loop
      vertex 34.2055 0.802929 2.4
      vertex 26.6277 6.83888 2.4
      vertex 33.6022 0.51762 2.4
    endloop
  endfacet
  facet normal 0 0 1
    outer loop
      vertex 37.8 22.8 2.4
      vertex 26.7807 21.9921 2.4
      vertex 26.8 21.6 2.4
    endloop
  endfacet
  facet normal 0 0 1
    outer loop
      vertex 37.6693 24.1266 2.4
      vertex 26.7231 22.3804 2.4
      vertex 26.7807 21.9921 2.4
    endloop
  endfacet
  facet normal 0 0 1
    outer loop
      vertex 35.3139 28.0565 2.4
      vertex 26.6277 22.7611 2.4
      vertex 26.7231 22.3804 2.4
    endloop
  endfacet
  facet normal 0 0 1
    outer loop
      vertex 31.6665 29.5673 2.4
      vertex 26.4955 23.1307 2.4
      vertex 26.6277 22.7611 2.4
    endloop
  endfacet
  facet normal 0 0 1
    outer loop
      vertex 31 29.6 2.4
      vertex 26.3277 23.4856 2.4
      vertex 26.4955 23.1307 2.4
    endloop
  endfacet
  facet normal 0 0 1
    outer loop
      vertex 31 29.6 2.4
      vertex 26.1259 23.8223 2.4
      vertex 26.3277 23.4856 2.4
    endloop
  endfacet
  facet normal 0 0 1
    outer loop
      vertex 31 29.6 2.4
      vertex 25.892 24.1376 2.4
      vertex 26.1259 23.8223 2.4
    endloop
  endfacet
  facet normal 0 0 1
    outer loop
      vertex 31 29.6 2.4
      vertex 25.6284 24.4284 2.4
      vertex 25.892 24.1376 2.4
    endloop
  endfacet
  facet normal 0 0 1
    outer loop
      vertex 31 29.6 2.4
      vertex 25.3376 24.692 2.4
      vertex 25.6284 24.4284 2.4
    endloop
  endfacet
  facet normal 0 0 1
    outer loop
      vertex 31 29.6 2.4
      vertex 25.0223 24.9259 2.4
      vertex 25.3376 24.692 2.4
    endloop
  endfacet
  facet normal 0 0 1
    outer loop
      vertex 31 29.6 2.4
      vertex 24.6856 25.1277 2.4
      vertex 25.0223 24.9259 2.4
    endloop
  endfacet
  facet normal 0 0 1
    outer loop
      vertex 31 29.6 2.4
      vertex 24.3307 25.2955 2.4
      vertex 24.6856 25.1277 2.4
    endloop
  endfacet
  facet normal 0 0 1
    outer loop
      vertex 31 29.6 2.4
      vertex 23.9611 25.4277 2.4
      vertex 24.3307 25.2955 2.4
    endloop
  endfacet
  facet normal 0 0 1
    outer loop
      vertex 31 29.6 2.4
      vertex 23.5804 25.5231 2.4
      vertex 23.9611 25.4277 2.4
    endloop
  endfacet
  facet normal 0 0 1
    outer loop
      vertex 31 29.6 2.4
      vertex 23.1921 25.5807 2.4
      vertex 23.5804 25.5231 2.4
    endloop
  endfacet
  facet normal 0 0 1
    outer loop
      vertex 31 29.6 2.4
      vertex 22.8 25.6 2.4
      vertex 23.1921 25.5807 2.4
    endloop
  endfacet
  facet normal 0 0 1
    outer loop
      vertex 31 29.6 2.4
      vertex -22.8 25.6 2.4
      vertex 22.8 25.6 2.4
    endloop
  endfacet
  facet normal -0 0 1
    outer loop
      vertex -31 29.6 2.4
      vertex -22.8 25.6 2.4
      vertex 31 29.6 2.4
    endloop
  endfacet
  facet normal -0 0 1
    outer loop
      vertex -33.6022 29.0824 2.4
      vertex -26.6277 22.7611 2.4
      vertex -32.9739 29.3072 2.4
    endloop
  endfacet
  facet normal -0 0 1
    outer loop
      vertex -32.9739 29.3072 2.4
      vertex -26.6277 22.7611 2.4
      vertex -32.3266 29.4693 2.4
    endloop
  endfacet
  facet normal -0 0 1
    outer loop
      vertex -32.3266 29.4693 2.4
      vertex -26.6277 22.7611 2.4
      vertex -31.6665 29.5673 2.4
    endloop
  endfacet
  facet normal 0 0 1
    outer loop
      vertex -26.4955 23.1307 2.4
      vertex -31.6665 29.5673 2.4
      vertex -26.6277 22.7611 2.4
    endloop
  endfacet
  facet normal -0 0 1
    outer loop
      vertex -31.6665 29.5673 2.4
      vertex -26.4955 23.1307 2.4
      vertex -31 29.6 2.4
    endloop
  endfacet
  facet normal 0 0 1
    outer loop
      vertex -26.3277 23.4856 2.4
      vertex -31 29.6 2.4
      vertex -26.4955 23.1307 2.4
    endloop
  endfacet
  facet normal 0 0 1
    outer loop
      vertex -26.1259 23.8223 2.4
      vertex -31 29.6 2.4
      vertex -26.3277 23.4856 2.4
    endloop
  endfacet
  facet normal 0 0 1
    outer loop
      vertex -25.892 24.1376 2.4
      vertex -31 29.6 2.4
      vertex -26.1259 23.8223 2.4
    endloop
  endfacet
  facet normal 0 0 1
    outer loop
      vertex -25.6284 24.4284 2.4
      vertex -31 29.6 2.4
      vertex -25.892 24.1376 2.4
    endloop
  endfacet
  facet normal 0 0 1
    outer loop
      vertex -25.3376 24.692 2.4
      vertex -31 29.6 2.4
      vertex -25.6284 24.4284 2.4
    endloop
  endfacet
  facet normal 0 0 1
    outer loop
      vertex -25.0223 24.9259 2.4
      vertex -31 29.6 2.4
      vertex -25.3376 24.692 2.4
    endloop
  endfacet
  facet normal 0 0 1
    outer loop
      vertex -24.6856 25.1277 2.4
      vertex -31 29.6 2.4
      vertex -25.0223 24.9259 2.4
    endloop
  endfacet
  facet normal 0 0 1
    outer loop
      vertex -24.3307 25.2955 2.4
      vertex -31 29.6 2.4
      vertex -24.6856 25.1277 2.4
    endloop
  endfacet
  facet normal 0 0 1
    outer loop
      vertex -23.9611 25.4277 2.4
      vertex -31 29.6 2.4
      vertex -24.3307 25.2955 2.4
    endloop
  endfacet
  facet normal 0 0 1
    outer loop
      vertex -23.5804 25.5231 2.4
      vertex -31 29.6 2.4
      vertex -23.9611 25.4277 2.4
    endloop
  endfacet
  facet normal 0 0 1
    outer loop
      vertex -23.1921 25.5807 2.4
      vertex -31 29.6 2.4
      vertex -23.5804 25.5231 2.4
    endloop
  endfacet
  facet normal 0 0 1
    outer loop
      vertex -22.8 25.6 2.4
      vertex -31 29.6 2.4
      vertex -23.1921 25.5807 2.4
    endloop
  endfacet
  facet normal 0 0 1
    outer loop
      vertex 33.6022 0.51762 2.4
      vertex 26.6277 6.83888 2.4
      vertex 32.9739 0.292812 2.4
    endloop
  endfacet
  facet normal 0 0 1
    outer loop
      vertex 32.9739 0.292812 2.4
      vertex 26.6277 6.83888 2.4
      vertex 32.3266 0.130657 2.4
    endloop
  endfacet
  facet normal 0 0 1
    outer loop
      vertex 32.3266 0.130657 2.4
      vertex 26.6277 6.83888 2.4
      vertex 31.6665 0.0327415 2.4
    endloop
  endfacet
  facet normal -0 0 1
    outer loop
      vertex 26.4955 6.46928 2.4
      vertex 31.6665 0.0327415 2.4
      vertex 26.6277 6.83888 2.4
    endloop
  endfacet
  facet normal 0 0 1
    outer loop
      vertex 31.6665 0.0327415 2.4
      vertex 26.4955 6.46928 2.4
      vertex 31 -2.86102e-06 2.4
    endloop
  endfacet
  facet normal -0 0 1
    outer loop
      vertex 26.3277 6.11442 2.4
      vertex 31 -2.86102e-06 2.4
      vertex 26.4955 6.46928 2.4
    endloop
  endfacet
  facet normal -0 0 1
    outer loop
      vertex 26.1259 5.77774 2.4
      vertex 31 -2.86102e-06 2.4
      vertex 26.3277 6.11442 2.4
    endloop
  endfacet
  facet normal -0 0 1
    outer loop
      vertex 25.892 5.46244 2.4
      vertex 31 -2.86102e-06 2.4
      vertex 26.1259 5.77774 2.4
    endloop
  endfacet
  facet normal -0 0 1
    outer loop
      vertex 25.6284 5.17158 2.4
      vertex 31 -2.86102e-06 2.4
      vertex 25.892 5.46244 2.4
    endloop
  endfacet
  facet normal -0 0 1
    outer loop
      vertex 25.3376 4.90797 2.4
      vertex 31 -2.86102e-06 2.4
      vertex 25.6284 5.17158 2.4
    endloop
  endfacet
  facet normal -0 0 1
    outer loop
      vertex 25.0223 4.67413 2.4
      vertex 31 -2.86102e-06 2.4
      vertex 25.3376 4.90797 2.4
    endloop
  endfacet
  facet normal -0 0 1
    outer loop
      vertex 24.6856 4.47233 2.4
      vertex 31 -2.86102e-06 2.4
      vertex 25.0223 4.67413 2.4
    endloop
  endfacet
  facet normal -0 0 1
    outer loop
      vertex 24.3307 4.3045 2.4
      vertex 31 -2.86102e-06 2.4
      vertex 24.6856 4.47233 2.4
    endloop
  endfacet
  facet normal -0 0 1
    outer loop
      vertex 23.9611 4.17225 2.4
      vertex 31 -2.86102e-06 2.4
      vertex 24.3307 4.3045 2.4
    endloop
  endfacet
  facet normal -0 0 1
    outer loop
      vertex 23.5804 4.07687 2.4
      vertex 31 -2.86102e-06 2.4
      vertex 23.9611 4.17225 2.4
    endloop
  endfacet
  facet normal -0 0 1
    outer loop
      vertex 23.1921 4.01927 2.4
      vertex 31 -2.86102e-06 2.4
      vertex 23.5804 4.07687 2.4
    endloop
  endfacet
  facet normal -0 0 1
    outer loop
      vertex 22.8 4.00001 2.4
      vertex 31 -2.86102e-06 2.4
      vertex 23.1921 4.01927 2.4
    endloop
  endfacet
  facet normal -0 0 1
    outer loop
      vertex -22.8 4.00001 2.4
      vertex 31 -2.86102e-06 2.4
      vertex 22.8 4.00001 2.4
    endloop
  endfacet
  facet normal 0 0 1
    outer loop
      vertex -31 -2.86102e-06 2.4
      vertex -22.8 4.00001 2.4
      vertex -23.1921 4.01927 2.4
    endloop
  endfacet
  facet normal 0 0 1
    outer loop
      vertex -26.8 21.6 2.4
      vertex -37.8 22.8 2.4
      vertex -26.8 8.00001 2.4
    endloop
  endfacet
  facet normal 0 0 1
    outer loop
      vertex -37.8 6.8 2.4
      vertex -26.8 8.00001 2.4
      vertex -37.8 22.8 2.4
    endloop
  endfacet
  facet normal 0 0 1
    outer loop
      vertex -22.8 4.00001 2.4
      vertex -31 -2.86102e-06 2.4
      vertex 31 -2.86102e-06 2.4
    endloop
  endfacet
  facet normal 0 0 1
    outer loop
      vertex -23.5804 4.07687 2.4
      vertex -31 -2.86102e-06 2.4
      vertex -23.1921 4.01927 2.4
    endloop
  endfacet
  facet normal 0 0 1
    outer loop
      vertex -23.9611 4.17225 2.4
      vertex -31 -2.86102e-06 2.4
      vertex -23.5804 4.07687 2.4
    endloop
  endfacet
  facet normal 0 0 1
    outer loop
      vertex -24.3307 4.3045 2.4
      vertex -31 -2.86102e-06 2.4
      vertex -23.9611 4.17225 2.4
    endloop
  endfacet
  facet normal 0 0 1
    outer loop
      vertex -24.6856 4.47233 2.4
      vertex -31 -2.86102e-06 2.4
      vertex -24.3307 4.3045 2.4
    endloop
  endfacet
  facet normal 0 0 1
    outer loop
      vertex -25.0223 4.67413 2.4
      vertex -31 -2.86102e-06 2.4
      vertex -24.6856 4.47233 2.4
    endloop
  endfacet
  facet normal 0 0 1
    outer loop
      vertex -25.3376 4.90797 2.4
      vertex -31 -2.86102e-06 2.4
      vertex -25.0223 4.67413 2.4
    endloop
  endfacet
  facet normal 0 0 1
    outer loop
      vertex -25.6284 5.17158 2.4
      vertex -31 -2.86102e-06 2.4
      vertex -25.3376 4.90797 2.4
    endloop
  endfacet
  facet normal 0 0 1
    outer loop
      vertex -25.892 5.46244 2.4
      vertex -31 -2.86102e-06 2.4
      vertex -25.6284 5.17158 2.4
    endloop
  endfacet
  facet normal 0 0 1
    outer loop
      vertex -26.1259 5.77774 2.4
      vertex -31 -2.86102e-06 2.4
      vertex -25.892 5.46244 2.4
    endloop
  endfacet
  facet normal 0 0 1
    outer loop
      vertex -26.3277 6.11442 2.4
      vertex -31 -2.86102e-06 2.4
      vertex -26.1259 5.77774 2.4
    endloop
  endfacet
  facet normal 0 0 1
    outer loop
      vertex -26.4955 6.46928 2.4
      vertex -31 -2.86102e-06 2.4
      vertex -26.3277 6.11442 2.4
    endloop
  endfacet
  facet normal 0 0 1
    outer loop
      vertex -31.6665 0.0327415 2.4
      vertex -26.4955 6.46928 2.4
      vertex -26.6277 6.83888 2.4
    endloop
  endfacet
  facet normal 0 0 1
    outer loop
      vertex -35.3139 1.54353 2.4
      vertex -26.6277 6.83888 2.4
      vertex -26.7231 7.21965 2.4
    endloop
  endfacet
  facet normal 0 0 1
    outer loop
      vertex -26.8 8.00001 2.4
      vertex -37.8 6.8 2.4
      vertex -26.7807 7.60794 2.4
    endloop
  endfacet
  facet normal -0 0 1
    outer loop
      vertex -34.2055 28.7971 2.4
      vertex -26.6277 22.7611 2.4
      vertex -33.6022 29.0824 2.4
    endloop
  endfacet
  facet normal 0 -0 1
    outer loop
      vertex -37.7672 6.13348 2.4
      vertex -26.7807 7.60794 2.4
      vertex -37.8 6.8 2.4
    endloop
  endfacet
  facet normal -0 0 1
    outer loop
      vertex -34.7779 28.454 2.4
      vertex -26.6277 22.7611 2.4
      vertex -34.2055 28.7971 2.4
    endloop
  endfacet
  facet normal 0 0 1
    outer loop
      vertex -26.7807 7.60794 2.4
      vertex -37.7672 6.13348 2.4
      vertex -26.7231 7.21965 2.4
    endloop
  endfacet
  facet normal -0 0 1
    outer loop
      vertex -35.3139 28.0565 2.4
      vertex -26.6277 22.7611 2.4
      vertex -34.7779 28.454 2.4
    endloop
  endfacet
  facet normal 0 0 1
    outer loop
      vertex -26.4955 6.46928 2.4
      vertex -31.6665 0.0327415 2.4
      vertex -31 -2.86102e-06 2.4
    endloop
  endfacet
  facet normal 0 0 1
    outer loop
      vertex -26.6277 22.7611 2.4
      vertex -35.3139 28.0565 2.4
      vertex -26.7231 22.3804 2.4
    endloop
  endfacet
  facet normal 0 0 1
    outer loop
      vertex -26.6277 6.83888 2.4
      vertex -32.3266 0.130657 2.4
      vertex -31.6665 0.0327415 2.4
    endloop
  endfacet
  facet normal -0 0 1
    outer loop
      vertex -35.8083 27.6083 2.4
      vertex -26.7231 22.3804 2.4
      vertex -35.3139 28.0565 2.4
    endloop
  endfacet
  facet normal 0 0 1
    outer loop
      vertex -26.6277 6.83888 2.4
      vertex -32.9739 0.292812 2.4
      vertex -32.3266 0.130657 2.4
    endloop
  endfacet
  facet normal -0 0 1
    outer loop
      vertex -36.2565 27.1139 2.4
      vertex -26.7231 22.3804 2.4
      vertex -35.8083 27.6083 2.4
    endloop
  endfacet
  facet normal 0 0 1
    outer loop
      vertex -26.6277 6.83888 2.4
      vertex -33.6022 0.51762 2.4
      vertex -32.9739 0.292812 2.4
    endloop
  endfacet
  facet normal -0 0 1
    outer loop
      vertex -36.654 26.5779 2.4
      vertex -26.7231 22.3804 2.4
      vertex -36.2565 27.1139 2.4
    endloop
  endfacet
  facet normal 0 0 1
    outer loop
      vertex -26.6277 6.83888 2.4
      vertex -34.2055 0.802929 2.4
      vertex -33.6022 0.51762 2.4
    endloop
  endfacet
  facet normal -0 0 1
    outer loop
      vertex -36.9971 26.0055 2.4
      vertex -26.7231 22.3804 2.4
      vertex -36.654 26.5779 2.4
    endloop
  endfacet
  facet normal 0 0 1
    outer loop
      vertex -26.6277 6.83888 2.4
      vertex -34.7779 1.14601 2.4
      vertex -34.2055 0.802929 2.4
    endloop
  endfacet
  facet normal -0 0 1
    outer loop
      vertex -37.2824 25.4022 2.4
      vertex -26.7231 22.3804 2.4
      vertex -36.9971 26.0055 2.4
    endloop
  endfacet
  facet normal 0 0 1
    outer loop
      vertex -26.6277 6.83888 2.4
      vertex -35.3139 1.54353 2.4
      vertex -34.7779 1.14601 2.4
    endloop
  endfacet
  facet normal -0 0 1
    outer loop
      vertex -37.5072 24.7739 2.4
      vertex -26.7231 22.3804 2.4
      vertex -37.2824 25.4022 2.4
    endloop
  endfacet
  facet normal 0 0 1
    outer loop
      vertex -26.7231 7.21965 2.4
      vertex -35.8083 1.99168 2.4
      vertex -35.3139 1.54353 2.4
    endloop
  endfacet
  facet normal -0 0 1
    outer loop
      vertex -37.6693 24.1266 2.4
      vertex -26.7231 22.3804 2.4
      vertex -37.5072 24.7739 2.4
    endloop
  endfacet
  facet normal 0 0 1
    outer loop
      vertex -26.7231 7.21965 2.4
      vertex -36.2565 2.48613 2.4
      vertex -35.8083 1.99168 2.4
    endloop
  endfacet
  facet normal 0 0 1
    outer loop
      vertex -26.7231 22.3804 2.4
      vertex -37.6693 24.1266 2.4
      vertex -26.7807 21.9921 2.4
    endloop
  endfacet
  facet normal 0 0 1
    outer loop
      vertex -26.7231 7.21965 2.4
      vertex -36.654 3.02212 2.4
      vertex -36.2565 2.48613 2.4
    endloop
  endfacet
  facet normal -0 0 1
    outer loop
      vertex -37.7672 23.4665 2.4
      vertex -26.7807 21.9921 2.4
      vertex -37.6693 24.1266 2.4
    endloop
  endfacet
  facet normal 0 0 1
    outer loop
      vertex -26.7231 7.21965 2.4
      vertex -36.9971 3.59449 2.4
      vertex -36.654 3.02212 2.4
    endloop
  endfacet
  facet normal -0 0 1
    outer loop
      vertex -37.8 22.8 2.4
      vertex -26.7807 21.9921 2.4
      vertex -37.7672 23.4665 2.4
    endloop
  endfacet
  facet normal 0 0 1
    outer loop
      vertex -26.7231 7.21965 2.4
      vertex -37.2824 4.19775 2.4
      vertex -36.9971 3.59449 2.4
    endloop
  endfacet
  facet normal 0 0 1
    outer loop
      vertex -26.7807 21.9921 2.4
      vertex -37.8 22.8 2.4
      vertex -26.8 21.6 2.4
    endloop
  endfacet
  facet normal 0 0 1
    outer loop
      vertex -26.7231 7.21965 2.4
      vertex -37.5072 4.82606 2.4
      vertex -37.2824 4.19775 2.4
    endloop
  endfacet
  facet normal 0 0 1
    outer loop
      vertex -26.7231 7.21965 2.4
      vertex -37.6693 5.47338 2.4
      vertex -37.5072 4.82606 2.4
    endloop
  endfacet
  facet normal 0 0 1
    outer loop
      vertex -26.7231 7.21965 2.4
      vertex -37.7672 6.13348 2.4
      vertex -37.6693 5.47338 2.4
    endloop
  endfacet
  facet normal 0.803225 -0.595675 0
    outer loop
      vertex -36.654 26.5779 95
      vertex -36.2565 27.1139 2.4
      vertex -36.2565 27.1139 95
    endloop
  endfacet
  facet normal 0.803225 -0.595675 0
    outer loop
      vertex -36.2565 27.1139 2.4
      vertex -36.654 26.5779 95
      vertex -36.654 26.5779 2.4
    endloop
  endfacet
  facet normal 0.0490033 -0.998799 0
    outer loop
      vertex -31.6665 29.5673 2.4
      vertex -31 29.6 95
      vertex -31.6665 29.5673 95
    endloop
  endfacet
  facet normal 0.0490033 -0.998799 0
    outer loop
      vertex -31 29.6 95
      vertex -31.6665 29.5673 2.4
      vertex -31 29.6 2.4
    endloop
  endfacet
  facet normal 0.904012 -0.427507 0
    outer loop
      vertex -37.2824 25.4022 95
      vertex -36.9971 26.0055 2.4
      vertex -36.9971 26.0055 95
    endloop
  endfacet
  facet normal 0.904012 -0.427507 0
    outer loop
      vertex -36.9971 26.0055 2.4
      vertex -37.2824 25.4022 95
      vertex -37.2824 25.4022 2.4
    endloop
  endfacet
  facet normal -0.595675 -0.803225 0
    outer loop
      vertex 34.7779 28.454 2.4
      vertex 35.3139 28.0565 95
      vertex 34.7779 28.454 95
    endloop
  endfacet
  facet normal -0.595675 -0.803225 -0
    outer loop
      vertex 35.3139 28.0565 95
      vertex 34.7779 28.454 2.4
      vertex 35.3139 28.0565 2.4
    endloop
  endfacet
  facet normal -0.5141 0.85773 0
    outer loop
      vertex 34.7779 1.14601 2.4
      vertex 34.2055 0.802929 95
      vertex 34.7779 1.14601 95
    endloop
  endfacet
  facet normal -0.5141 0.85773 0
    outer loop
      vertex 34.2055 0.802929 95
      vertex 34.7779 1.14601 2.4
      vertex 34.2055 0.802929 2.4
    endloop
  endfacet
  facet normal -0.970045 -0.242923 0
    outer loop
      vertex 37.6693 24.1266 2.4
      vertex 37.5072 24.7739 95
      vertex 37.5072 24.7739 2.4
    endloop
  endfacet
  facet normal -0.970045 -0.242923 0
    outer loop
      vertex 37.5072 24.7739 95
      vertex 37.6693 24.1266 2.4
      vertex 37.6693 24.1266 95
    endloop
  endfacet
  facet normal 0.146729 0.989177 -0
    outer loop
      vertex -31.6665 0.0327415 2.4
      vertex -32.3266 0.130657 95
      vertex -31.6665 0.0327415 95
    endloop
  endfacet
  facet normal 0.146729 0.989177 0
    outer loop
      vertex -32.3266 0.130657 95
      vertex -31.6665 0.0327415 2.4
      vertex -32.3266 0.130657 2.4
    endloop
  endfacet
  facet normal 0.0490696 0.998795 -0
    outer loop
      vertex -31 -2.86102e-06 2.4
      vertex -31.6665 0.0327415 95
      vertex -31 -2.86102e-06 95
    endloop
  endfacet
  facet normal 0.0490696 0.998795 0
    outer loop
      vertex -31.6665 0.0327415 95
      vertex -31 -2.86102e-06 2.4
      vertex -31.6665 0.0327415 2.4
    endloop
  endfacet
  facet normal 0.146853 -0.989158 0
    outer loop
      vertex -32.3266 29.4693 2.4
      vertex -31.6665 29.5673 95
      vertex -32.3266 29.4693 95
    endloop
  endfacet
  facet normal 0.146853 -0.989158 0
    outer loop
      vertex -31.6665 29.5673 95
      vertex -32.3266 29.4693 2.4
      vertex -31.6665 29.5673 2.4
    endloop
  endfacet
  facet normal 0.857718 -0.514121 0
    outer loop
      vertex -36.9971 26.0055 95
      vertex -36.654 26.5779 2.4
      vertex -36.654 26.5779 95
    endloop
  endfacet
  facet normal 0.857718 -0.514121 0
    outer loop
      vertex -36.654 26.5779 2.4
      vertex -36.9971 26.0055 95
      vertex -36.9971 26.0055 2.4
    endloop
  endfacet
  facet normal -0.671602 0.740912 0
    outer loop
      vertex 35.8083 1.99168 2.4
      vertex 35.3139 1.54353 95
      vertex 35.8083 1.99168 95
    endloop
  endfacet
  facet normal -0.671602 0.740912 0
    outer loop
      vertex 35.3139 1.54353 95
      vertex 35.8083 1.99168 2.4
      vertex 35.3139 1.54353 2.4
    endloop
  endfacet
  facet normal -0.98918 -0.146706 0
    outer loop
      vertex 37.7672 23.4665 2.4
      vertex 37.6693 24.1266 95
      vertex 37.6693 24.1266 2.4
    endloop
  endfacet
  facet normal -0.98918 -0.146706 0
    outer loop
      vertex 37.6693 24.1266 95
      vertex 37.7672 23.4665 2.4
      vertex 37.7672 23.4665 95
    endloop
  endfacet
  facet normal -0.904001 0.42753 0
    outer loop
      vertex 36.9971 3.59449 2.4
      vertex 37.2824 4.19775 95
      vertex 37.2824 4.19775 2.4
    endloop
  endfacet
  facet normal -0.904001 0.42753 0
    outer loop
      vertex 37.2824 4.19775 95
      vertex 36.9971 3.59449 2.4
      vertex 36.9971 3.59449 95
    endloop
  endfacet
  facet normal -0.336877 -0.941549 0
    outer loop
      vertex 32.9739 29.3072 2.4
      vertex 33.6022 29.0824 95
      vertex 32.9739 29.3072 95
    endloop
  endfacet
  facet normal -0.336877 -0.941549 -0
    outer loop
      vertex 33.6022 29.0824 95
      vertex 32.9739 29.3072 2.4
      vertex 33.6022 29.0824 2.4
    endloop
  endfacet
  facet normal -0.242923 -0.970045 0
    outer loop
      vertex 32.3266 29.4693 2.4
      vertex 32.9739 29.3072 95
      vertex 32.3266 29.4693 95
    endloop
  endfacet
  facet normal -0.242923 -0.970045 -0
    outer loop
      vertex 32.9739 29.3072 95
      vertex 32.3266 29.4693 2.4
      vertex 32.9739 29.3072 2.4
    endloop
  endfacet
  facet normal -0.941549 -0.336877 0
    outer loop
      vertex 37.5072 24.7739 2.4
      vertex 37.2824 25.4022 95
      vertex 37.2824 25.4022 2.4
    endloop
  endfacet
  facet normal -0.941549 -0.336877 0
    outer loop
      vertex 37.2824 25.4022 95
      vertex 37.5072 24.7739 2.4
      vertex 37.5072 24.7739 95
    endloop
  endfacet
  facet normal -0.857718 -0.514121 0
    outer loop
      vertex 36.9971 26.0055 2.4
      vertex 36.654 26.5779 95
      vertex 36.654 26.5779 2.4
    endloop
  endfacet
  facet normal -0.857718 -0.514121 0
    outer loop
      vertex 36.654 26.5779 95
      vertex 36.9971 26.0055 2.4
      vertex 36.9971 26.0055 95
    endloop
  endfacet
  facet normal 0.595675 -0.803225 0
    outer loop
      vertex -35.3139 28.0565 2.4
      vertex -34.7779 28.454 95
      vertex -35.3139 28.0565 95
    endloop
  endfacet
  facet normal 0.595675 -0.803225 0
    outer loop
      vertex -34.7779 28.454 95
      vertex -35.3139 28.0565 2.4
      vertex -34.7779 28.454 2.4
    endloop
  endfacet
  facet normal -0.857706 0.514141 0
    outer loop
      vertex 36.654 3.02212 2.4
      vertex 36.9971 3.59449 95
      vertex 36.9971 3.59449 2.4
    endloop
  endfacet
  facet normal -0.857706 0.514141 0
    outer loop
      vertex 36.9971 3.59449 95
      vertex 36.654 3.02212 2.4
      vertex 36.654 3.02212 95
    endloop
  endfacet
  facet normal 0.514121 -0.857718 0
    outer loop
      vertex -34.7779 28.454 2.4
      vertex -34.2055 28.7971 95
      vertex -34.7779 28.454 95
    endloop
  endfacet
  facet normal 0.514121 -0.857718 0
    outer loop
      vertex -34.2055 28.7971 95
      vertex -34.7779 28.454 2.4
      vertex -34.2055 28.7971 2.4
    endloop
  endfacet
  facet normal 0.740875 -0.671643 0
    outer loop
      vertex -36.2565 27.1139 95
      vertex -35.8083 27.6083 2.4
      vertex -35.8083 27.6083 95
    endloop
  endfacet
  facet normal 0.740875 -0.671643 0
    outer loop
      vertex -35.8083 27.6083 2.4
      vertex -36.2565 27.1139 95
      vertex -36.2565 27.1139 2.4
    endloop
  endfacet
  facet normal 0.5141 0.85773 -0
    outer loop
      vertex -34.2055 0.802929 2.4
      vertex -34.7779 1.14601 95
      vertex -34.2055 0.802929 95
    endloop
  endfacet
  facet normal 0.5141 0.85773 0
    outer loop
      vertex -34.7779 1.14601 95
      vertex -34.2055 0.802929 2.4
      vertex -34.7779 1.14601 2.4
    endloop
  endfacet
  facet normal 0.595695 0.803211 -0
    outer loop
      vertex -34.7779 1.14601 2.4
      vertex -35.3139 1.54353 95
      vertex -34.7779 1.14601 95
    endloop
  endfacet
  facet normal 0.595695 0.803211 0
    outer loop
      vertex -35.3139 1.54353 95
      vertex -34.7779 1.14601 2.4
      vertex -35.3139 1.54353 2.4
    endloop
  endfacet
  facet normal -0.94155 0.336873 0
    outer loop
      vertex 37.2824 4.19775 2.4
      vertex 37.5072 4.82606 95
      vertex 37.5072 4.82606 2.4
    endloop
  endfacet
  facet normal -0.94155 0.336873 0
    outer loop
      vertex 37.5072 4.82606 95
      vertex 37.2824 4.19775 2.4
      vertex 37.2824 4.19775 95
    endloop
  endfacet
  facet normal 0.671643 -0.740875 0
    outer loop
      vertex -35.8083 27.6083 2.4
      vertex -35.3139 28.0565 95
      vertex -35.8083 27.6083 95
    endloop
  endfacet
  facet normal 0.671643 -0.740875 0
    outer loop
      vertex -35.3139 28.0565 95
      vertex -35.8083 27.6083 2.4
      vertex -35.3139 28.0565 2.4
    endloop
  endfacet
  facet normal 0.94155 0.336873 0
    outer loop
      vertex -37.2824 4.19775 95
      vertex -37.5072 4.82606 2.4
      vertex -37.5072 4.82606 95
    endloop
  endfacet
  facet normal 0.94155 0.336873 0
    outer loop
      vertex -37.5072 4.82606 2.4
      vertex -37.2824 4.19775 95
      vertex -37.2824 4.19775 2.4
    endloop
  endfacet
  facet normal 0.904001 0.42753 0
    outer loop
      vertex -36.9971 3.59449 95
      vertex -37.2824 4.19775 2.4
      vertex -37.2824 4.19775 95
    endloop
  endfacet
  facet normal 0.904001 0.42753 0
    outer loop
      vertex -37.2824 4.19775 2.4
      vertex -36.9971 3.59449 95
      vertex -36.9971 3.59449 2.4
    endloop
  endfacet
  facet normal 0.98918 -0.146706 0
    outer loop
      vertex -37.7672 23.4665 95
      vertex -37.6693 24.1266 2.4
      vertex -37.6693 24.1266 95
    endloop
  endfacet
  facet normal 0.98918 -0.146706 0
    outer loop
      vertex -37.6693 24.1266 2.4
      vertex -37.7672 23.4665 95
      vertex -37.7672 23.4665 2.4
    endloop
  endfacet
  facet normal 0.998791 -0.0491528 0
    outer loop
      vertex -37.8 22.8 95
      vertex -37.7672 23.4665 2.4
      vertex -37.7672 23.4665 95
    endloop
  endfacet
  facet normal 0.998791 -0.0491528 0
    outer loop
      vertex -37.7672 23.4665 2.4
      vertex -37.8 22.8 95
      vertex -37.8 22.8 2.4
    endloop
  endfacet
  facet normal -0.998791 -0.0491528 0
    outer loop
      vertex 37.8 22.8 2.4
      vertex 37.7672 23.4665 95
      vertex 37.7672 23.4665 2.4
    endloop
  endfacet
  facet normal -0.998791 -0.0491528 0
    outer loop
      vertex 37.7672 23.4665 95
      vertex 37.8 22.8 2.4
      vertex 37.8 22.8 95
    endloop
  endfacet
  facet normal -0.904012 -0.427507 0
    outer loop
      vertex 37.2824 25.4022 2.4
      vertex 36.9971 26.0055 95
      vertex 36.9971 26.0055 2.4
    endloop
  endfacet
  facet normal -0.904012 -0.427507 0
    outer loop
      vertex 36.9971 26.0055 95
      vertex 37.2824 25.4022 2.4
      vertex 37.2824 25.4022 95
    endloop
  endfacet
  facet normal 0.671602 0.740912 -0
    outer loop
      vertex -35.3139 1.54353 2.4
      vertex -35.8083 1.99168 95
      vertex -35.3139 1.54353 95
    endloop
  endfacet
  facet normal 0.671602 0.740912 0
    outer loop
      vertex -35.8083 1.99168 95
      vertex -35.3139 1.54353 2.4
      vertex -35.8083 1.99168 2.4
    endloop
  endfacet
  facet normal -0.514121 -0.857718 0
    outer loop
      vertex 34.2055 28.7971 2.4
      vertex 34.7779 28.454 95
      vertex 34.2055 28.7971 95
    endloop
  endfacet
  facet normal -0.514121 -0.857718 -0
    outer loop
      vertex 34.7779 28.454 95
      vertex 34.2055 28.7971 2.4
      vertex 34.7779 28.454 2.4
    endloop
  endfacet
  facet normal -0.427507 -0.904012 0
    outer loop
      vertex 33.6022 29.0824 2.4
      vertex 34.2055 28.7971 95
      vertex 33.6022 29.0824 95
    endloop
  endfacet
  facet normal -0.427507 -0.904012 -0
    outer loop
      vertex 34.2055 28.7971 95
      vertex 33.6022 29.0824 2.4
      vertex 34.2055 28.7971 2.4
    endloop
  endfacet
  facet normal 0.941549 -0.336877 0
    outer loop
      vertex -37.5072 24.7739 95
      vertex -37.2824 25.4022 2.4
      vertex -37.2824 25.4022 95
    endloop
  endfacet
  facet normal 0.941549 -0.336877 0
    outer loop
      vertex -37.2824 25.4022 2.4
      vertex -37.5072 24.7739 95
      vertex -37.5072 24.7739 2.4
    endloop
  endfacet
  facet normal 0.427518 0.904007 -0
    outer loop
      vertex -33.6022 0.51762 2.4
      vertex -34.2055 0.802929 95
      vertex -33.6022 0.51762 95
    endloop
  endfacet
  facet normal 0.427518 0.904007 0
    outer loop
      vertex -34.2055 0.802929 95
      vertex -33.6022 0.51762 2.4
      vertex -34.2055 0.802929 2.4
    endloop
  endfacet
  facet normal -0.998791 0.0491513 0
    outer loop
      vertex 37.7672 6.13348 2.4
      vertex 37.8 6.8 95
      vertex 37.8 6.8 2.4
    endloop
  endfacet
  facet normal -0.998791 0.0491513 0
    outer loop
      vertex 37.8 6.8 95
      vertex 37.7672 6.13348 2.4
      vertex 37.7672 6.13348 95
    endloop
  endfacet
  facet normal -0.98918 0.146706 0
    outer loop
      vertex 37.6693 5.47338 2.4
      vertex 37.7672 6.13348 95
      vertex 37.7672 6.13348 2.4
    endloop
  endfacet
  facet normal -0.98918 0.146706 0
    outer loop
      vertex 37.7672 6.13348 95
      vertex 37.6693 5.47338 2.4
      vertex 37.6693 5.47338 95
    endloop
  endfacet
  facet normal 0.80322 0.595683 0
    outer loop
      vertex -36.2565 2.48613 95
      vertex -36.654 3.02212 2.4
      vertex -36.654 3.02212 95
    endloop
  endfacet
  facet normal 0.80322 0.595683 0
    outer loop
      vertex -36.654 3.02212 2.4
      vertex -36.2565 2.48613 95
      vertex -36.2565 2.48613 2.4
    endloop
  endfacet
  facet normal -0.740875 -0.671643 0
    outer loop
      vertex 36.2565 27.1139 2.4
      vertex 35.8083 27.6083 95
      vertex 35.8083 27.6083 2.4
    endloop
  endfacet
  facet normal -0.740875 -0.671643 0
    outer loop
      vertex 35.8083 27.6083 95
      vertex 36.2565 27.1139 2.4
      vertex 36.2565 27.1139 95
    endloop
  endfacet
  facet normal -0.595695 0.803211 0
    outer loop
      vertex 35.3139 1.54353 2.4
      vertex 34.7779 1.14601 95
      vertex 35.3139 1.54353 95
    endloop
  endfacet
  facet normal -0.595695 0.803211 0
    outer loop
      vertex 34.7779 1.14601 95
      vertex 35.3139 1.54353 2.4
      vertex 34.7779 1.14601 2.4
    endloop
  endfacet
  facet normal 0.857706 0.514141 0
    outer loop
      vertex -36.654 3.02212 95
      vertex -36.9971 3.59449 2.4
      vertex -36.9971 3.59449 95
    endloop
  endfacet
  facet normal 0.857706 0.514141 0
    outer loop
      vertex -36.9971 3.59449 2.4
      vertex -36.654 3.02212 95
      vertex -36.654 3.02212 2.4
    endloop
  endfacet
  facet normal -0.336888 0.941545 0
    outer loop
      vertex 33.6022 0.51762 2.4
      vertex 32.9739 0.292812 95
      vertex 33.6022 0.51762 95
    endloop
  endfacet
  facet normal -0.336888 0.941545 0
    outer loop
      vertex 32.9739 0.292812 95
      vertex 33.6022 0.51762 2.4
      vertex 32.9739 0.292812 2.4
    endloop
  endfacet
  facet normal 0.970047 0.242916 0
    outer loop
      vertex -37.5072 4.82606 95
      vertex -37.6693 5.47338 2.4
      vertex -37.6693 5.47338 95
    endloop
  endfacet
  facet normal 0.970047 0.242916 0
    outer loop
      vertex -37.6693 5.47338 2.4
      vertex -37.5072 4.82606 95
      vertex -37.5072 4.82606 2.4
    endloop
  endfacet
  facet normal -0.80322 0.595683 0
    outer loop
      vertex 36.2565 2.48613 2.4
      vertex 36.654 3.02212 95
      vertex 36.654 3.02212 2.4
    endloop
  endfacet
  facet normal -0.80322 0.595683 0
    outer loop
      vertex 36.654 3.02212 95
      vertex 36.2565 2.48613 2.4
      vertex 36.2565 2.48613 95
    endloop
  endfacet
  facet normal -0.427518 0.904007 0
    outer loop
      vertex 34.2055 0.802929 2.4
      vertex 33.6022 0.51762 95
      vertex 34.2055 0.802929 95
    endloop
  endfacet
  facet normal -0.427518 0.904007 0
    outer loop
      vertex 33.6022 0.51762 95
      vertex 34.2055 0.802929 2.4
      vertex 33.6022 0.51762 2.4
    endloop
  endfacet
  facet normal -1 0 0
    outer loop
      vertex 23 -2.4 14
      vertex 23 -2.86102e-06 95
      vertex 23 -2.86102e-06 14
    endloop
  endfacet
  facet normal -1 -0 0
    outer loop
      vertex 23 -2.86102e-06 95
      vertex 23 -2.4 14
      vertex 23 -2.4 95
    endloop
  endfacet
  facet normal -0 0 1
    outer loop
      vertex -23 -2.86102e-06 14
      vertex 23 -2.4 14
      vertex 23 -2.86102e-06 14
    endloop
  endfacet
  facet normal 0 0 1
    outer loop
      vertex 23 -2.4 14
      vertex -23 -2.86102e-06 14
      vertex -23 -2.4 14
    endloop
  endfacet
  facet normal 1 -0 0
    outer loop
      vertex -23 -2.4 95
      vertex -23 -2.86102e-06 14
      vertex -23 -2.86102e-06 95
    endloop
  endfacet
  facet normal 1 0 0
    outer loop
      vertex -23 -2.86102e-06 14
      vertex -23 -2.4 95
      vertex -23 -2.4 14
    endloop
  endfacet
  facet normal -0.049061 0.998796 0
    outer loop
      vertex 23.1921 4.01927 0
      vertex 22.8 4.00001 2.4
      vertex 23.1921 4.01927 2.4
    endloop
  endfacet
  facet normal -0.049061 0.998796 0
    outer loop
      vertex 22.8 4.00001 2.4
      vertex 23.1921 4.01927 0
      vertex 22.8 4.00001 0
    endloop
  endfacet
  facet normal -1 0 0
    outer loop
      vertex 26.8 8.00001 0
      vertex 26.8 21.6 2.4
      vertex 26.8 21.6 0
    endloop
  endfacet
  facet normal -1 -0 0
    outer loop
      vertex 26.8 21.6 2.4
      vertex 26.8 8.00001 0
      vertex 26.8 8.00001 2.4
    endloop
  endfacet
  facet normal 0.989176 -0.146733 0
    outer loop
      vertex -26.7807 21.9921 2.4
      vertex -26.7231 22.3804 0
      vertex -26.7231 22.3804 2.4
    endloop
  endfacet
  facet normal 0.989176 -0.146733 0
    outer loop
      vertex -26.7231 22.3804 0
      vertex -26.7807 21.9921 2.4
      vertex -26.7807 21.9921 0
    endloop
  endfacet
  facet normal 0.146733 0.989176 -0
    outer loop
      vertex -23.1921 4.01927 0
      vertex -23.5804 4.07687 2.4
      vertex -23.1921 4.01927 2.4
    endloop
  endfacet
  facet normal 0.146733 0.989176 0
    outer loop
      vertex -23.5804 4.07687 2.4
      vertex -23.1921 4.01927 0
      vertex -23.5804 4.07687 0
    endloop
  endfacet
  facet normal 1 -0 0
    outer loop
      vertex -26.8 8.00001 2.4
      vertex -26.8 21.6 0
      vertex -26.8 21.6 2.4
    endloop
  endfacet
  facet normal 1 0 0
    outer loop
      vertex -26.8 21.6 0
      vertex -26.8 8.00001 2.4
      vertex -26.8 8.00001 0
    endloop
  endfacet
  facet normal 0 -1 0
    outer loop
      vertex -22.8 25.6 0
      vertex 22.8 25.6 2.4
      vertex -22.8 25.6 2.4
    endloop
  endfacet
  facet normal 0 -1 -0
    outer loop
      vertex 22.8 25.6 2.4
      vertex -22.8 25.6 0
      vertex 22.8 25.6 0
    endloop
  endfacet
  facet normal 0.94158 -0.336788 0
    outer loop
      vertex -26.6277 22.7611 2.4
      vertex -26.4955 23.1307 0
      vertex -26.4955 23.1307 2.4
    endloop
  endfacet
  facet normal 0.94158 -0.336788 0
    outer loop
      vertex -26.4955 23.1307 0
      vertex -26.6277 22.7611 2.4
      vertex -26.6277 22.7611 0
    endloop
  endfacet
  facet normal -0.740908 -0.671607 0
    outer loop
      vertex 25.892 24.1376 0
      vertex 25.6284 24.4284 2.4
      vertex 25.6284 24.4284 0
    endloop
  endfacet
  facet normal -0.740908 -0.671607 0
    outer loop
      vertex 25.6284 24.4284 2.4
      vertex 25.892 24.1376 0
      vertex 25.892 24.1376 2.4
    endloop
  endfacet
  facet normal 0.671607 -0.740908 0
    outer loop
      vertex -25.6284 24.4284 0
      vertex -25.3376 24.692 2.4
      vertex -25.6284 24.4284 2.4
    endloop
  endfacet
  facet normal 0.671607 -0.740908 0
    outer loop
      vertex -25.3376 24.692 2.4
      vertex -25.6284 24.4284 0
      vertex -25.3376 24.692 0
    endloop
  endfacet
  facet normal -0.514084 0.85774 0
    outer loop
      vertex 25.0223 4.67413 0
      vertex 24.6856 4.47233 2.4
      vertex 25.0223 4.67413 2.4
    endloop
  endfacet
  facet normal -0.514084 0.85774 0
    outer loop
      vertex 24.6856 4.47233 2.4
      vertex 25.0223 4.67413 0
      vertex 24.6856 4.47233 0
    endloop
  endfacet
  facet normal -0.904025 0.42748 0
    outer loop
      vertex 26.3277 6.11442 0
      vertex 26.4955 6.46928 2.4
      vertex 26.4955 6.46928 0
    endloop
  endfacet
  facet normal -0.904025 0.42748 0
    outer loop
      vertex 26.4955 6.46928 2.4
      vertex 26.3277 6.11442 0
      vertex 26.3277 6.11442 2.4
    endloop
  endfacet
  facet normal 0 1 -0
    outer loop
      vertex 22.8 4.00001 0
      vertex -22.8 4.00001 2.4
      vertex 22.8 4.00001 2.4
    endloop
  endfacet
  facet normal 0 1 0
    outer loop
      vertex -22.8 4.00001 2.4
      vertex 22.8 4.00001 0
      vertex -22.8 4.00001 0
    endloop
  endfacet
  facet normal 0.0491626 -0.998791 0
    outer loop
      vertex -23.1921 25.5807 0
      vertex -22.8 25.6 2.4
      vertex -23.1921 25.5807 2.4
    endloop
  endfacet
  facet normal 0.0491626 -0.998791 0
    outer loop
      vertex -22.8 25.6 2.4
      vertex -23.1921 25.5807 0
      vertex -22.8 25.6 0
    endloop
  endfacet
  facet normal -0.336901 0.94154 0
    outer loop
      vertex 24.3307 4.3045 0
      vertex 23.9611 4.17225 2.4
      vertex 24.3307 4.3045 2.4
    endloop
  endfacet
  facet normal -0.336901 0.94154 0
    outer loop
      vertex 23.9611 4.17225 2.4
      vertex 24.3307 4.3045 0
      vertex 23.9611 4.17225 0
    endloop
  endfacet
  facet normal 0.857727 0.514106 0
    outer loop
      vertex -26.1259 5.77774 2.4
      vertex -26.3277 6.11442 0
      vertex -26.3277 6.11442 2.4
    endloop
  endfacet
  facet normal 0.857727 0.514106 0
    outer loop
      vertex -26.3277 6.11442 0
      vertex -26.1259 5.77774 2.4
      vertex -26.1259 5.77774 0
    endloop
  endfacet
  facet normal -0.671621 0.740895 0
    outer loop
      vertex 25.6284 5.17158 0
      vertex 25.3376 4.90797 2.4
      vertex 25.6284 5.17158 2.4
    endloop
  endfacet
  facet normal -0.671621 0.740895 0
    outer loop
      vertex 25.3376 4.90797 2.4
      vertex 25.6284 5.17158 0
      vertex 25.3376 4.90797 0
    endloop
  endfacet
  facet normal 0.146733 -0.989176 0
    outer loop
      vertex -23.5804 25.5231 0
      vertex -23.1921 25.5807 2.4
      vertex -23.5804 25.5231 2.4
    endloop
  endfacet
  facet normal 0.146733 -0.989176 0
    outer loop
      vertex -23.1921 25.5807 2.4
      vertex -23.5804 25.5231 0
      vertex -23.1921 25.5807 0
    endloop
  endfacet
  facet normal 0.049061 0.998796 -0
    outer loop
      vertex -22.8 4.00001 0
      vertex -23.1921 4.01927 2.4
      vertex -22.8 4.00001 2.4
    endloop
  endfacet
  facet normal 0.049061 0.998796 0
    outer loop
      vertex -23.1921 4.01927 2.4
      vertex -22.8 4.00001 0
      vertex -23.1921 4.01927 0
    endloop
  endfacet
  facet normal -0.0491626 -0.998791 0
    outer loop
      vertex 22.8 25.6 0
      vertex 23.1921 25.5807 2.4
      vertex 22.8 25.6 2.4
    endloop
  endfacet
  facet normal -0.0491626 -0.998791 -0
    outer loop
      vertex 23.1921 25.5807 2.4
      vertex 22.8 25.6 0
      vertex 23.1921 25.5807 0
    endloop
  endfacet
  facet normal 0.243027 0.970019 -0
    outer loop
      vertex -23.5804 4.07687 0
      vertex -23.9611 4.17225 2.4
      vertex -23.5804 4.07687 2.4
    endloop
  endfacet
  facet normal 0.243027 0.970019 0
    outer loop
      vertex -23.9611 4.17225 2.4
      vertex -23.5804 4.07687 0
      vertex -23.9611 4.17225 0
    endloop
  endfacet
  facet normal -0.595695 0.80321 0
    outer loop
      vertex 25.3376 4.90797 0
      vertex 25.0223 4.67413 2.4
      vertex 25.3376 4.90797 2.4
    endloop
  endfacet
  facet normal -0.595695 0.80321 0
    outer loop
      vertex 25.0223 4.67413 2.4
      vertex 25.3376 4.90797 0
      vertex 25.0223 4.67413 0
    endloop
  endfacet
  facet normal 0.989176 0.146737 0
    outer loop
      vertex -26.7231 7.21965 2.4
      vertex -26.7807 7.60794 0
      vertex -26.7807 7.60794 2.4
    endloop
  endfacet
  facet normal 0.989176 0.146737 0
    outer loop
      vertex -26.7807 7.60794 0
      vertex -26.7231 7.21965 2.4
      vertex -26.7231 7.21965 0
    endloop
  endfacet
  facet normal -0.85774 -0.514084 0
    outer loop
      vertex 26.3277 23.4856 0
      vertex 26.1259 23.8223 2.4
      vertex 26.1259 23.8223 0
    endloop
  endfacet
  facet normal -0.85774 -0.514084 0
    outer loop
      vertex 26.1259 23.8223 2.4
      vertex 26.3277 23.4856 0
      vertex 26.3277 23.4856 2.4
    endloop
  endfacet
  facet normal 0.998791 -0.0491626 0
    outer loop
      vertex -26.8 21.6 2.4
      vertex -26.7807 21.9921 0
      vertex -26.7807 21.9921 2.4
    endloop
  endfacet
  facet normal 0.998791 -0.0491626 0
    outer loop
      vertex -26.7807 21.9921 0
      vertex -26.8 21.6 2.4
      vertex -26.8 21.6 0
    endloop
  endfacet
  facet normal 0.427503 0.904014 -0
    outer loop
      vertex -24.3307 4.3045 0
      vertex -24.6856 4.47233 2.4
      vertex -24.3307 4.3045 2.4
    endloop
  endfacet
  facet normal 0.427503 0.904014 0
    outer loop
      vertex -24.6856 4.47233 2.4
      vertex -24.3307 4.3045 0
      vertex -24.6856 4.47233 0
    endloop
  endfacet
  facet normal -0.243075 -0.970007 0
    outer loop
      vertex 23.5804 25.5231 0
      vertex 23.9611 25.4277 2.4
      vertex 23.5804 25.5231 2.4
    endloop
  endfacet
  facet normal -0.243075 -0.970007 -0
    outer loop
      vertex 23.9611 25.4277 2.4
      vertex 23.5804 25.5231 0
      vertex 23.9611 25.4277 0
    endloop
  endfacet
  facet normal -0.970018 0.243033 0
    outer loop
      vertex 26.6277 6.83888 0
      vertex 26.7231 7.21965 2.4
      vertex 26.7231 7.21965 0
    endloop
  endfacet
  facet normal -0.970018 0.243033 0
    outer loop
      vertex 26.7231 7.21965 2.4
      vertex 26.6277 6.83888 0
      vertex 26.6277 6.83888 2.4
    endloop
  endfacet
  facet normal -0.336788 -0.94158 0
    outer loop
      vertex 23.9611 25.4277 0
      vertex 24.3307 25.2955 2.4
      vertex 23.9611 25.4277 2.4
    endloop
  endfacet
  facet normal -0.336788 -0.94158 -0
    outer loop
      vertex 24.3307 25.2955 2.4
      vertex 23.9611 25.4277 0
      vertex 24.3307 25.2955 0
    endloop
  endfacet
  facet normal 0.998791 0.0491664 0
    outer loop
      vertex -26.7807 7.60794 2.4
      vertex -26.8 8.00001 0
      vertex -26.8 8.00001 2.4
    endloop
  endfacet
  facet normal 0.998791 0.0491664 0
    outer loop
      vertex -26.8 8.00001 0
      vertex -26.7807 7.60794 2.4
      vertex -26.7807 7.60794 0
    endloop
  endfacet
  facet normal -0.146733 -0.989176 0
    outer loop
      vertex 23.1921 25.5807 0
      vertex 23.5804 25.5231 2.4
      vertex 23.1921 25.5807 2.4
    endloop
  endfacet
  facet normal -0.146733 -0.989176 -0
    outer loop
      vertex 23.5804 25.5231 2.4
      vertex 23.1921 25.5807 0
      vertex 23.5804 25.5231 0
    endloop
  endfacet
  facet normal -0.427503 0.904014 0
    outer loop
      vertex 24.6856 4.47233 0
      vertex 24.3307 4.3045 2.4
      vertex 24.6856 4.47233 2.4
    endloop
  endfacet
  facet normal -0.427503 0.904014 0
    outer loop
      vertex 24.3307 4.3045 2.4
      vertex 24.6856 4.47233 0
      vertex 24.3307 4.3045 0
    endloop
  endfacet
  facet normal -0.970007 -0.243075 0
    outer loop
      vertex 26.7231 22.3804 0
      vertex 26.6277 22.7611 2.4
      vertex 26.6277 22.7611 0
    endloop
  endfacet
  facet normal -0.970007 -0.243075 0
    outer loop
      vertex 26.6277 22.7611 2.4
      vertex 26.7231 22.3804 0
      vertex 26.7231 22.3804 2.4
    endloop
  endfacet
  facet normal 0.970007 -0.243075 0
    outer loop
      vertex -26.7231 22.3804 2.4
      vertex -26.6277 22.7611 0
      vertex -26.6277 22.7611 2.4
    endloop
  endfacet
  facet normal 0.970007 -0.243075 0
    outer loop
      vertex -26.6277 22.7611 0
      vertex -26.7231 22.3804 2.4
      vertex -26.7231 22.3804 0
    endloop
  endfacet
  facet normal -0.595794 -0.803137 0
    outer loop
      vertex 25.0223 24.9259 0
      vertex 25.3376 24.692 2.4
      vertex 25.0223 24.9259 2.4
    endloop
  endfacet
  facet normal -0.595794 -0.803137 -0
    outer loop
      vertex 25.3376 24.692 2.4
      vertex 25.0223 24.9259 0
      vertex 25.3376 24.692 0
    endloop
  endfacet
  facet normal 0.514084 0.85774 -0
    outer loop
      vertex -24.6856 4.47233 0
      vertex -25.0223 4.67413 2.4
      vertex -24.6856 4.47233 2.4
    endloop
  endfacet
  facet normal 0.514084 0.85774 0
    outer loop
      vertex -25.0223 4.67413 2.4
      vertex -24.6856 4.47233 0
      vertex -25.0223 4.67413 0
    endloop
  endfacet
  facet normal 0.243075 -0.970007 0
    outer loop
      vertex -23.9611 25.4277 0
      vertex -23.5804 25.5231 2.4
      vertex -23.9611 25.4277 2.4
    endloop
  endfacet
  facet normal 0.243075 -0.970007 0
    outer loop
      vertex -23.5804 25.5231 2.4
      vertex -23.9611 25.4277 0
      vertex -23.5804 25.5231 0
    endloop
  endfacet
  facet normal -0.904044 -0.42744 0
    outer loop
      vertex 26.4955 23.1307 0
      vertex 26.3277 23.4856 2.4
      vertex 26.3277 23.4856 0
    endloop
  endfacet
  facet normal -0.904044 -0.42744 0
    outer loop
      vertex 26.3277 23.4856 2.4
      vertex 26.4955 23.1307 0
      vertex 26.4955 23.1307 2.4
    endloop
  endfacet
  facet normal -0.998791 0.0491664 0
    outer loop
      vertex 26.7807 7.60794 0
      vertex 26.8 8.00001 2.4
      vertex 26.8 8.00001 0
    endloop
  endfacet
  facet normal -0.998791 0.0491664 0
    outer loop
      vertex 26.8 8.00001 2.4
      vertex 26.7807 7.60794 0
      vertex 26.7807 7.60794 2.4
    endloop
  endfacet
  facet normal -0.989176 0.146737 0
    outer loop
      vertex 26.7231 7.21965 0
      vertex 26.7807 7.60794 2.4
      vertex 26.7807 7.60794 0
    endloop
  endfacet
  facet normal -0.989176 0.146737 0
    outer loop
      vertex 26.7807 7.60794 2.4
      vertex 26.7231 7.21965 0
      vertex 26.7231 7.21965 2.4
    endloop
  endfacet
  facet normal 0.970018 0.243033 0
    outer loop
      vertex -26.6277 6.83888 2.4
      vertex -26.7231 7.21965 0
      vertex -26.7231 7.21965 2.4
    endloop
  endfacet
  facet normal 0.970018 0.243033 0
    outer loop
      vertex -26.7231 7.21965 0
      vertex -26.6277 6.83888 2.4
      vertex -26.6277 6.83888 0
    endloop
  endfacet
  facet normal 0.904044 -0.42744 0
    outer loop
      vertex -26.4955 23.1307 2.4
      vertex -26.3277 23.4856 0
      vertex -26.3277 23.4856 2.4
    endloop
  endfacet
  facet normal 0.904044 -0.42744 0
    outer loop
      vertex -26.3277 23.4856 0
      vertex -26.4955 23.1307 2.4
      vertex -26.4955 23.1307 0
    endloop
  endfacet
  facet normal 0.336901 0.94154 -0
    outer loop
      vertex -23.9611 4.17225 0
      vertex -24.3307 4.3045 2.4
      vertex -23.9611 4.17225 2.4
    endloop
  endfacet
  facet normal 0.336901 0.94154 0
    outer loop
      vertex -24.3307 4.3045 2.4
      vertex -23.9611 4.17225 0
      vertex -24.3307 4.3045 0
    endloop
  endfacet
  facet normal 0.42744 -0.904044 0
    outer loop
      vertex -24.6856 25.1277 0
      vertex -24.3307 25.2955 2.4
      vertex -24.6856 25.1277 2.4
    endloop
  endfacet
  facet normal 0.42744 -0.904044 0
    outer loop
      vertex -24.3307 25.2955 2.4
      vertex -24.6856 25.1277 0
      vertex -24.3307 25.2955 0
    endloop
  endfacet
  facet normal -0.671607 -0.740908 0
    outer loop
      vertex 25.3376 24.692 0
      vertex 25.6284 24.4284 2.4
      vertex 25.3376 24.692 2.4
    endloop
  endfacet
  facet normal -0.671607 -0.740908 -0
    outer loop
      vertex 25.6284 24.4284 2.4
      vertex 25.3376 24.692 0
      vertex 25.6284 24.4284 0
    endloop
  endfacet
  facet normal 0.803137 -0.595794 0
    outer loop
      vertex -26.1259 23.8223 2.4
      vertex -25.892 24.1376 0
      vertex -25.892 24.1376 2.4
    endloop
  endfacet
  facet normal 0.803137 -0.595794 0
    outer loop
      vertex -25.892 24.1376 0
      vertex -26.1259 23.8223 2.4
      vertex -26.1259 23.8223 0
    endloop
  endfacet
  facet normal -0.998791 -0.0491626 0
    outer loop
      vertex 26.8 21.6 0
      vertex 26.7807 21.9921 2.4
      vertex 26.7807 21.9921 0
    endloop
  endfacet
  facet normal -0.998791 -0.0491626 0
    outer loop
      vertex 26.7807 21.9921 2.4
      vertex 26.8 21.6 0
      vertex 26.8 21.6 2.4
    endloop
  endfacet
  facet normal -0.514084 -0.85774 0
    outer loop
      vertex 24.6856 25.1277 0
      vertex 25.0223 24.9259 2.4
      vertex 24.6856 25.1277 2.4
    endloop
  endfacet
  facet normal -0.514084 -0.85774 -0
    outer loop
      vertex 25.0223 24.9259 2.4
      vertex 24.6856 25.1277 0
      vertex 25.0223 24.9259 0
    endloop
  endfacet
  facet normal 0.595794 -0.803137 0
    outer loop
      vertex -25.3376 24.692 0
      vertex -25.0223 24.9259 2.4
      vertex -25.3376 24.692 2.4
    endloop
  endfacet
  facet normal 0.595794 -0.803137 0
    outer loop
      vertex -25.0223 24.9259 2.4
      vertex -25.3376 24.692 0
      vertex -25.0223 24.9259 0
    endloop
  endfacet
  facet normal 0.336788 -0.94158 0
    outer loop
      vertex -24.3307 25.2955 0
      vertex -23.9611 25.4277 2.4
      vertex -24.3307 25.2955 2.4
    endloop
  endfacet
  facet normal 0.336788 -0.94158 0
    outer loop
      vertex -23.9611 25.4277 2.4
      vertex -24.3307 25.2955 0
      vertex -23.9611 25.4277 0
    endloop
  endfacet
  facet normal 0.85774 -0.514084 0
    outer loop
      vertex -26.3277 23.4856 2.4
      vertex -26.1259 23.8223 0
      vertex -26.1259 23.8223 2.4
    endloop
  endfacet
  facet normal 0.85774 -0.514084 0
    outer loop
      vertex -26.1259 23.8223 0
      vertex -26.3277 23.4856 2.4
      vertex -26.3277 23.4856 0
    endloop
  endfacet
  facet normal 0.740977 0.671531 0
    outer loop
      vertex -25.6284 5.17158 2.4
      vertex -25.892 5.46244 0
      vertex -25.892 5.46244 2.4
    endloop
  endfacet
  facet normal 0.740977 0.671531 0
    outer loop
      vertex -25.892 5.46244 0
      vertex -25.6284 5.17158 2.4
      vertex -25.6284 5.17158 0
    endloop
  endfacet
  facet normal 0.803137 0.595794 0
    outer loop
      vertex -25.892 5.46244 2.4
      vertex -26.1259 5.77774 0
      vertex -26.1259 5.77774 2.4
    endloop
  endfacet
  facet normal 0.803137 0.595794 0
    outer loop
      vertex -26.1259 5.77774 0
      vertex -25.892 5.46244 2.4
      vertex -25.892 5.46244 0
    endloop
  endfacet
  facet normal -0.740977 0.671531 0
    outer loop
      vertex 25.6284 5.17158 0
      vertex 25.892 5.46244 2.4
      vertex 25.892 5.46244 0
    endloop
  endfacet
  facet normal -0.740977 0.671531 0
    outer loop
      vertex 25.892 5.46244 2.4
      vertex 25.6284 5.17158 0
      vertex 25.6284 5.17158 2.4
    endloop
  endfacet
  facet normal -0.146733 0.989176 0
    outer loop
      vertex 23.5804 4.07687 0
      vertex 23.1921 4.01927 2.4
      vertex 23.5804 4.07687 2.4
    endloop
  endfacet
  facet normal -0.146733 0.989176 0
    outer loop
      vertex 23.1921 4.01927 2.4
      vertex 23.5804 4.07687 0
      vertex 23.1921 4.01927 0
    endloop
  endfacet
  facet normal 0.671621 0.740895 -0
    outer loop
      vertex -25.3376 4.90797 0
      vertex -25.6284 5.17158 2.4
      vertex -25.3376 4.90797 2.4
    endloop
  endfacet
  facet normal 0.671621 0.740895 0
    outer loop
      vertex -25.6284 5.17158 2.4
      vertex -25.3376 4.90797 0
      vertex -25.6284 5.17158 0
    endloop
  endfacet
  facet normal 0.595695 0.80321 -0
    outer loop
      vertex -25.0223 4.67413 0
      vertex -25.3376 4.90797 2.4
      vertex -25.0223 4.67413 2.4
    endloop
  endfacet
  facet normal 0.595695 0.80321 0
    outer loop
      vertex -25.3376 4.90797 2.4
      vertex -25.0223 4.67413 0
      vertex -25.3376 4.90797 0
    endloop
  endfacet
  facet normal 0.514084 -0.85774 0
    outer loop
      vertex -25.0223 24.9259 0
      vertex -24.6856 25.1277 2.4
      vertex -25.0223 24.9259 2.4
    endloop
  endfacet
  facet normal 0.514084 -0.85774 0
    outer loop
      vertex -24.6856 25.1277 2.4
      vertex -25.0223 24.9259 0
      vertex -24.6856 25.1277 0
    endloop
  endfacet
  facet normal -0.803137 -0.595794 0
    outer loop
      vertex 26.1259 23.8223 0
      vertex 25.892 24.1376 2.4
      vertex 25.892 24.1376 0
    endloop
  endfacet
  facet normal -0.803137 -0.595794 0
    outer loop
      vertex 25.892 24.1376 2.4
      vertex 26.1259 23.8223 0
      vertex 26.1259 23.8223 2.4
    endloop
  endfacet
  facet normal 0.94158 0.336788 0
    outer loop
      vertex -26.4955 6.46928 2.4
      vertex -26.6277 6.83888 0
      vertex -26.6277 6.83888 2.4
    endloop
  endfacet
  facet normal 0.94158 0.336788 0
    outer loop
      vertex -26.6277 6.83888 0
      vertex -26.4955 6.46928 2.4
      vertex -26.4955 6.46928 0
    endloop
  endfacet
  facet normal 0.904025 0.42748 0
    outer loop
      vertex -26.3277 6.11442 2.4
      vertex -26.4955 6.46928 0
      vertex -26.4955 6.46928 2.4
    endloop
  endfacet
  facet normal 0.904025 0.42748 0
    outer loop
      vertex -26.4955 6.46928 0
      vertex -26.3277 6.11442 2.4
      vertex -26.3277 6.11442 0
    endloop
  endfacet
  facet normal -0.857727 0.514106 0
    outer loop
      vertex 26.1259 5.77774 0
      vertex 26.3277 6.11442 2.4
      vertex 26.3277 6.11442 0
    endloop
  endfacet
  facet normal -0.857727 0.514106 0
    outer loop
      vertex 26.3277 6.11442 2.4
      vertex 26.1259 5.77774 0
      vertex 26.1259 5.77774 2.4
    endloop
  endfacet
  facet normal 0.740908 -0.671607 0
    outer loop
      vertex -25.892 24.1376 2.4
      vertex -25.6284 24.4284 0
      vertex -25.6284 24.4284 2.4
    endloop
  endfacet
  facet normal 0.740908 -0.671607 0
    outer loop
      vertex -25.6284 24.4284 0
      vertex -25.892 24.1376 2.4
      vertex -25.892 24.1376 0
    endloop
  endfacet
  facet normal -0.243027 0.970019 0
    outer loop
      vertex 23.9611 4.17225 0
      vertex 23.5804 4.07687 2.4
      vertex 23.9611 4.17225 2.4
    endloop
  endfacet
  facet normal -0.243027 0.970019 0
    outer loop
      vertex 23.5804 4.07687 2.4
      vertex 23.9611 4.17225 0
      vertex 23.5804 4.07687 0
    endloop
  endfacet
  facet normal -0.989176 -0.146733 0
    outer loop
      vertex 26.7807 21.9921 0
      vertex 26.7231 22.3804 2.4
      vertex 26.7231 22.3804 0
    endloop
  endfacet
  facet normal -0.989176 -0.146733 0
    outer loop
      vertex 26.7231 22.3804 2.4
      vertex 26.7807 21.9921 0
      vertex 26.7807 21.9921 2.4
    endloop
  endfacet
  facet normal -0.42744 -0.904044 0
    outer loop
      vertex 24.3307 25.2955 0
      vertex 24.6856 25.1277 2.4
      vertex 24.3307 25.2955 2.4
    endloop
  endfacet
  facet normal -0.42744 -0.904044 -0
    outer loop
      vertex 24.6856 25.1277 2.4
      vertex 24.3307 25.2955 0
      vertex 24.6856 25.1277 0
    endloop
  endfacet
  facet normal -0.94158 0.336788 0
    outer loop
      vertex 26.4955 6.46928 0
      vertex 26.6277 6.83888 2.4
      vertex 26.6277 6.83888 0
    endloop
  endfacet
  facet normal -0.94158 0.336788 0
    outer loop
      vertex 26.6277 6.83888 2.4
      vertex 26.4955 6.46928 0
      vertex 26.4955 6.46928 2.4
    endloop
  endfacet
  facet normal -0.803137 0.595794 0
    outer loop
      vertex 25.892 5.46244 0
      vertex 26.1259 5.77774 2.4
      vertex 26.1259 5.77774 0
    endloop
  endfacet
  facet normal -0.803137 0.595794 0
    outer loop
      vertex 26.1259 5.77774 2.4
      vertex 25.892 5.46244 0
      vertex 25.892 5.46244 2.4
    endloop
  endfacet
  facet normal -0.94158 -0.336788 0
    outer loop
      vertex 26.6277 22.7611 0
      vertex 26.4955 23.1307 2.4
      vertex 26.4955 23.1307 0
    endloop
  endfacet
  facet normal -0.94158 -0.336788 0
    outer loop
      vertex 26.4955 23.1307 2.4
      vertex 26.6277 22.7611 0
      vertex 26.6277 22.7611 2.4
    endloop
  endfacet
  facet normal 0 0.671696 -0.740827
    outer loop
      vertex -2.5 38.0643 178.264
      vertex 2.5 39.0459 179.154
      vertex 2.5 38.0643 178.264
    endloop
  endfacet
  facet normal 0 0.671696 -0.740827
    outer loop
      vertex 2.5 39.0459 179.154
      vertex -2.5 38.0643 178.264
      vertex -2.5 39.0459 179.154
    endloop
  endfacet
  facet normal 0 0.146439 -0.98922
    outer loop
      vertex -2.5 30.8232 175.265
      vertex 2.5 32.1337 175.459
      vertex 2.5 30.8232 175.265
    endloop
  endfacet
  facet normal 0 0.146439 -0.98922
    outer loop
      vertex 2.5 32.1337 175.459
      vertex -2.5 30.8232 175.265
      vertex -2.5 32.1337 175.459
    endloop
  endfacet
  facet normal 0 0.0490642 -0.998796
    outer loop
      vertex -2.5 29.5 175.2
      vertex 2.5 30.8232 175.265
      vertex 2.5 29.5 175.2
    endloop
  endfacet
  facet normal 0 0.0490642 -0.998796
    outer loop
      vertex 2.5 30.8232 175.265
      vertex -2.5 29.5 175.2
      vertex -2.5 30.8232 175.265
    endloop
  endfacet
  facet normal 0 0.243051 -0.970014
    outer loop
      vertex -2.5 32.1337 175.459
      vertex 2.5 33.4188 175.781
      vertex 2.5 32.1337 175.459
    endloop
  endfacet
  facet normal 0 0.243051 -0.970014
    outer loop
      vertex 2.5 33.4188 175.781
      vertex -2.5 32.1337 175.459
      vertex -2.5 33.4188 175.781
    endloop
  endfacet
  facet normal 0 -0.941516 -0.336968
    outer loop
      vertex -2.5 17.0276 183.534
      vertex 2.5 16.5813 184.781
      vertex -2.5 16.5813 184.781
    endloop
  endfacet
  facet normal 0 -0.941516 -0.336968
    outer loop
      vertex 2.5 16.5813 184.781
      vertex -2.5 17.0276 183.534
      vertex 2.5 17.0276 183.534
    endloop
  endfacet
  facet normal 0 0.741076 -0.671421
    outer loop
      vertex 2.5 39.0459 179.154
      vertex -2.5 39.9356 180.136
      vertex 2.5 39.9356 180.136
    endloop
  endfacet
  facet normal 0 0.741076 -0.671421
    outer loop
      vertex -2.5 39.9356 180.136
      vertex 2.5 39.0459 179.154
      vertex -2.5 39.0459 179.154
    endloop
  endfacet
  facet normal 0 0.33734 -0.941383
    outer loop
      vertex -2.5 33.4188 175.781
      vertex 2.5 34.6662 176.228
      vertex 2.5 33.4188 175.781
    endloop
  endfacet
  facet normal 0 0.33734 -0.941383
    outer loop
      vertex 2.5 34.6662 176.228
      vertex -2.5 33.4188 175.781
      vertex -2.5 34.6662 176.228
    endloop
  endfacet
  facet normal 0 -0.998795 -0.0490716
    outer loop
      vertex -2.5 16.065 187.377
      vertex 2.5 16 188.7
      vertex -2.5 16 188.7
    endloop
  endfacet
  facet normal 0 -0.998795 -0.0490716
    outer loop
      vertex 2.5 16 188.7
      vertex -2.5 16.065 187.377
      vertex 2.5 16.065 187.377
    endloop
  endfacet
  facet normal 0 -0.803177 0.59574
    outer loop
      vertex -2.5 18.2752 196.2
      vertex 2.5 19.0644 197.264
      vertex -2.5 19.0644 197.264
    endloop
  endfacet
  facet normal 0 -0.803177 0.59574
    outer loop
      vertex 2.5 19.0644 197.264
      vertex -2.5 18.2752 196.2
      vertex 2.5 18.2752 196.2
    endloop
  endfacet
  facet normal 0 -0.857659 -0.514218
    outer loop
      vertex -2.5 18.2752 181.2
      vertex 2.5 17.5941 182.336
      vertex -2.5 17.5941 182.336
    endloop
  endfacet
  facet normal 0 -0.857659 -0.514218
    outer loop
      vertex 2.5 17.5941 182.336
      vertex -2.5 18.2752 181.2
      vertex 2.5 18.2752 181.2
    endloop
  endfacet
  facet normal 0 -0.970027 0.242997
    outer loop
      vertex -2.5 16.2594 191.334
      vertex 2.5 16.5813 192.619
      vertex -2.5 16.5813 192.619
    endloop
  endfacet
  facet normal 0 -0.970027 0.242997
    outer loop
      vertex 2.5 16.5813 192.619
      vertex -2.5 16.2594 191.334
      vertex 2.5 16.2594 191.334
    endloop
  endfacet
  facet normal 0 0.514063 -0.857753
    outer loop
      vertex -2.5 35.8639 176.794
      vertex 2.5 37.0002 177.475
      vertex 2.5 35.8639 176.794
    endloop
  endfacet
  facet normal 0 0.514063 -0.857753
    outer loop
      vertex 2.5 37.0002 177.475
      vertex -2.5 35.8639 176.794
      vertex -2.5 37.0002 177.475
    endloop
  endfacet
  facet normal 0 -0.0490642 0.998796
    outer loop
      vertex -2.5 29.5 202.2
      vertex 2.5 28.1768 202.135
      vertex 2.5 29.5 202.2
    endloop
  endfacet
  facet normal 0 -0.0490642 0.998796
    outer loop
      vertex 2.5 28.1768 202.135
      vertex -2.5 29.5 202.2
      vertex -2.5 28.1768 202.135
    endloop
  endfacet
  facet normal 0 -0.427265 0.904126
    outer loop
      vertex -2.5 24.3338 201.172
      vertex 2.5 23.1361 200.606
      vertex 2.5 24.3338 201.172
    endloop
  endfacet
  facet normal 0 -0.427265 0.904126
    outer loop
      vertex 2.5 23.1361 200.606
      vertex -2.5 24.3338 201.172
      vertex -2.5 23.1361 200.606
    endloop
  endfacet
  facet normal 0 0.427265 -0.904126
    outer loop
      vertex -2.5 34.6662 176.228
      vertex 2.5 35.8639 176.794
      vertex 2.5 34.6662 176.228
    endloop
  endfacet
  facet normal 0 0.427265 -0.904126
    outer loop
      vertex 2.5 35.8639 176.794
      vertex -2.5 34.6662 176.228
      vertex -2.5 35.8639 176.794
    endloop
  endfacet
  facet normal 0 -0.243051 -0.970014
    outer loop
      vertex -2.5 25.5812 175.781
      vertex 2.5 26.8663 175.459
      vertex 2.5 25.5812 175.781
    endloop
  endfacet
  facet normal -0 -0.243051 -0.970014
    outer loop
      vertex 2.5 26.8663 175.459
      vertex -2.5 25.5812 175.781
      vertex -2.5 26.8663 175.459
    endloop
  endfacet
  facet normal 0 0.857659 0.514218
    outer loop
      vertex 2.5 41.4059 195.064
      vertex -2.5 40.7248 196.2
      vertex 2.5 40.7248 196.2
    endloop
  endfacet
  facet normal 0 0.857659 0.514218
    outer loop
      vertex -2.5 40.7248 196.2
      vertex 2.5 41.4059 195.064
      vertex -2.5 41.4059 195.064
    endloop
  endfacet
  facet normal 0 -0.243051 0.970014
    outer loop
      vertex -2.5 26.8663 201.941
      vertex 2.5 25.5812 201.619
      vertex 2.5 26.8663 201.941
    endloop
  endfacet
  facet normal 0 -0.243051 0.970014
    outer loop
      vertex 2.5 25.5812 201.619
      vertex -2.5 26.8663 201.941
      vertex -2.5 25.5812 201.619
    endloop
  endfacet
  facet normal 0 0.970027 -0.242997
    outer loop
      vertex 2.5 42.4187 184.781
      vertex -2.5 42.7406 186.066
      vertex 2.5 42.7406 186.066
    endloop
  endfacet
  facet normal 0 0.970027 -0.242997
    outer loop
      vertex -2.5 42.7406 186.066
      vertex 2.5 42.4187 184.781
      vertex -2.5 42.4187 184.781
    endloop
  endfacet
  facet normal 0 -0.33734 -0.941383
    outer loop
      vertex -2.5 24.3338 176.228
      vertex 2.5 25.5812 175.781
      vertex 2.5 24.3338 176.228
    endloop
  endfacet
  facet normal -0 -0.33734 -0.941383
    outer loop
      vertex 2.5 25.5812 175.781
      vertex -2.5 24.3338 176.228
      vertex -2.5 25.5812 175.781
    endloop
  endfacet
  facet normal 0 -0.146439 -0.98922
    outer loop
      vertex -2.5 26.8663 175.459
      vertex 2.5 28.1768 175.265
      vertex 2.5 26.8663 175.459
    endloop
  endfacet
  facet normal -0 -0.146439 -0.98922
    outer loop
      vertex 2.5 28.1768 175.265
      vertex -2.5 26.8663 175.459
      vertex -2.5 28.1768 175.265
    endloop
  endfacet
  facet normal 0 0.989184 -0.14668
    outer loop
      vertex 2.5 42.7406 186.066
      vertex -2.5 42.935 187.377
      vertex 2.5 42.935 187.377
    endloop
  endfacet
  facet normal 0 0.989184 -0.14668
    outer loop
      vertex -2.5 42.935 187.377
      vertex 2.5 42.7406 186.066
      vertex -2.5 42.7406 186.066
    endloop
  endfacet
  facet normal 0 0.904022 0.427486
    outer loop
      vertex 2.5 41.9724 193.866
      vertex -2.5 41.4059 195.064
      vertex 2.5 41.4059 195.064
    endloop
  endfacet
  facet normal 0 0.904022 0.427486
    outer loop
      vertex -2.5 41.4059 195.064
      vertex 2.5 41.9724 193.866
      vertex -2.5 41.9724 193.866
    endloop
  endfacet
  facet normal 0 0.989184 0.14668
    outer loop
      vertex 2.5 42.935 190.023
      vertex -2.5 42.7406 191.334
      vertex 2.5 42.7406 191.334
    endloop
  endfacet
  facet normal 0 0.989184 0.14668
    outer loop
      vertex -2.5 42.7406 191.334
      vertex 2.5 42.935 190.023
      vertex -2.5 42.935 190.023
    endloop
  endfacet
  facet normal 0 -0.904022 -0.427486
    outer loop
      vertex -2.5 17.5941 182.336
      vertex 2.5 17.0276 183.534
      vertex -2.5 17.0276 183.534
    endloop
  endfacet
  facet normal 0 -0.904022 -0.427486
    outer loop
      vertex 2.5 17.0276 183.534
      vertex -2.5 17.5941 182.336
      vertex 2.5 17.5941 182.336
    endloop
  endfacet
  facet normal 0 0.741076 0.671421
    outer loop
      vertex 2.5 39.9356 197.264
      vertex -2.5 39.0459 198.246
      vertex 2.5 39.0459 198.246
    endloop
  endfacet
  facet normal 0 0.741076 0.671421
    outer loop
      vertex -2.5 39.0459 198.246
      vertex 2.5 39.9356 197.264
      vertex -2.5 39.9356 197.264
    endloop
  endfacet
  facet normal 0 -0.514063 -0.857753
    outer loop
      vertex -2.5 21.9998 177.475
      vertex 2.5 23.1361 176.794
      vertex 2.5 21.9998 177.475
    endloop
  endfacet
  facet normal -0 -0.514063 -0.857753
    outer loop
      vertex 2.5 23.1361 176.794
      vertex -2.5 21.9998 177.475
      vertex -2.5 23.1361 176.794
    endloop
  endfacet
  facet normal 0 0.803177 0.59574
    outer loop
      vertex 2.5 40.7248 196.2
      vertex -2.5 39.9356 197.264
      vertex 2.5 39.9356 197.264
    endloop
  endfacet
  facet normal 0 0.803177 0.59574
    outer loop
      vertex -2.5 39.9356 197.264
      vertex 2.5 40.7248 196.2
      vertex -2.5 40.7248 196.2
    endloop
  endfacet
  facet normal 0 -0.427265 -0.904126
    outer loop
      vertex -2.5 23.1361 176.794
      vertex 2.5 24.3338 176.228
      vertex 2.5 23.1361 176.794
    endloop
  endfacet
  facet normal -0 -0.427265 -0.904126
    outer loop
      vertex 2.5 24.3338 176.228
      vertex -2.5 23.1361 176.794
      vertex -2.5 24.3338 176.228
    endloop
  endfacet
  facet normal 0 -0.0490642 -0.998796
    outer loop
      vertex -2.5 28.1768 175.265
      vertex 2.5 29.5 175.2
      vertex 2.5 28.1768 175.265
    endloop
  endfacet
  facet normal -0 -0.0490642 -0.998796
    outer loop
      vertex 2.5 29.5 175.2
      vertex -2.5 28.1768 175.265
      vertex -2.5 29.5 175.2
    endloop
  endfacet
  facet normal -0 0.671696 0.740827
    outer loop
      vertex -2.5 39.0459 198.246
      vertex 2.5 38.0643 199.136
      vertex 2.5 39.0459 198.246
    endloop
  endfacet
  facet normal 0 0.671696 0.740827
    outer loop
      vertex 2.5 38.0643 199.136
      vertex -2.5 39.0459 198.246
      vertex -2.5 38.0643 199.136
    endloop
  endfacet
  facet normal 0 -0.33734 0.941383
    outer loop
      vertex -2.5 25.5812 201.619
      vertex 2.5 24.3338 201.172
      vertex 2.5 25.5812 201.619
    endloop
  endfacet
  facet normal 0 -0.33734 0.941383
    outer loop
      vertex 2.5 24.3338 201.172
      vertex -2.5 25.5812 201.619
      vertex -2.5 24.3338 201.172
    endloop
  endfacet
  facet normal 0 0.857659 -0.514218
    outer loop
      vertex 2.5 40.7248 181.2
      vertex -2.5 41.4059 182.336
      vertex 2.5 41.4059 182.336
    endloop
  endfacet
  facet normal 0 0.857659 -0.514218
    outer loop
      vertex -2.5 41.4059 182.336
      vertex 2.5 40.7248 181.2
      vertex -2.5 40.7248 181.2
    endloop
  endfacet
  facet normal 0 0.803177 -0.59574
    outer loop
      vertex 2.5 39.9356 180.136
      vertex -2.5 40.7248 181.2
      vertex 2.5 40.7248 181.2
    endloop
  endfacet
  facet normal 0 0.803177 -0.59574
    outer loop
      vertex -2.5 40.7248 181.2
      vertex 2.5 39.9356 180.136
      vertex -2.5 39.9356 180.136
    endloop
  endfacet
  facet normal 0 -0.989184 -0.14668
    outer loop
      vertex -2.5 16.2594 186.066
      vertex 2.5 16.065 187.377
      vertex -2.5 16.065 187.377
    endloop
  endfacet
  facet normal 0 -0.989184 -0.14668
    outer loop
      vertex 2.5 16.065 187.377
      vertex -2.5 16.2594 186.066
      vertex 2.5 16.2594 186.066
    endloop
  endfacet
  facet normal 0 -0.671696 -0.740827
    outer loop
      vertex -2.5 19.9541 179.154
      vertex 2.5 20.9357 178.264
      vertex 2.5 19.9541 179.154
    endloop
  endfacet
  facet normal -0 -0.671696 -0.740827
    outer loop
      vertex 2.5 20.9357 178.264
      vertex -2.5 19.9541 179.154
      vertex -2.5 20.9357 178.264
    endloop
  endfacet
  facet normal 0 -0.595607 -0.803276
    outer loop
      vertex -2.5 20.9357 178.264
      vertex 2.5 21.9998 177.475
      vertex 2.5 20.9357 178.264
    endloop
  endfacet
  facet normal -0 -0.595607 -0.803276
    outer loop
      vertex 2.5 21.9998 177.475
      vertex -2.5 20.9357 178.264
      vertex -2.5 21.9998 177.475
    endloop
  endfacet
  facet normal 0 -0.970027 -0.242997
    outer loop
      vertex -2.5 16.5813 184.781
      vertex 2.5 16.2594 186.066
      vertex -2.5 16.2594 186.066
    endloop
  endfacet
  facet normal 0 -0.970027 -0.242997
    outer loop
      vertex 2.5 16.2594 186.066
      vertex -2.5 16.5813 184.781
      vertex 2.5 16.5813 184.781
    endloop
  endfacet
  facet normal 0 0.970027 0.242997
    outer loop
      vertex 2.5 42.7406 191.334
      vertex -2.5 42.4187 192.619
      vertex 2.5 42.4187 192.619
    endloop
  endfacet
  facet normal 0 0.970027 0.242997
    outer loop
      vertex -2.5 42.4187 192.619
      vertex 2.5 42.7406 191.334
      vertex -2.5 42.7406 191.334
    endloop
  endfacet
  facet normal 0 0.595607 -0.803276
    outer loop
      vertex -2.5 37.0002 177.475
      vertex 2.5 38.0643 178.264
      vertex 2.5 37.0002 177.475
    endloop
  endfacet
  facet normal 0 0.595607 -0.803276
    outer loop
      vertex 2.5 38.0643 178.264
      vertex -2.5 37.0002 177.475
      vertex -2.5 38.0643 178.264
    endloop
  endfacet
  facet normal 0 0.998795 -0.0490716
    outer loop
      vertex 2.5 42.935 187.377
      vertex -2.5 43 188.7
      vertex 2.5 43 188.7
    endloop
  endfacet
  facet normal 0 0.998795 -0.0490716
    outer loop
      vertex -2.5 43 188.7
      vertex 2.5 42.935 187.377
      vertex -2.5 42.935 187.377
    endloop
  endfacet
  facet normal -0 0.514063 0.857753
    outer loop
      vertex -2.5 37.0002 199.925
      vertex 2.5 35.8639 200.606
      vertex 2.5 37.0002 199.925
    endloop
  endfacet
  facet normal 0 0.514063 0.857753
    outer loop
      vertex 2.5 35.8639 200.606
      vertex -2.5 37.0002 199.925
      vertex -2.5 35.8639 200.606
    endloop
  endfacet
  facet normal 0 0.904022 -0.427486
    outer loop
      vertex 2.5 41.4059 182.336
      vertex -2.5 41.9724 183.534
      vertex 2.5 41.9724 183.534
    endloop
  endfacet
  facet normal 0 0.904022 -0.427486
    outer loop
      vertex -2.5 41.9724 183.534
      vertex 2.5 41.4059 182.336
      vertex -2.5 41.4059 182.336
    endloop
  endfacet
  facet normal 0 -0.514063 0.857753
    outer loop
      vertex -2.5 23.1361 200.606
      vertex 2.5 21.9998 199.925
      vertex 2.5 23.1361 200.606
    endloop
  endfacet
  facet normal 0 -0.514063 0.857753
    outer loop
      vertex 2.5 21.9998 199.925
      vertex -2.5 23.1361 200.606
      vertex -2.5 21.9998 199.925
    endloop
  endfacet
  facet normal 0 -0.904022 0.427486
    outer loop
      vertex -2.5 17.0276 193.866
      vertex 2.5 17.5941 195.064
      vertex -2.5 17.5941 195.064
    endloop
  endfacet
  facet normal 0 -0.904022 0.427486
    outer loop
      vertex 2.5 17.5941 195.064
      vertex -2.5 17.0276 193.866
      vertex 2.5 17.0276 193.866
    endloop
  endfacet
  facet normal 0 -0.671696 0.740827
    outer loop
      vertex -2.5 20.9357 199.136
      vertex 2.5 19.9541 198.246
      vertex 2.5 20.9357 199.136
    endloop
  endfacet
  facet normal 0 -0.671696 0.740827
    outer loop
      vertex 2.5 19.9541 198.246
      vertex -2.5 20.9357 199.136
      vertex -2.5 19.9541 198.246
    endloop
  endfacet
  facet normal 0 0.941516 0.336968
    outer loop
      vertex 2.5 42.4187 192.619
      vertex -2.5 41.9724 193.866
      vertex 2.5 41.9724 193.866
    endloop
  endfacet
  facet normal 0 0.941516 0.336968
    outer loop
      vertex -2.5 41.9724 193.866
      vertex 2.5 42.4187 192.619
      vertex -2.5 42.4187 192.619
    endloop
  endfacet
  facet normal 0 -0.857659 0.514218
    outer loop
      vertex -2.5 17.5941 195.064
      vertex 2.5 18.2752 196.2
      vertex -2.5 18.2752 196.2
    endloop
  endfacet
  facet normal 0 -0.857659 0.514218
    outer loop
      vertex 2.5 18.2752 196.2
      vertex -2.5 17.5941 195.064
      vertex 2.5 17.5941 195.064
    endloop
  endfacet
  facet normal 0 -0.803177 -0.59574
    outer loop
      vertex -2.5 19.0644 180.136
      vertex 2.5 18.2752 181.2
      vertex -2.5 18.2752 181.2
    endloop
  endfacet
  facet normal 0 -0.803177 -0.59574
    outer loop
      vertex 2.5 18.2752 181.2
      vertex -2.5 19.0644 180.136
      vertex 2.5 19.0644 180.136
    endloop
  endfacet
  facet normal 0 0.998795 0.0490716
    outer loop
      vertex 2.5 43 188.7
      vertex -2.5 42.935 190.023
      vertex 2.5 42.935 190.023
    endloop
  endfacet
  facet normal 0 0.998795 0.0490716
    outer loop
      vertex -2.5 42.935 190.023
      vertex 2.5 43 188.7
      vertex -2.5 43 188.7
    endloop
  endfacet
  facet normal -0 0.243051 0.970014
    outer loop
      vertex -2.5 33.4188 201.619
      vertex 2.5 32.1337 201.941
      vertex 2.5 33.4188 201.619
    endloop
  endfacet
  facet normal 0 0.243051 0.970014
    outer loop
      vertex 2.5 32.1337 201.941
      vertex -2.5 33.4188 201.619
      vertex -2.5 32.1337 201.941
    endloop
  endfacet
  facet normal -0 0.33734 0.941383
    outer loop
      vertex -2.5 34.6662 201.172
      vertex 2.5 33.4188 201.619
      vertex 2.5 34.6662 201.172
    endloop
  endfacet
  facet normal 0 0.33734 0.941383
    outer loop
      vertex 2.5 33.4188 201.619
      vertex -2.5 34.6662 201.172
      vertex -2.5 33.4188 201.619
    endloop
  endfacet
  facet normal 0 0.941516 -0.336968
    outer loop
      vertex 2.5 41.9724 183.534
      vertex -2.5 42.4187 184.781
      vertex 2.5 42.4187 184.781
    endloop
  endfacet
  facet normal 0 0.941516 -0.336968
    outer loop
      vertex -2.5 42.4187 184.781
      vertex 2.5 41.9724 183.534
      vertex -2.5 41.9724 183.534
    endloop
  endfacet
  facet normal 0 -0.595607 0.803276
    outer loop
      vertex -2.5 21.9998 199.925
      vertex 2.5 20.9357 199.136
      vertex 2.5 21.9998 199.925
    endloop
  endfacet
  facet normal 0 -0.595607 0.803276
    outer loop
      vertex 2.5 20.9357 199.136
      vertex -2.5 21.9998 199.925
      vertex -2.5 20.9357 199.136
    endloop
  endfacet
  facet normal 0 -0.146439 0.98922
    outer loop
      vertex -2.5 28.1768 202.135
      vertex 2.5 26.8663 201.941
      vertex 2.5 28.1768 202.135
    endloop
  endfacet
  facet normal 0 -0.146439 0.98922
    outer loop
      vertex 2.5 26.8663 201.941
      vertex -2.5 28.1768 202.135
      vertex -2.5 26.8663 201.941
    endloop
  endfacet
  facet normal -0 0.427265 0.904126
    outer loop
      vertex -2.5 35.8639 200.606
      vertex 2.5 34.6662 201.172
      vertex 2.5 35.8639 200.606
    endloop
  endfacet
  facet normal 0 0.427265 0.904126
    outer loop
      vertex 2.5 34.6662 201.172
      vertex -2.5 35.8639 200.606
      vertex -2.5 34.6662 201.172
    endloop
  endfacet
  facet normal -1 0 0
    outer loop
      vertex -2.5 38.5 188.7
      vertex -2.5 43 188.7
      vertex -2.5 42.935 187.377
    endloop
  endfacet
  facet normal -1 0 0
    outer loop
      vertex -2.5 38.4567 187.818
      vertex -2.5 42.935 187.377
      vertex -2.5 42.7406 186.066
    endloop
  endfacet
  facet normal -1 0 0
    outer loop
      vertex -2.5 43 188.7
      vertex -2.5 38.5 188.7
      vertex -2.5 42.935 190.023
    endloop
  endfacet
  facet normal -1 0 0
    outer loop
      vertex -2.5 38.3271 186.944
      vertex -2.5 42.7406 186.066
      vertex -2.5 42.4187 184.781
    endloop
  endfacet
  facet normal -1 0 0
    outer loop
      vertex -2.5 38.4567 189.582
      vertex -2.5 42.935 190.023
      vertex -2.5 38.5 188.7
    endloop
  endfacet
  facet normal -1 0 0
    outer loop
      vertex -2.5 38.1125 186.087
      vertex -2.5 42.4187 184.781
      vertex -2.5 41.9724 183.534
    endloop
  endfacet
  facet normal -1 -0 0
    outer loop
      vertex -2.5 42.935 190.023
      vertex -2.5 38.4567 189.582
      vertex -2.5 42.7406 191.334
    endloop
  endfacet
  facet normal -1 0 0
    outer loop
      vertex -2.5 37.8149 185.256
      vertex -2.5 41.9724 183.534
      vertex -2.5 41.4059 182.336
    endloop
  endfacet
  facet normal -1 0 0
    outer loop
      vertex -2.5 38.3271 190.456
      vertex -2.5 42.7406 191.334
      vertex -2.5 38.4567 189.582
    endloop
  endfacet
  facet normal -1 0 0
    outer loop
      vertex -2.5 37.4373 184.457
      vertex -2.5 41.4059 182.336
      vertex -2.5 40.7248 181.2
    endloop
  endfacet
  facet normal -1 -0 0
    outer loop
      vertex -2.5 42.7406 191.334
      vertex -2.5 38.3271 190.456
      vertex -2.5 42.4187 192.619
    endloop
  endfacet
  facet normal -1 0 0
    outer loop
      vertex -2.5 36.9832 183.7
      vertex -2.5 40.7248 181.2
      vertex -2.5 39.9356 180.136
    endloop
  endfacet
  facet normal -1 0 0
    outer loop
      vertex -2.5 38.1125 191.313
      vertex -2.5 42.4187 192.619
      vertex -2.5 38.3271 190.456
    endloop
  endfacet
  facet normal -1 0 0
    outer loop
      vertex -2.5 36.4571 182.99
      vertex -2.5 39.9356 180.136
      vertex -2.5 39.0459 179.154
    endloop
  endfacet
  facet normal -1 -0 0
    outer loop
      vertex -2.5 42.4187 192.619
      vertex -2.5 38.1125 191.313
      vertex -2.5 41.9724 193.866
    endloop
  endfacet
  facet normal -1 0 0
    outer loop
      vertex -2.5 37.8149 192.144
      vertex -2.5 41.9724 193.866
      vertex -2.5 38.1125 191.313
    endloop
  endfacet
  facet normal -1 0 0
    outer loop
      vertex -2.5 42.935 187.377
      vertex -2.5 38.4567 187.818
      vertex -2.5 38.5 188.7
    endloop
  endfacet
  facet normal -1 0 0
    outer loop
      vertex -2.5 42.7406 186.066
      vertex -2.5 38.3271 186.944
      vertex -2.5 38.4567 187.818
    endloop
  endfacet
  facet normal -1 0 0
    outer loop
      vertex -2.5 42.4187 184.781
      vertex -2.5 38.1125 186.087
      vertex -2.5 38.3271 186.944
    endloop
  endfacet
  facet normal -1 0 0
    outer loop
      vertex -2.5 35.864 182.336
      vertex -2.5 39.0459 179.154
      vertex -2.5 38.0643 178.264
    endloop
  endfacet
  facet normal -1 0 0
    outer loop
      vertex -2.5 41.9724 183.534
      vertex -2.5 37.8149 185.256
      vertex -2.5 38.1125 186.087
    endloop
  endfacet
  facet normal -1 0 0
    outer loop
      vertex -2.5 41.4059 182.336
      vertex -2.5 37.4373 184.457
      vertex -2.5 37.8149 185.256
    endloop
  endfacet
  facet normal -1 0 0
    outer loop
      vertex -2.5 35.2095 181.743
      vertex -2.5 38.0643 178.264
      vertex -2.5 37.0002 177.475
    endloop
  endfacet
  facet normal -1 0 0
    outer loop
      vertex -2.5 40.7248 181.2
      vertex -2.5 36.9832 183.7
      vertex -2.5 37.4373 184.457
    endloop
  endfacet
  facet normal -1 0 0
    outer loop
      vertex -2.5 39.9356 180.136
      vertex -2.5 36.4571 182.99
      vertex -2.5 36.9832 183.7
    endloop
  endfacet
  facet normal -1 0 0
    outer loop
      vertex -2.5 39.0459 179.154
      vertex -2.5 35.864 182.336
      vertex -2.5 36.4571 182.99
    endloop
  endfacet
  facet normal -1 0 0
    outer loop
      vertex -2.5 34.5001 181.217
      vertex -2.5 37.0002 177.475
      vertex -2.5 35.8639 176.794
    endloop
  endfacet
  facet normal -1 0 0
    outer loop
      vertex -2.5 38.0643 178.264
      vertex -2.5 35.2095 181.743
      vertex -2.5 35.864 182.336
    endloop
  endfacet
  facet normal -1 0 0
    outer loop
      vertex -2.5 33.7426 180.763
      vertex -2.5 35.8639 176.794
      vertex -2.5 34.6662 176.228
    endloop
  endfacet
  facet normal -1 0 0
    outer loop
      vertex -2.5 37.0002 177.475
      vertex -2.5 34.5001 181.217
      vertex -2.5 35.2095 181.743
    endloop
  endfacet
  facet normal -1 0 0
    outer loop
      vertex -2.5 35.8639 176.794
      vertex -2.5 33.7426 180.763
      vertex -2.5 34.5001 181.217
    endloop
  endfacet
  facet normal -1 0 0
    outer loop
      vertex -2.5 32.9441 180.385
      vertex -2.5 34.6662 176.228
      vertex -2.5 33.4188 175.781
    endloop
  endfacet
  facet normal -1 0 0
    outer loop
      vertex -2.5 34.6662 176.228
      vertex -2.5 32.9441 180.385
      vertex -2.5 33.7426 180.763
    endloop
  endfacet
  facet normal -1 0 0
    outer loop
      vertex -2.5 32.1126 180.088
      vertex -2.5 33.4188 175.781
      vertex -2.5 32.1337 175.459
    endloop
  endfacet
  facet normal -1 0 0
    outer loop
      vertex -2.5 33.4188 175.781
      vertex -2.5 32.1126 180.088
      vertex -2.5 32.9441 180.385
    endloop
  endfacet
  facet normal -1 0 0
    outer loop
      vertex -2.5 32.1337 175.459
      vertex -2.5 31.2558 179.873
      vertex -2.5 32.1126 180.088
    endloop
  endfacet
  facet normal -1 0 0
    outer loop
      vertex -2.5 30.8232 175.265
      vertex -2.5 31.2558 179.873
      vertex -2.5 32.1337 175.459
    endloop
  endfacet
  facet normal -1 0 0
    outer loop
      vertex -2.5 30.8232 175.265
      vertex -2.5 30.3822 179.743
      vertex -2.5 31.2558 179.873
    endloop
  endfacet
  facet normal -1 0 0
    outer loop
      vertex -2.5 29.5 175.2
      vertex -2.5 30.3822 179.743
      vertex -2.5 30.8232 175.265
    endloop
  endfacet
  facet normal -1 0 0
    outer loop
      vertex -2.5 29.5 175.2
      vertex -2.5 29.5 179.7
      vertex -2.5 30.3822 179.743
    endloop
  endfacet
  facet normal -1 0 0
    outer loop
      vertex -2.5 29.5 175.2
      vertex -2.5 28.6178 179.743
      vertex -2.5 29.5 179.7
    endloop
  endfacet
  facet normal -1 0 0
    outer loop
      vertex -2.5 28.1768 175.265
      vertex -2.5 28.6178 179.743
      vertex -2.5 29.5 175.2
    endloop
  endfacet
  facet normal -1 0 0
    outer loop
      vertex -2.5 28.1768 175.265
      vertex -2.5 27.7442 179.873
      vertex -2.5 28.6178 179.743
    endloop
  endfacet
  facet normal -1 0 0
    outer loop
      vertex -2.5 26.8663 175.459
      vertex -2.5 27.7442 179.873
      vertex -2.5 28.1768 175.265
    endloop
  endfacet
  facet normal -1 -0 0
    outer loop
      vertex -2.5 27.7442 179.873
      vertex -2.5 26.8663 175.459
      vertex -2.5 26.8874 180.088
    endloop
  endfacet
  facet normal -1 0 0
    outer loop
      vertex -2.5 25.5812 175.781
      vertex -2.5 26.8874 180.088
      vertex -2.5 26.8663 175.459
    endloop
  endfacet
  facet normal -1 -0 0
    outer loop
      vertex -2.5 26.8874 180.088
      vertex -2.5 25.5812 175.781
      vertex -2.5 26.0559 180.385
    endloop
  endfacet
  facet normal -1 0 0
    outer loop
      vertex -2.5 24.3338 176.228
      vertex -2.5 26.0559 180.385
      vertex -2.5 25.5812 175.781
    endloop
  endfacet
  facet normal -1 -0 0
    outer loop
      vertex -2.5 26.0559 180.385
      vertex -2.5 24.3338 176.228
      vertex -2.5 25.2574 180.763
    endloop
  endfacet
  facet normal -1 0 0
    outer loop
      vertex -2.5 23.1361 176.794
      vertex -2.5 25.2574 180.763
      vertex -2.5 24.3338 176.228
    endloop
  endfacet
  facet normal -1 -0 0
    outer loop
      vertex -2.5 25.2574 180.763
      vertex -2.5 23.1361 176.794
      vertex -2.5 24.4999 181.217
    endloop
  endfacet
  facet normal -1 0 0
    outer loop
      vertex -2.5 21.9998 177.475
      vertex -2.5 24.4999 181.217
      vertex -2.5 23.1361 176.794
    endloop
  endfacet
  facet normal -1 -0 0
    outer loop
      vertex -2.5 24.4999 181.217
      vertex -2.5 21.9998 177.475
      vertex -2.5 23.7905 181.743
    endloop
  endfacet
  facet normal -1 0 0
    outer loop
      vertex -2.5 20.9357 178.264
      vertex -2.5 23.7905 181.743
      vertex -2.5 21.9998 177.475
    endloop
  endfacet
  facet normal -1 -0 0
    outer loop
      vertex -2.5 23.7905 181.743
      vertex -2.5 20.9357 178.264
      vertex -2.5 23.136 182.336
    endloop
  endfacet
  facet normal -1 0 0
    outer loop
      vertex -2.5 19.9541 179.154
      vertex -2.5 23.136 182.336
      vertex -2.5 20.9357 178.264
    endloop
  endfacet
  facet normal -1 -0 0
    outer loop
      vertex -2.5 23.136 182.336
      vertex -2.5 19.9541 179.154
      vertex -2.5 22.5429 182.99
    endloop
  endfacet
  facet normal -1 0 0
    outer loop
      vertex -2.5 19.0644 180.136
      vertex -2.5 22.5429 182.99
      vertex -2.5 19.9541 179.154
    endloop
  endfacet
  facet normal -1 -0 0
    outer loop
      vertex -2.5 22.5429 182.99
      vertex -2.5 19.0644 180.136
      vertex -2.5 22.0168 183.7
    endloop
  endfacet
  facet normal -1 0 0
    outer loop
      vertex -2.5 18.2752 181.2
      vertex -2.5 22.0168 183.7
      vertex -2.5 19.0644 180.136
    endloop
  endfacet
  facet normal -1 -0 0
    outer loop
      vertex -2.5 22.0168 183.7
      vertex -2.5 18.2752 181.2
      vertex -2.5 21.5627 184.457
    endloop
  endfacet
  facet normal -1 0 0
    outer loop
      vertex -2.5 17.5941 182.336
      vertex -2.5 21.5627 184.457
      vertex -2.5 18.2752 181.2
    endloop
  endfacet
  facet normal -1 -0 0
    outer loop
      vertex -2.5 21.5627 184.457
      vertex -2.5 17.5941 182.336
      vertex -2.5 21.1851 185.256
    endloop
  endfacet
  facet normal -1 0 0
    outer loop
      vertex -2.5 17.0276 183.534
      vertex -2.5 21.1851 185.256
      vertex -2.5 17.5941 182.336
    endloop
  endfacet
  facet normal -1 -0 0
    outer loop
      vertex -2.5 41.9724 193.866
      vertex -2.5 37.8149 192.144
      vertex -2.5 41.4059 195.064
    endloop
  endfacet
  facet normal -1 0 0
    outer loop
      vertex -2.5 37.4373 192.943
      vertex -2.5 41.4059 195.064
      vertex -2.5 37.8149 192.144
    endloop
  endfacet
  facet normal -1 -0 0
    outer loop
      vertex -2.5 41.4059 195.064
      vertex -2.5 37.4373 192.943
      vertex -2.5 40.7248 196.2
    endloop
  endfacet
  facet normal -1 0 0
    outer loop
      vertex -2.5 36.9832 193.7
      vertex -2.5 40.7248 196.2
      vertex -2.5 37.4373 192.943
    endloop
  endfacet
  facet normal -1 -0 0
    outer loop
      vertex -2.5 40.7248 196.2
      vertex -2.5 36.9832 193.7
      vertex -2.5 39.9356 197.264
    endloop
  endfacet
  facet normal -1 0 0
    outer loop
      vertex -2.5 36.4571 194.41
      vertex -2.5 39.9356 197.264
      vertex -2.5 36.9832 193.7
    endloop
  endfacet
  facet normal -1 -0 0
    outer loop
      vertex -2.5 39.9356 197.264
      vertex -2.5 36.4571 194.41
      vertex -2.5 39.0459 198.246
    endloop
  endfacet
  facet normal -1 0 0
    outer loop
      vertex -2.5 35.864 195.064
      vertex -2.5 39.0459 198.246
      vertex -2.5 36.4571 194.41
    endloop
  endfacet
  facet normal -1 -0 0
    outer loop
      vertex -2.5 39.0459 198.246
      vertex -2.5 35.864 195.064
      vertex -2.5 38.0643 199.136
    endloop
  endfacet
  facet normal -1 0 0
    outer loop
      vertex -2.5 35.2095 195.657
      vertex -2.5 38.0643 199.136
      vertex -2.5 35.864 195.064
    endloop
  endfacet
  facet normal -1 -0 0
    outer loop
      vertex -2.5 38.0643 199.136
      vertex -2.5 35.2095 195.657
      vertex -2.5 37.0002 199.925
    endloop
  endfacet
  facet normal -1 0 0
    outer loop
      vertex -2.5 34.5001 196.183
      vertex -2.5 37.0002 199.925
      vertex -2.5 35.2095 195.657
    endloop
  endfacet
  facet normal -1 -0 0
    outer loop
      vertex -2.5 37.0002 199.925
      vertex -2.5 34.5001 196.183
      vertex -2.5 35.8639 200.606
    endloop
  endfacet
  facet normal -1 0 0
    outer loop
      vertex -2.5 33.7426 196.637
      vertex -2.5 35.8639 200.606
      vertex -2.5 34.5001 196.183
    endloop
  endfacet
  facet normal -1 -0 0
    outer loop
      vertex -2.5 35.8639 200.606
      vertex -2.5 33.7426 196.637
      vertex -2.5 34.6662 201.172
    endloop
  endfacet
  facet normal -1 0 0
    outer loop
      vertex -2.5 32.9441 197.015
      vertex -2.5 34.6662 201.172
      vertex -2.5 33.7426 196.637
    endloop
  endfacet
  facet normal -1 -0 0
    outer loop
      vertex -2.5 34.6662 201.172
      vertex -2.5 32.9441 197.015
      vertex -2.5 33.4188 201.619
    endloop
  endfacet
  facet normal -1 0 0
    outer loop
      vertex -2.5 32.1126 197.312
      vertex -2.5 33.4188 201.619
      vertex -2.5 32.9441 197.015
    endloop
  endfacet
  facet normal -1 -0 0
    outer loop
      vertex -2.5 33.4188 201.619
      vertex -2.5 32.1126 197.312
      vertex -2.5 32.1337 201.941
    endloop
  endfacet
  facet normal -1 0 0
    outer loop
      vertex -2.5 31.2558 197.527
      vertex -2.5 32.1337 201.941
      vertex -2.5 32.1126 197.312
    endloop
  endfacet
  facet normal -1 0 0
    outer loop
      vertex -2.5 31.2558 197.527
      vertex -2.5 30.8232 202.135
      vertex -2.5 32.1337 201.941
    endloop
  endfacet
  facet normal -1 0 0
    outer loop
      vertex -2.5 30.3822 197.657
      vertex -2.5 30.8232 202.135
      vertex -2.5 31.2558 197.527
    endloop
  endfacet
  facet normal -1 0 0
    outer loop
      vertex -2.5 29.5 197.7
      vertex -2.5 30.8232 202.135
      vertex -2.5 30.3822 197.657
    endloop
  endfacet
  facet normal -1 0 0
    outer loop
      vertex -2.5 29.5 197.7
      vertex -2.5 29.5 202.2
      vertex -2.5 30.8232 202.135
    endloop
  endfacet
  facet normal -1 0 0
    outer loop
      vertex -2.5 28.6178 197.657
      vertex -2.5 29.5 202.2
      vertex -2.5 29.5 197.7
    endloop
  endfacet
  facet normal -1 0 0
    outer loop
      vertex -2.5 28.6178 197.657
      vertex -2.5 28.1768 202.135
      vertex -2.5 29.5 202.2
    endloop
  endfacet
  facet normal -1 0 0
    outer loop
      vertex -2.5 27.7442 197.527
      vertex -2.5 28.1768 202.135
      vertex -2.5 28.6178 197.657
    endloop
  endfacet
  facet normal -1 0 0
    outer loop
      vertex -2.5 26.8663 201.941
      vertex -2.5 27.7442 197.527
      vertex -2.5 26.8874 197.312
    endloop
  endfacet
  facet normal -1 0 0
    outer loop
      vertex -2.5 27.7442 197.527
      vertex -2.5 26.8663 201.941
      vertex -2.5 28.1768 202.135
    endloop
  endfacet
  facet normal -1 0 0
    outer loop
      vertex -2.5 25.5812 201.619
      vertex -2.5 26.8874 197.312
      vertex -2.5 26.0559 197.015
    endloop
  endfacet
  facet normal -1 0 0
    outer loop
      vertex -2.5 26.8874 197.312
      vertex -2.5 25.5812 201.619
      vertex -2.5 26.8663 201.941
    endloop
  endfacet
  facet normal -1 0 0
    outer loop
      vertex -2.5 24.3338 201.172
      vertex -2.5 26.0559 197.015
      vertex -2.5 25.2574 196.637
    endloop
  endfacet
  facet normal -1 0 0
    outer loop
      vertex -2.5 23.1361 200.606
      vertex -2.5 25.2574 196.637
      vertex -2.5 24.4999 196.183
    endloop
  endfacet
  facet normal -1 0 0
    outer loop
      vertex -2.5 26.0559 197.015
      vertex -2.5 24.3338 201.172
      vertex -2.5 25.5812 201.619
    endloop
  endfacet
  facet normal -1 0 0
    outer loop
      vertex -2.5 21.9998 199.925
      vertex -2.5 24.4999 196.183
      vertex -2.5 23.7905 195.657
    endloop
  endfacet
  facet normal -1 0 0
    outer loop
      vertex -2.5 25.2574 196.637
      vertex -2.5 23.1361 200.606
      vertex -2.5 24.3338 201.172
    endloop
  endfacet
  facet normal -1 0 0
    outer loop
      vertex -2.5 20.9357 199.136
      vertex -2.5 23.7905 195.657
      vertex -2.5 23.136 195.064
    endloop
  endfacet
  facet normal -1 0 0
    outer loop
      vertex -2.5 19.9541 198.246
      vertex -2.5 23.136 195.064
      vertex -2.5 22.5429 194.41
    endloop
  endfacet
  facet normal -1 0 0
    outer loop
      vertex -2.5 19.0644 197.264
      vertex -2.5 22.5429 194.41
      vertex -2.5 22.0168 193.7
    endloop
  endfacet
  facet normal -1 0 0
    outer loop
      vertex -2.5 24.4999 196.183
      vertex -2.5 21.9998 199.925
      vertex -2.5 23.1361 200.606
    endloop
  endfacet
  facet normal -1 0 0
    outer loop
      vertex -2.5 18.2752 196.2
      vertex -2.5 22.0168 193.7
      vertex -2.5 21.5627 192.943
    endloop
  endfacet
  facet normal -1 0 0
    outer loop
      vertex -2.5 17.5941 195.064
      vertex -2.5 21.5627 192.943
      vertex -2.5 21.1851 192.144
    endloop
  endfacet
  facet normal -1 0 0
    outer loop
      vertex -2.5 23.7905 195.657
      vertex -2.5 20.9357 199.136
      vertex -2.5 21.9998 199.925
    endloop
  endfacet
  facet normal -1 0 0
    outer loop
      vertex -2.5 17.0276 193.866
      vertex -2.5 21.1851 192.144
      vertex -2.5 20.8875 191.313
    endloop
  endfacet
  facet normal -1 0 0
    outer loop
      vertex -2.5 16.5813 192.619
      vertex -2.5 20.8875 191.313
      vertex -2.5 20.6729 190.456
    endloop
  endfacet
  facet normal -1 0 0
    outer loop
      vertex -2.5 16.2594 191.334
      vertex -2.5 20.6729 190.456
      vertex -2.5 20.5433 189.582
    endloop
  endfacet
  facet normal -1 0 0
    outer loop
      vertex -2.5 16.065 190.023
      vertex -2.5 20.5433 189.582
      vertex -2.5 20.5 188.7
    endloop
  endfacet
  facet normal -1 -0 0
    outer loop
      vertex -2.5 21.1851 185.256
      vertex -2.5 17.0276 183.534
      vertex -2.5 20.8875 186.087
    endloop
  endfacet
  facet normal -1 0 0
    outer loop
      vertex -2.5 23.136 195.064
      vertex -2.5 19.9541 198.246
      vertex -2.5 20.9357 199.136
    endloop
  endfacet
  facet normal -1 0 0
    outer loop
      vertex -2.5 16.5813 184.781
      vertex -2.5 20.8875 186.087
      vertex -2.5 17.0276 183.534
    endloop
  endfacet
  facet normal -1 0 0
    outer loop
      vertex -2.5 22.5429 194.41
      vertex -2.5 19.0644 197.264
      vertex -2.5 19.9541 198.246
    endloop
  endfacet
  facet normal -1 -0 0
    outer loop
      vertex -2.5 20.8875 186.087
      vertex -2.5 16.5813 184.781
      vertex -2.5 20.6729 186.944
    endloop
  endfacet
  facet normal -1 0 0
    outer loop
      vertex -2.5 22.0168 193.7
      vertex -2.5 18.2752 196.2
      vertex -2.5 19.0644 197.264
    endloop
  endfacet
  facet normal -1 0 0
    outer loop
      vertex -2.5 16.2594 186.066
      vertex -2.5 20.6729 186.944
      vertex -2.5 16.5813 184.781
    endloop
  endfacet
  facet normal -1 0 0
    outer loop
      vertex -2.5 21.5627 192.943
      vertex -2.5 17.5941 195.064
      vertex -2.5 18.2752 196.2
    endloop
  endfacet
  facet normal -1 -0 0
    outer loop
      vertex -2.5 20.6729 186.944
      vertex -2.5 16.2594 186.066
      vertex -2.5 20.5433 187.818
    endloop
  endfacet
  facet normal -1 0 0
    outer loop
      vertex -2.5 21.1851 192.144
      vertex -2.5 17.0276 193.866
      vertex -2.5 17.5941 195.064
    endloop
  endfacet
  facet normal -1 0 0
    outer loop
      vertex -2.5 16.065 187.377
      vertex -2.5 20.5433 187.818
      vertex -2.5 16.2594 186.066
    endloop
  endfacet
  facet normal -1 0 0
    outer loop
      vertex -2.5 20.8875 191.313
      vertex -2.5 16.5813 192.619
      vertex -2.5 17.0276 193.866
    endloop
  endfacet
  facet normal -1 -0 0
    outer loop
      vertex -2.5 20.5433 187.818
      vertex -2.5 16.065 187.377
      vertex -2.5 20.5 188.7
    endloop
  endfacet
  facet normal -1 0 0
    outer loop
      vertex -2.5 20.6729 190.456
      vertex -2.5 16.2594 191.334
      vertex -2.5 16.5813 192.619
    endloop
  endfacet
  facet normal -1 0 0
    outer loop
      vertex -2.5 16 188.7
      vertex -2.5 20.5 188.7
      vertex -2.5 16.065 187.377
    endloop
  endfacet
  facet normal -1 0 0
    outer loop
      vertex -2.5 20.5433 189.582
      vertex -2.5 16.065 190.023
      vertex -2.5 16.2594 191.334
    endloop
  endfacet
  facet normal -1 0 0
    outer loop
      vertex -2.5 20.5 188.7
      vertex -2.5 16 188.7
      vertex -2.5 16.065 190.023
    endloop
  endfacet
  facet normal 0 -0.741076 0.671421
    outer loop
      vertex -2.5 19.0644 197.264
      vertex 2.5 19.9541 198.246
      vertex -2.5 19.9541 198.246
    endloop
  endfacet
  facet normal 0 -0.741076 0.671421
    outer loop
      vertex 2.5 19.9541 198.246
      vertex -2.5 19.0644 197.264
      vertex 2.5 19.0644 197.264
    endloop
  endfacet
  facet normal -0 0.595607 0.803276
    outer loop
      vertex -2.5 38.0643 199.136
      vertex 2.5 37.0002 199.925
      vertex 2.5 38.0643 199.136
    endloop
  endfacet
  facet normal 0 0.595607 0.803276
    outer loop
      vertex 2.5 37.0002 199.925
      vertex -2.5 38.0643 199.136
      vertex -2.5 37.0002 199.925
    endloop
  endfacet
  facet normal 0 -0.998795 0.0490716
    outer loop
      vertex -2.5 16 188.7
      vertex 2.5 16.065 190.023
      vertex -2.5 16.065 190.023
    endloop
  endfacet
  facet normal 0 -0.998795 0.0490716
    outer loop
      vertex 2.5 16.065 190.023
      vertex -2.5 16 188.7
      vertex 2.5 16 188.7
    endloop
  endfacet
  facet normal 0 -0.989184 0.14668
    outer loop
      vertex -2.5 16.065 190.023
      vertex 2.5 16.2594 191.334
      vertex -2.5 16.2594 191.334
    endloop
  endfacet
  facet normal 0 -0.989184 0.14668
    outer loop
      vertex 2.5 16.2594 191.334
      vertex -2.5 16.065 190.023
      vertex 2.5 16.065 190.023
    endloop
  endfacet
  facet normal -0 0.146439 0.98922
    outer loop
      vertex -2.5 32.1337 201.941
      vertex 2.5 30.8232 202.135
      vertex 2.5 32.1337 201.941
    endloop
  endfacet
  facet normal 0 0.146439 0.98922
    outer loop
      vertex 2.5 30.8232 202.135
      vertex -2.5 32.1337 201.941
      vertex -2.5 30.8232 202.135
    endloop
  endfacet
  facet normal -0 0.0490642 0.998796
    outer loop
      vertex -2.5 30.8232 202.135
      vertex 2.5 29.5 202.2
      vertex 2.5 30.8232 202.135
    endloop
  endfacet
  facet normal 0 0.0490642 0.998796
    outer loop
      vertex 2.5 29.5 202.2
      vertex -2.5 30.8232 202.135
      vertex -2.5 29.5 202.2
    endloop
  endfacet
  facet normal 0 -0.941516 0.336968
    outer loop
      vertex -2.5 16.5813 192.619
      vertex 2.5 17.0276 193.866
      vertex -2.5 17.0276 193.866
    endloop
  endfacet
  facet normal 0 -0.941516 0.336968
    outer loop
      vertex 2.5 17.0276 193.866
      vertex -2.5 16.5813 192.619
      vertex 2.5 16.5813 192.619
    endloop
  endfacet
  facet normal 0 -0.741076 -0.671421
    outer loop
      vertex -2.5 19.9541 179.154
      vertex 2.5 19.0644 180.136
      vertex -2.5 19.0644 180.136
    endloop
  endfacet
  facet normal 0 -0.741076 -0.671421
    outer loop
      vertex 2.5 19.0644 180.136
      vertex -2.5 19.9541 179.154
      vertex 2.5 19.9541 179.154
    endloop
  endfacet
  facet normal 1 0 0
    outer loop
      vertex 2.5 38.5 188.7
      vertex 2.5 43 188.7
      vertex 2.5 42.935 190.023
    endloop
  endfacet
  facet normal 1 0 0
    outer loop
      vertex 2.5 38.4567 189.582
      vertex 2.5 42.935 190.023
      vertex 2.5 42.7406 191.334
    endloop
  endfacet
  facet normal 1 0 0
    outer loop
      vertex 2.5 43 188.7
      vertex 2.5 38.5 188.7
      vertex 2.5 42.935 187.377
    endloop
  endfacet
  facet normal 1 0 0
    outer loop
      vertex 2.5 38.3271 190.456
      vertex 2.5 42.7406 191.334
      vertex 2.5 42.4187 192.619
    endloop
  endfacet
  facet normal 1 -0 0
    outer loop
      vertex 2.5 38.4567 187.818
      vertex 2.5 42.935 187.377
      vertex 2.5 38.5 188.7
    endloop
  endfacet
  facet normal 1 0 0
    outer loop
      vertex 2.5 38.1125 191.313
      vertex 2.5 42.4187 192.619
      vertex 2.5 41.9724 193.866
    endloop
  endfacet
  facet normal 1 0 0
    outer loop
      vertex 2.5 42.935 187.377
      vertex 2.5 38.4567 187.818
      vertex 2.5 42.7406 186.066
    endloop
  endfacet
  facet normal 1 0 0
    outer loop
      vertex 2.5 37.8149 192.144
      vertex 2.5 41.9724 193.866
      vertex 2.5 41.4059 195.064
    endloop
  endfacet
  facet normal 1 -0 0
    outer loop
      vertex 2.5 38.3271 186.944
      vertex 2.5 42.7406 186.066
      vertex 2.5 38.4567 187.818
    endloop
  endfacet
  facet normal 1 0 0
    outer loop
      vertex 2.5 37.4373 192.943
      vertex 2.5 41.4059 195.064
      vertex 2.5 40.7248 196.2
    endloop
  endfacet
  facet normal 1 0 0
    outer loop
      vertex 2.5 42.7406 186.066
      vertex 2.5 38.3271 186.944
      vertex 2.5 42.4187 184.781
    endloop
  endfacet
  facet normal 1 0 0
    outer loop
      vertex 2.5 36.9832 193.7
      vertex 2.5 40.7248 196.2
      vertex 2.5 39.9356 197.264
    endloop
  endfacet
  facet normal 1 -0 0
    outer loop
      vertex 2.5 38.1125 186.087
      vertex 2.5 42.4187 184.781
      vertex 2.5 38.3271 186.944
    endloop
  endfacet
  facet normal 1 0 0
    outer loop
      vertex 2.5 36.4571 194.41
      vertex 2.5 39.9356 197.264
      vertex 2.5 39.0459 198.246
    endloop
  endfacet
  facet normal 1 0 0
    outer loop
      vertex 2.5 42.4187 184.781
      vertex 2.5 38.1125 186.087
      vertex 2.5 41.9724 183.534
    endloop
  endfacet
  facet normal 1 -0 0
    outer loop
      vertex 2.5 37.8149 185.256
      vertex 2.5 41.9724 183.534
      vertex 2.5 38.1125 186.087
    endloop
  endfacet
  facet normal 1 0 0
    outer loop
      vertex 2.5 42.935 190.023
      vertex 2.5 38.4567 189.582
      vertex 2.5 38.5 188.7
    endloop
  endfacet
  facet normal 1 0 0
    outer loop
      vertex 2.5 42.7406 191.334
      vertex 2.5 38.3271 190.456
      vertex 2.5 38.4567 189.582
    endloop
  endfacet
  facet normal 1 0 0
    outer loop
      vertex 2.5 42.4187 192.619
      vertex 2.5 38.1125 191.313
      vertex 2.5 38.3271 190.456
    endloop
  endfacet
  facet normal 1 0 0
    outer loop
      vertex 2.5 35.864 195.064
      vertex 2.5 39.0459 198.246
      vertex 2.5 38.0643 199.136
    endloop
  endfacet
  facet normal 1 0 0
    outer loop
      vertex 2.5 41.9724 193.866
      vertex 2.5 37.8149 192.144
      vertex 2.5 38.1125 191.313
    endloop
  endfacet
  facet normal 1 0 0
    outer loop
      vertex 2.5 41.4059 195.064
      vertex 2.5 37.4373 192.943
      vertex 2.5 37.8149 192.144
    endloop
  endfacet
  facet normal 1 0 0
    outer loop
      vertex 2.5 35.2095 195.657
      vertex 2.5 38.0643 199.136
      vertex 2.5 37.0002 199.925
    endloop
  endfacet
  facet normal 1 0 0
    outer loop
      vertex 2.5 40.7248 196.2
      vertex 2.5 36.9832 193.7
      vertex 2.5 37.4373 192.943
    endloop
  endfacet
  facet normal 1 0 0
    outer loop
      vertex 2.5 39.9356 197.264
      vertex 2.5 36.4571 194.41
      vertex 2.5 36.9832 193.7
    endloop
  endfacet
  facet normal 1 0 0
    outer loop
      vertex 2.5 39.0459 198.246
      vertex 2.5 35.864 195.064
      vertex 2.5 36.4571 194.41
    endloop
  endfacet
  facet normal 1 0 0
    outer loop
      vertex 2.5 34.5001 196.183
      vertex 2.5 37.0002 199.925
      vertex 2.5 35.8639 200.606
    endloop
  endfacet
  facet normal 1 0 0
    outer loop
      vertex 2.5 38.0643 199.136
      vertex 2.5 35.2095 195.657
      vertex 2.5 35.864 195.064
    endloop
  endfacet
  facet normal 1 0 0
    outer loop
      vertex 2.5 33.7426 196.637
      vertex 2.5 35.8639 200.606
      vertex 2.5 34.6662 201.172
    endloop
  endfacet
  facet normal 1 0 0
    outer loop
      vertex 2.5 37.0002 199.925
      vertex 2.5 34.5001 196.183
      vertex 2.5 35.2095 195.657
    endloop
  endfacet
  facet normal 1 0 0
    outer loop
      vertex 2.5 35.8639 200.606
      vertex 2.5 33.7426 196.637
      vertex 2.5 34.5001 196.183
    endloop
  endfacet
  facet normal 1 0 0
    outer loop
      vertex 2.5 32.9441 197.015
      vertex 2.5 34.6662 201.172
      vertex 2.5 33.4188 201.619
    endloop
  endfacet
  facet normal 1 0 0
    outer loop
      vertex 2.5 34.6662 201.172
      vertex 2.5 32.9441 197.015
      vertex 2.5 33.7426 196.637
    endloop
  endfacet
  facet normal 1 0 0
    outer loop
      vertex 2.5 32.1126 197.312
      vertex 2.5 33.4188 201.619
      vertex 2.5 32.1337 201.941
    endloop
  endfacet
  facet normal 1 0 0
    outer loop
      vertex 2.5 33.4188 201.619
      vertex 2.5 32.1126 197.312
      vertex 2.5 32.9441 197.015
    endloop
  endfacet
  facet normal 1 0 0
    outer loop
      vertex 2.5 32.1337 201.941
      vertex 2.5 31.2558 197.527
      vertex 2.5 32.1126 197.312
    endloop
  endfacet
  facet normal 1 0 0
    outer loop
      vertex 2.5 30.8232 202.135
      vertex 2.5 31.2558 197.527
      vertex 2.5 32.1337 201.941
    endloop
  endfacet
  facet normal 1 0 0
    outer loop
      vertex 2.5 30.8232 202.135
      vertex 2.5 30.3822 197.657
      vertex 2.5 31.2558 197.527
    endloop
  endfacet
  facet normal 1 0 0
    outer loop
      vertex 2.5 29.5 202.2
      vertex 2.5 30.3822 197.657
      vertex 2.5 30.8232 202.135
    endloop
  endfacet
  facet normal 1 0 0
    outer loop
      vertex 2.5 29.5 202.2
      vertex 2.5 29.5 197.7
      vertex 2.5 30.3822 197.657
    endloop
  endfacet
  facet normal 1 0 0
    outer loop
      vertex 2.5 29.5 202.2
      vertex 2.5 28.6178 197.657
      vertex 2.5 29.5 197.7
    endloop
  endfacet
  facet normal 1 -0 0
    outer loop
      vertex 2.5 28.1768 202.135
      vertex 2.5 28.6178 197.657
      vertex 2.5 29.5 202.2
    endloop
  endfacet
  facet normal 1 0 0
    outer loop
      vertex 2.5 28.1768 202.135
      vertex 2.5 27.7442 197.527
      vertex 2.5 28.6178 197.657
    endloop
  endfacet
  facet normal 1 -0 0
    outer loop
      vertex 2.5 26.8663 201.941
      vertex 2.5 27.7442 197.527
      vertex 2.5 28.1768 202.135
    endloop
  endfacet
  facet normal 1 0 0
    outer loop
      vertex 2.5 27.7442 197.527
      vertex 2.5 26.8663 201.941
      vertex 2.5 26.8874 197.312
    endloop
  endfacet
  facet normal 1 -0 0
    outer loop
      vertex 2.5 25.5812 201.619
      vertex 2.5 26.8874 197.312
      vertex 2.5 26.8663 201.941
    endloop
  endfacet
  facet normal 1 0 0
    outer loop
      vertex 2.5 26.8874 197.312
      vertex 2.5 25.5812 201.619
      vertex 2.5 26.0559 197.015
    endloop
  endfacet
  facet normal 1 -0 0
    outer loop
      vertex 2.5 24.3338 201.172
      vertex 2.5 26.0559 197.015
      vertex 2.5 25.5812 201.619
    endloop
  endfacet
  facet normal 1 0 0
    outer loop
      vertex 2.5 26.0559 197.015
      vertex 2.5 24.3338 201.172
      vertex 2.5 25.2574 196.637
    endloop
  endfacet
  facet normal 1 -0 0
    outer loop
      vertex 2.5 23.1361 200.606
      vertex 2.5 25.2574 196.637
      vertex 2.5 24.3338 201.172
    endloop
  endfacet
  facet normal 1 0 0
    outer loop
      vertex 2.5 25.2574 196.637
      vertex 2.5 23.1361 200.606
      vertex 2.5 24.4999 196.183
    endloop
  endfacet
  facet normal 1 -0 0
    outer loop
      vertex 2.5 21.9998 199.925
      vertex 2.5 24.4999 196.183
      vertex 2.5 23.1361 200.606
    endloop
  endfacet
  facet normal 1 0 0
    outer loop
      vertex 2.5 24.4999 196.183
      vertex 2.5 21.9998 199.925
      vertex 2.5 23.7905 195.657
    endloop
  endfacet
  facet normal 1 -0 0
    outer loop
      vertex 2.5 20.9357 199.136
      vertex 2.5 23.7905 195.657
      vertex 2.5 21.9998 199.925
    endloop
  endfacet
  facet normal 1 0 0
    outer loop
      vertex 2.5 23.7905 195.657
      vertex 2.5 20.9357 199.136
      vertex 2.5 23.136 195.064
    endloop
  endfacet
  facet normal 1 -0 0
    outer loop
      vertex 2.5 19.9541 198.246
      vertex 2.5 23.136 195.064
      vertex 2.5 20.9357 199.136
    endloop
  endfacet
  facet normal 1 0 0
    outer loop
      vertex 2.5 23.136 195.064
      vertex 2.5 19.9541 198.246
      vertex 2.5 22.5429 194.41
    endloop
  endfacet
  facet normal 1 -0 0
    outer loop
      vertex 2.5 19.0644 197.264
      vertex 2.5 22.5429 194.41
      vertex 2.5 19.9541 198.246
    endloop
  endfacet
  facet normal 1 0 0
    outer loop
      vertex 2.5 22.5429 194.41
      vertex 2.5 19.0644 197.264
      vertex 2.5 22.0168 193.7
    endloop
  endfacet
  facet normal 1 -0 0
    outer loop
      vertex 2.5 18.2752 196.2
      vertex 2.5 22.0168 193.7
      vertex 2.5 19.0644 197.264
    endloop
  endfacet
  facet normal 1 0 0
    outer loop
      vertex 2.5 22.0168 193.7
      vertex 2.5 18.2752 196.2
      vertex 2.5 21.5627 192.943
    endloop
  endfacet
  facet normal 1 -0 0
    outer loop
      vertex 2.5 17.5941 195.064
      vertex 2.5 21.5627 192.943
      vertex 2.5 18.2752 196.2
    endloop
  endfacet
  facet normal 1 0 0
    outer loop
      vertex 2.5 21.5627 192.943
      vertex 2.5 17.5941 195.064
      vertex 2.5 21.1851 192.144
    endloop
  endfacet
  facet normal 1 -0 0
    outer loop
      vertex 2.5 17.0276 193.866
      vertex 2.5 21.1851 192.144
      vertex 2.5 17.5941 195.064
    endloop
  endfacet
  facet normal 1 0 0
    outer loop
      vertex 2.5 41.9724 183.534
      vertex 2.5 37.8149 185.256
      vertex 2.5 41.4059 182.336
    endloop
  endfacet
  facet normal 1 -0 0
    outer loop
      vertex 2.5 37.4373 184.457
      vertex 2.5 41.4059 182.336
      vertex 2.5 37.8149 185.256
    endloop
  endfacet
  facet normal 1 0 0
    outer loop
      vertex 2.5 41.4059 182.336
      vertex 2.5 37.4373 184.457
      vertex 2.5 40.7248 181.2
    endloop
  endfacet
  facet normal 1 -0 0
    outer loop
      vertex 2.5 36.9832 183.7
      vertex 2.5 40.7248 181.2
      vertex 2.5 37.4373 184.457
    endloop
  endfacet
  facet normal 1 0 0
    outer loop
      vertex 2.5 40.7248 181.2
      vertex 2.5 36.9832 183.7
      vertex 2.5 39.9356 180.136
    endloop
  endfacet
  facet normal 1 -0 0
    outer loop
      vertex 2.5 36.4571 182.99
      vertex 2.5 39.9356 180.136
      vertex 2.5 36.9832 183.7
    endloop
  endfacet
  facet normal 1 0 0
    outer loop
      vertex 2.5 39.9356 180.136
      vertex 2.5 36.4571 182.99
      vertex 2.5 39.0459 179.154
    endloop
  endfacet
  facet normal 1 -0 0
    outer loop
      vertex 2.5 35.864 182.336
      vertex 2.5 39.0459 179.154
      vertex 2.5 36.4571 182.99
    endloop
  endfacet
  facet normal 1 0 0
    outer loop
      vertex 2.5 39.0459 179.154
      vertex 2.5 35.864 182.336
      vertex 2.5 38.0643 178.264
    endloop
  endfacet
  facet normal 1 -0 0
    outer loop
      vertex 2.5 35.2095 181.743
      vertex 2.5 38.0643 178.264
      vertex 2.5 35.864 182.336
    endloop
  endfacet
  facet normal 1 0 0
    outer loop
      vertex 2.5 38.0643 178.264
      vertex 2.5 35.2095 181.743
      vertex 2.5 37.0002 177.475
    endloop
  endfacet
  facet normal 1 -0 0
    outer loop
      vertex 2.5 34.5001 181.217
      vertex 2.5 37.0002 177.475
      vertex 2.5 35.2095 181.743
    endloop
  endfacet
  facet normal 1 0 0
    outer loop
      vertex 2.5 37.0002 177.475
      vertex 2.5 34.5001 181.217
      vertex 2.5 35.8639 176.794
    endloop
  endfacet
  facet normal 1 -0 0
    outer loop
      vertex 2.5 33.7426 180.763
      vertex 2.5 35.8639 176.794
      vertex 2.5 34.5001 181.217
    endloop
  endfacet
  facet normal 1 0 0
    outer loop
      vertex 2.5 35.8639 176.794
      vertex 2.5 33.7426 180.763
      vertex 2.5 34.6662 176.228
    endloop
  endfacet
  facet normal 1 -0 0
    outer loop
      vertex 2.5 32.9441 180.385
      vertex 2.5 34.6662 176.228
      vertex 2.5 33.7426 180.763
    endloop
  endfacet
  facet normal 1 0 0
    outer loop
      vertex 2.5 34.6662 176.228
      vertex 2.5 32.9441 180.385
      vertex 2.5 33.4188 175.781
    endloop
  endfacet
  facet normal 1 -0 0
    outer loop
      vertex 2.5 32.1126 180.088
      vertex 2.5 33.4188 175.781
      vertex 2.5 32.9441 180.385
    endloop
  endfacet
  facet normal 1 0 0
    outer loop
      vertex 2.5 33.4188 175.781
      vertex 2.5 32.1126 180.088
      vertex 2.5 32.1337 175.459
    endloop
  endfacet
  facet normal 1 -0 0
    outer loop
      vertex 2.5 31.2558 179.873
      vertex 2.5 32.1337 175.459
      vertex 2.5 32.1126 180.088
    endloop
  endfacet
  facet normal 1 0 0
    outer loop
      vertex 2.5 31.2558 179.873
      vertex 2.5 30.8232 175.265
      vertex 2.5 32.1337 175.459
    endloop
  endfacet
  facet normal 1 -0 0
    outer loop
      vertex 2.5 30.3822 179.743
      vertex 2.5 30.8232 175.265
      vertex 2.5 31.2558 179.873
    endloop
  endfacet
  facet normal 1 -0 0
    outer loop
      vertex 2.5 29.5 179.7
      vertex 2.5 30.8232 175.265
      vertex 2.5 30.3822 179.743
    endloop
  endfacet
  facet normal 1 0 0
    outer loop
      vertex 2.5 29.5 179.7
      vertex 2.5 29.5 175.2
      vertex 2.5 30.8232 175.265
    endloop
  endfacet
  facet normal 1 0 0
    outer loop
      vertex 2.5 28.6178 179.743
      vertex 2.5 29.5 175.2
      vertex 2.5 29.5 179.7
    endloop
  endfacet
  facet normal 1 0 0
    outer loop
      vertex 2.5 28.6178 179.743
      vertex 2.5 28.1768 175.265
      vertex 2.5 29.5 175.2
    endloop
  endfacet
  facet normal 1 0 0
    outer loop
      vertex 2.5 27.7442 179.873
      vertex 2.5 28.1768 175.265
      vertex 2.5 28.6178 179.743
    endloop
  endfacet
  facet normal 1 0 0
    outer loop
      vertex 2.5 26.8663 175.459
      vertex 2.5 27.7442 179.873
      vertex 2.5 26.8874 180.088
    endloop
  endfacet
  facet normal 1 0 0
    outer loop
      vertex 2.5 27.7442 179.873
      vertex 2.5 26.8663 175.459
      vertex 2.5 28.1768 175.265
    endloop
  endfacet
  facet normal 1 0 0
    outer loop
      vertex 2.5 25.5812 175.781
      vertex 2.5 26.8874 180.088
      vertex 2.5 26.0559 180.385
    endloop
  endfacet
  facet normal 1 0 0
    outer loop
      vertex 2.5 26.8874 180.088
      vertex 2.5 25.5812 175.781
      vertex 2.5 26.8663 175.459
    endloop
  endfacet
  facet normal 1 0 0
    outer loop
      vertex 2.5 24.3338 176.228
      vertex 2.5 26.0559 180.385
      vertex 2.5 25.2574 180.763
    endloop
  endfacet
  facet normal 1 0 0
    outer loop
      vertex 2.5 23.1361 176.794
      vertex 2.5 25.2574 180.763
      vertex 2.5 24.4999 181.217
    endloop
  endfacet
  facet normal 1 0 0
    outer loop
      vertex 2.5 26.0559 180.385
      vertex 2.5 24.3338 176.228
      vertex 2.5 25.5812 175.781
    endloop
  endfacet
  facet normal 1 0 0
    outer loop
      vertex 2.5 21.9998 177.475
      vertex 2.5 24.4999 181.217
      vertex 2.5 23.7905 181.743
    endloop
  endfacet
  facet normal 1 0 0
    outer loop
      vertex 2.5 25.2574 180.763
      vertex 2.5 23.1361 176.794
      vertex 2.5 24.3338 176.228
    endloop
  endfacet
  facet normal 1 0 0
    outer loop
      vertex 2.5 20.9357 178.264
      vertex 2.5 23.7905 181.743
      vertex 2.5 23.136 182.336
    endloop
  endfacet
  facet normal 1 0 0
    outer loop
      vertex 2.5 19.9541 179.154
      vertex 2.5 23.136 182.336
      vertex 2.5 22.5429 182.99
    endloop
  endfacet
  facet normal 1 0 0
    outer loop
      vertex 2.5 19.0644 180.136
      vertex 2.5 22.5429 182.99
      vertex 2.5 22.0168 183.7
    endloop
  endfacet
  facet normal 1 0 0
    outer loop
      vertex 2.5 24.4999 181.217
      vertex 2.5 21.9998 177.475
      vertex 2.5 23.1361 176.794
    endloop
  endfacet
  facet normal 1 0 0
    outer loop
      vertex 2.5 18.2752 181.2
      vertex 2.5 22.0168 183.7
      vertex 2.5 21.5627 184.457
    endloop
  endfacet
  facet normal 1 0 0
    outer loop
      vertex 2.5 17.5941 182.336
      vertex 2.5 21.5627 184.457
      vertex 2.5 21.1851 185.256
    endloop
  endfacet
  facet normal 1 0 0
    outer loop
      vertex 2.5 23.7905 181.743
      vertex 2.5 20.9357 178.264
      vertex 2.5 21.9998 177.475
    endloop
  endfacet
  facet normal 1 0 0
    outer loop
      vertex 2.5 17.0276 183.534
      vertex 2.5 21.1851 185.256
      vertex 2.5 20.8875 186.087
    endloop
  endfacet
  facet normal 1 0 0
    outer loop
      vertex 2.5 16.5813 184.781
      vertex 2.5 20.8875 186.087
      vertex 2.5 20.6729 186.944
    endloop
  endfacet
  facet normal 1 0 0
    outer loop
      vertex 2.5 16.2594 186.066
      vertex 2.5 20.6729 186.944
      vertex 2.5 20.5433 187.818
    endloop
  endfacet
  facet normal 1 0 0
    outer loop
      vertex 2.5 16.065 187.377
      vertex 2.5 20.5433 187.818
      vertex 2.5 20.5 188.7
    endloop
  endfacet
  facet normal 1 0 0
    outer loop
      vertex 2.5 21.1851 192.144
      vertex 2.5 17.0276 193.866
      vertex 2.5 20.8875 191.313
    endloop
  endfacet
  facet normal 1 0 0
    outer loop
      vertex 2.5 23.136 182.336
      vertex 2.5 19.9541 179.154
      vertex 2.5 20.9357 178.264
    endloop
  endfacet
  facet normal 1 -0 0
    outer loop
      vertex 2.5 16.5813 192.619
      vertex 2.5 20.8875 191.313
      vertex 2.5 17.0276 193.866
    endloop
  endfacet
  facet normal 1 0 0
    outer loop
      vertex 2.5 22.5429 182.99
      vertex 2.5 19.0644 180.136
      vertex 2.5 19.9541 179.154
    endloop
  endfacet
  facet normal 1 0 0
    outer loop
      vertex 2.5 20.8875 191.313
      vertex 2.5 16.5813 192.619
      vertex 2.5 20.6729 190.456
    endloop
  endfacet
  facet normal 1 0 0
    outer loop
      vertex 2.5 22.0168 183.7
      vertex 2.5 18.2752 181.2
      vertex 2.5 19.0644 180.136
    endloop
  endfacet
  facet normal 1 -0 0
    outer loop
      vertex 2.5 16.2594 191.334
      vertex 2.5 20.6729 190.456
      vertex 2.5 16.5813 192.619
    endloop
  endfacet
  facet normal 1 0 0
    outer loop
      vertex 2.5 21.5627 184.457
      vertex 2.5 17.5941 182.336
      vertex 2.5 18.2752 181.2
    endloop
  endfacet
  facet normal 1 0 0
    outer loop
      vertex 2.5 20.6729 190.456
      vertex 2.5 16.2594 191.334
      vertex 2.5 20.5433 189.582
    endloop
  endfacet
  facet normal 1 0 0
    outer loop
      vertex 2.5 21.1851 185.256
      vertex 2.5 17.0276 183.534
      vertex 2.5 17.5941 182.336
    endloop
  endfacet
  facet normal 1 -0 0
    outer loop
      vertex 2.5 16.065 190.023
      vertex 2.5 20.5433 189.582
      vertex 2.5 16.2594 191.334
    endloop
  endfacet
  facet normal 1 0 0
    outer loop
      vertex 2.5 20.8875 186.087
      vertex 2.5 16.5813 184.781
      vertex 2.5 17.0276 183.534
    endloop
  endfacet
  facet normal 1 0 0
    outer loop
      vertex 2.5 20.5433 189.582
      vertex 2.5 16.065 190.023
      vertex 2.5 20.5 188.7
    endloop
  endfacet
  facet normal 1 0 0
    outer loop
      vertex 2.5 20.6729 186.944
      vertex 2.5 16.2594 186.066
      vertex 2.5 16.5813 184.781
    endloop
  endfacet
  facet normal 1 0 0
    outer loop
      vertex 2.5 16 188.7
      vertex 2.5 20.5 188.7
      vertex 2.5 16.065 190.023
    endloop
  endfacet
  facet normal 1 0 0
    outer loop
      vertex 2.5 20.5433 187.818
      vertex 2.5 16.065 187.377
      vertex 2.5 16.2594 186.066
    endloop
  endfacet
  facet normal 1 0 0
    outer loop
      vertex 2.5 20.5 188.7
      vertex 2.5 16 188.7
      vertex 2.5 16.065 187.377
    endloop
  endfacet
  facet normal 0 -0.147189 0.989108
    outer loop
      vertex -2.5 31.2558 179.873
      vertex 2.5 30.3822 179.743
      vertex 2.5 31.2558 179.873
    endloop
  endfacet
  facet normal 0 -0.147189 0.989108
    outer loop
      vertex 2.5 30.3822 179.743
      vertex -2.5 31.2558 179.873
      vertex -2.5 30.3822 179.743
    endloop
  endfacet
  facet normal 0 -0.048684 0.998814
    outer loop
      vertex -2.5 30.3822 179.743
      vertex 2.5 29.5 179.7
      vertex 2.5 30.3822 179.743
    endloop
  endfacet
  facet normal 0 -0.048684 0.998814
    outer loop
      vertex 2.5 29.5 179.7
      vertex -2.5 30.3822 179.743
      vertex -2.5 29.5 179.7
    endloop
  endfacet
  facet normal 0 -0.243388 0.969929
    outer loop
      vertex -2.5 32.1126 180.088
      vertex 2.5 31.2558 179.873
      vertex 2.5 32.1126 180.088
    endloop
  endfacet
  facet normal 0 -0.243388 0.969929
    outer loop
      vertex 2.5 31.2558 179.873
      vertex -2.5 32.1126 180.088
      vertex -2.5 31.2558 179.873
    endloop
  endfacet
  facet normal 0 0.941449 0.337154
    outer loop
      vertex 2.5 21.1851 185.256
      vertex -2.5 20.8875 186.087
      vertex 2.5 20.8875 186.087
    endloop
  endfacet
  facet normal 0 0.941449 0.337154
    outer loop
      vertex -2.5 20.8875 186.087
      vertex 2.5 21.1851 185.256
      vertex -2.5 21.1851 185.256
    endloop
  endfacet
  facet normal 0 0.595607 -0.803276
    outer loop
      vertex -2.5 23.7905 195.657
      vertex 2.5 24.4999 196.183
      vertex 2.5 23.7905 195.657
    endloop
  endfacet
  facet normal 0 0.595607 -0.803276
    outer loop
      vertex 2.5 24.4999 196.183
      vertex -2.5 23.7905 195.657
      vertex -2.5 24.4999 196.183
    endloop
  endfacet
  facet normal 0 0.989184 -0.14668
    outer loop
      vertex 2.5 20.5433 189.582
      vertex -2.5 20.6729 190.456
      vertex 2.5 20.6729 190.456
    endloop
  endfacet
  facet normal 0 0.989184 -0.14668
    outer loop
      vertex -2.5 20.6729 190.456
      vertex 2.5 20.5433 189.582
      vertex -2.5 20.5433 189.582
    endloop
  endfacet
  facet normal 0 -0.740754 0.671776
    outer loop
      vertex -2.5 35.864 182.336
      vertex 2.5 36.4571 182.99
      vertex -2.5 36.4571 182.99
    endloop
  endfacet
  facet normal 0 -0.740754 0.671776
    outer loop
      vertex 2.5 36.4571 182.99
      vertex -2.5 35.864 182.336
      vertex 2.5 35.864 182.336
    endloop
  endfacet
  facet normal 0 -0.90412 0.427279
    outer loop
      vertex -2.5 37.4373 184.457
      vertex 2.5 37.8149 185.256
      vertex -2.5 37.8149 185.256
    endloop
  endfacet
  facet normal 0 -0.90412 0.427279
    outer loop
      vertex 2.5 37.8149 185.256
      vertex -2.5 37.4373 184.457
      vertex 2.5 37.4373 184.457
    endloop
  endfacet
  facet normal 0 -0.595607 -0.803276
    outer loop
      vertex -2.5 34.5001 196.183
      vertex 2.5 35.2095 195.657
      vertex 2.5 34.5001 196.183
    endloop
  endfacet
  facet normal -0 -0.595607 -0.803276
    outer loop
      vertex 2.5 35.2095 195.657
      vertex -2.5 34.5001 196.183
      vertex -2.5 35.2095 195.657
    endloop
  endfacet
  facet normal 0 -0.857543 -0.514412
    outer loop
      vertex -2.5 37.4373 192.943
      vertex 2.5 36.9832 193.7
      vertex -2.5 36.9832 193.7
    endloop
  endfacet
  facet normal 0 -0.857543 -0.514412
    outer loop
      vertex 2.5 36.9832 193.7
      vertex -2.5 37.4373 192.943
      vertex 2.5 37.4373 192.943
    endloop
  endfacet
  facet normal 0 -0.941449 0.337154
    outer loop
      vertex -2.5 37.8149 185.256
      vertex 2.5 38.1125 186.087
      vertex -2.5 38.1125 186.087
    endloop
  endfacet
  facet normal 0 -0.941449 0.337154
    outer loop
      vertex 2.5 38.1125 186.087
      vertex -2.5 37.8149 185.256
      vertex 2.5 37.8149 185.256
    endloop
  endfacet
  facet normal 0 -0.243388 -0.969929
    outer loop
      vertex -2.5 31.2558 197.527
      vertex 2.5 32.1126 197.312
      vertex 2.5 31.2558 197.527
    endloop
  endfacet
  facet normal -0 -0.243388 -0.969929
    outer loop
      vertex 2.5 32.1126 197.312
      vertex -2.5 31.2558 197.527
      vertex -2.5 32.1126 197.312
    endloop
  endfacet
  facet normal 0 0.803463 0.595355
    outer loop
      vertex 2.5 22.5429 182.99
      vertex -2.5 22.0168 183.7
      vertex 2.5 22.0168 183.7
    endloop
  endfacet
  facet normal 0 0.803463 0.595355
    outer loop
      vertex -2.5 22.0168 183.7
      vertex 2.5 22.5429 182.99
      vertex -2.5 22.5429 182.99
    endloop
  endfacet
  facet normal 0 -0.90412 -0.427279
    outer loop
      vertex -2.5 37.8149 192.144
      vertex 2.5 37.4373 192.943
      vertex -2.5 37.4373 192.943
    endloop
  endfacet
  facet normal 0 -0.90412 -0.427279
    outer loop
      vertex 2.5 37.4373 192.943
      vertex -2.5 37.8149 192.144
      vertex 2.5 37.8149 192.144
    endloop
  endfacet
  facet normal 0 0.243388 -0.969929
    outer loop
      vertex -2.5 26.8874 197.312
      vertex 2.5 27.7442 197.527
      vertex 2.5 26.8874 197.312
    endloop
  endfacet
  facet normal 0 0.243388 -0.969929
    outer loop
      vertex 2.5 27.7442 197.527
      vertex -2.5 26.8874 197.312
      vertex -2.5 27.7442 197.527
    endloop
  endfacet
  facet normal 0 -0.970049 -0.242908
    outer loop
      vertex -2.5 38.3271 190.456
      vertex 2.5 38.1125 191.313
      vertex -2.5 38.1125 191.313
    endloop
  endfacet
  facet normal 0 -0.970049 -0.242908
    outer loop
      vertex 2.5 38.1125 191.313
      vertex -2.5 38.3271 190.456
      vertex 2.5 38.3271 190.456
    endloop
  endfacet
  facet normal 0 0.427867 -0.903842
    outer loop
      vertex -2.5 25.2574 196.637
      vertex 2.5 26.0559 197.015
      vertex 2.5 25.2574 196.637
    endloop
  endfacet
  facet normal 0 0.427867 -0.903842
    outer loop
      vertex 2.5 26.0559 197.015
      vertex -2.5 25.2574 196.637
      vertex -2.5 26.0559 197.015
    endloop
  endfacet
  facet normal 0 0.90412 0.427279
    outer loop
      vertex 2.5 21.5627 184.457
      vertex -2.5 21.1851 185.256
      vertex 2.5 21.1851 185.256
    endloop
  endfacet
  facet normal 0 0.90412 0.427279
    outer loop
      vertex -2.5 21.1851 185.256
      vertex 2.5 21.5627 184.457
      vertex -2.5 21.5627 184.457
    endloop
  endfacet
  facet normal 0 -0.803463 -0.595355
    outer loop
      vertex -2.5 36.9832 193.7
      vertex 2.5 36.4571 194.41
      vertex -2.5 36.4571 194.41
    endloop
  endfacet
  facet normal 0 -0.803463 -0.595355
    outer loop
      vertex 2.5 36.4571 194.41
      vertex -2.5 36.9832 193.7
      vertex 2.5 36.9832 193.7
    endloop
  endfacet
  facet normal 0 0.048684 -0.998814
    outer loop
      vertex -2.5 28.6178 197.657
      vertex 2.5 29.5 197.7
      vertex 2.5 28.6178 197.657
    endloop
  endfacet
  facet normal 0 0.048684 -0.998814
    outer loop
      vertex 2.5 29.5 197.7
      vertex -2.5 28.6178 197.657
      vertex -2.5 29.5 197.7
    endloop
  endfacet
  facet normal -0 0.427867 0.903842
    outer loop
      vertex -2.5 26.0559 180.385
      vertex 2.5 25.2574 180.763
      vertex 2.5 26.0559 180.385
    endloop
  endfacet
  facet normal 0 0.427867 0.903842
    outer loop
      vertex 2.5 25.2574 180.763
      vertex -2.5 26.0559 180.385
      vertex -2.5 25.2574 180.763
    endloop
  endfacet
  facet normal -0 0.243388 0.969929
    outer loop
      vertex -2.5 27.7442 179.873
      vertex 2.5 26.8874 180.088
      vertex 2.5 27.7442 179.873
    endloop
  endfacet
  facet normal 0 0.243388 0.969929
    outer loop
      vertex 2.5 26.8874 180.088
      vertex -2.5 27.7442 179.873
      vertex -2.5 26.8874 180.088
    endloop
  endfacet
  facet normal 0 -0.941449 -0.337154
    outer loop
      vertex -2.5 38.1125 191.313
      vertex 2.5 37.8149 192.144
      vertex -2.5 37.8149 192.144
    endloop
  endfacet
  facet normal 0 -0.941449 -0.337154
    outer loop
      vertex 2.5 37.8149 192.144
      vertex -2.5 38.1125 191.313
      vertex 2.5 38.1125 191.313
    endloop
  endfacet
  facet normal 0 0.336372 -0.941729
    outer loop
      vertex -2.5 26.0559 197.015
      vertex 2.5 26.8874 197.312
      vertex 2.5 26.0559 197.015
    endloop
  endfacet
  facet normal 0 0.336372 -0.941729
    outer loop
      vertex 2.5 26.8874 197.312
      vertex -2.5 26.0559 197.015
      vertex -2.5 26.8874 197.312
    endloop
  endfacet
  facet normal 0 0.857543 0.514412
    outer loop
      vertex 2.5 22.0168 183.7
      vertex -2.5 21.5627 184.457
      vertex 2.5 21.5627 184.457
    endloop
  endfacet
  facet normal 0 0.857543 0.514412
    outer loop
      vertex -2.5 21.5627 184.457
      vertex 2.5 22.0168 183.7
      vertex -2.5 22.0168 183.7
    endloop
  endfacet
  facet normal 0 0.857543 -0.514412
    outer loop
      vertex 2.5 21.5627 192.943
      vertex -2.5 22.0168 193.7
      vertex 2.5 22.0168 193.7
    endloop
  endfacet
  facet normal 0 0.857543 -0.514412
    outer loop
      vertex -2.5 22.0168 193.7
      vertex 2.5 21.5627 192.943
      vertex -2.5 21.5627 192.943
    endloop
  endfacet
  facet normal -0 0.147189 0.989108
    outer loop
      vertex -2.5 28.6178 179.743
      vertex 2.5 27.7442 179.873
      vertex 2.5 28.6178 179.743
    endloop
  endfacet
  facet normal 0 0.147189 0.989108
    outer loop
      vertex 2.5 27.7442 179.873
      vertex -2.5 28.6178 179.743
      vertex -2.5 27.7442 179.873
    endloop
  endfacet
  facet normal 0 -0.336372 -0.941729
    outer loop
      vertex -2.5 32.1126 197.312
      vertex 2.5 32.9441 197.015
      vertex 2.5 32.1126 197.312
    endloop
  endfacet
  facet normal -0 -0.336372 -0.941729
    outer loop
      vertex 2.5 32.9441 197.015
      vertex -2.5 32.1126 197.312
      vertex -2.5 32.9441 197.015
    endloop
  endfacet
  facet normal 0 -0.671432 0.741066
    outer loop
      vertex -2.5 35.864 182.336
      vertex 2.5 35.2095 181.743
      vertex 2.5 35.864 182.336
    endloop
  endfacet
  facet normal 0 -0.671432 0.741066
    outer loop
      vertex 2.5 35.2095 181.743
      vertex -2.5 35.864 182.336
      vertex -2.5 35.2095 181.743
    endloop
  endfacet
  facet normal 0 -0.147189 -0.989108
    outer loop
      vertex -2.5 30.3822 197.657
      vertex 2.5 31.2558 197.527
      vertex 2.5 30.3822 197.657
    endloop
  endfacet
  facet normal -0 -0.147189 -0.989108
    outer loop
      vertex 2.5 31.2558 197.527
      vertex -2.5 30.3822 197.657
      vertex -2.5 31.2558 197.527
    endloop
  endfacet
  facet normal 0 0.941449 -0.337154
    outer loop
      vertex 2.5 20.8875 191.313
      vertex -2.5 21.1851 192.144
      vertex 2.5 21.1851 192.144
    endloop
  endfacet
  facet normal 0 0.941449 -0.337154
    outer loop
      vertex -2.5 21.1851 192.144
      vertex 2.5 20.8875 191.313
      vertex -2.5 20.8875 191.313
    endloop
  endfacet
  facet normal 0 -0.998797 0.0490339
    outer loop
      vertex -2.5 38.4567 187.818
      vertex 2.5 38.5 188.7
      vertex -2.5 38.5 188.7
    endloop
  endfacet
  facet normal 0 -0.998797 0.0490339
    outer loop
      vertex 2.5 38.5 188.7
      vertex -2.5 38.4567 187.818
      vertex 2.5 38.4567 187.818
    endloop
  endfacet
  facet normal -0 0.048684 0.998814
    outer loop
      vertex -2.5 29.5 179.7
      vertex 2.5 28.6178 179.743
      vertex 2.5 29.5 179.7
    endloop
  endfacet
  facet normal 0 0.048684 0.998814
    outer loop
      vertex 2.5 28.6178 179.743
      vertex -2.5 29.5 179.7
      vertex -2.5 28.6178 179.743
    endloop
  endfacet
  facet normal 0 -0.803463 0.595355
    outer loop
      vertex -2.5 36.4571 182.99
      vertex 2.5 36.9832 183.7
      vertex -2.5 36.9832 183.7
    endloop
  endfacet
  facet normal 0 -0.803463 0.595355
    outer loop
      vertex 2.5 36.9832 183.7
      vertex -2.5 36.4571 182.99
      vertex 2.5 36.4571 182.99
    endloop
  endfacet
  facet normal 0 0.970049 -0.242908
    outer loop
      vertex 2.5 20.6729 190.456
      vertex -2.5 20.8875 191.313
      vertex 2.5 20.8875 191.313
    endloop
  endfacet
  facet normal 0 0.970049 -0.242908
    outer loop
      vertex -2.5 20.8875 191.313
      vertex 2.5 20.6729 190.456
      vertex -2.5 20.6729 190.456
    endloop
  endfacet
  facet normal 0 0.970049 0.242908
    outer loop
      vertex 2.5 20.8875 186.087
      vertex -2.5 20.6729 186.944
      vertex 2.5 20.6729 186.944
    endloop
  endfacet
  facet normal 0 0.970049 0.242908
    outer loop
      vertex -2.5 20.6729 186.944
      vertex 2.5 20.8875 186.087
      vertex -2.5 20.8875 186.087
    endloop
  endfacet
  facet normal 0 -0.336372 0.941729
    outer loop
      vertex -2.5 32.9441 180.385
      vertex 2.5 32.1126 180.088
      vertex 2.5 32.9441 180.385
    endloop
  endfacet
  facet normal 0 -0.336372 0.941729
    outer loop
      vertex 2.5 32.1126 180.088
      vertex -2.5 32.9441 180.385
      vertex -2.5 32.1126 180.088
    endloop
  endfacet
  facet normal -0 0.595607 0.803276
    outer loop
      vertex -2.5 24.4999 181.217
      vertex 2.5 23.7905 181.743
      vertex 2.5 24.4999 181.217
    endloop
  endfacet
  facet normal 0 0.595607 0.803276
    outer loop
      vertex 2.5 23.7905 181.743
      vertex -2.5 24.4999 181.217
      vertex -2.5 23.7905 181.743
    endloop
  endfacet
  facet normal -0 0.514079 0.857743
    outer loop
      vertex -2.5 25.2574 180.763
      vertex 2.5 24.4999 181.217
      vertex 2.5 25.2574 180.763
    endloop
  endfacet
  facet normal 0 0.514079 0.857743
    outer loop
      vertex 2.5 24.4999 181.217
      vertex -2.5 25.2574 180.763
      vertex -2.5 24.4999 181.217
    endloop
  endfacet
  facet normal -0 0.336372 0.941729
    outer loop
      vertex -2.5 26.8874 180.088
      vertex 2.5 26.0559 180.385
      vertex 2.5 26.8874 180.088
    endloop
  endfacet
  facet normal 0 0.336372 0.941729
    outer loop
      vertex 2.5 26.0559 180.385
      vertex -2.5 26.8874 180.088
      vertex -2.5 26.0559 180.385
    endloop
  endfacet
  facet normal 0 0.514079 -0.857743
    outer loop
      vertex -2.5 24.4999 196.183
      vertex 2.5 25.2574 196.637
      vertex 2.5 24.4999 196.183
    endloop
  endfacet
  facet normal 0 0.514079 -0.857743
    outer loop
      vertex 2.5 25.2574 196.637
      vertex -2.5 24.4999 196.183
      vertex -2.5 25.2574 196.637
    endloop
  endfacet
  facet normal 0 -0.857543 0.514412
    outer loop
      vertex -2.5 36.9832 183.7
      vertex 2.5 37.4373 184.457
      vertex -2.5 37.4373 184.457
    endloop
  endfacet
  facet normal 0 -0.857543 0.514412
    outer loop
      vertex 2.5 37.4373 184.457
      vertex -2.5 36.9832 183.7
      vertex 2.5 36.9832 183.7
    endloop
  endfacet
  facet normal 0 -0.595607 0.803276
    outer loop
      vertex -2.5 35.2095 181.743
      vertex 2.5 34.5001 181.217
      vertex 2.5 35.2095 181.743
    endloop
  endfacet
  facet normal 0 -0.595607 0.803276
    outer loop
      vertex 2.5 34.5001 181.217
      vertex -2.5 35.2095 181.743
      vertex -2.5 34.5001 181.217
    endloop
  endfacet
  facet normal 0 0.90412 -0.427279
    outer loop
      vertex 2.5 21.1851 192.144
      vertex -2.5 21.5627 192.943
      vertex 2.5 21.5627 192.943
    endloop
  endfacet
  facet normal 0 0.90412 -0.427279
    outer loop
      vertex -2.5 21.5627 192.943
      vertex 2.5 21.1851 192.144
      vertex -2.5 21.1851 192.144
    endloop
  endfacet
  facet normal 0 -0.427867 -0.903842
    outer loop
      vertex -2.5 32.9441 197.015
      vertex 2.5 33.7426 196.637
      vertex 2.5 32.9441 197.015
    endloop
  endfacet
  facet normal -0 -0.427867 -0.903842
    outer loop
      vertex 2.5 33.7426 196.637
      vertex -2.5 32.9441 197.015
      vertex -2.5 33.7426 196.637
    endloop
  endfacet
  facet normal 0 -0.427867 0.903842
    outer loop
      vertex -2.5 33.7426 180.763
      vertex 2.5 32.9441 180.385
      vertex 2.5 33.7426 180.763
    endloop
  endfacet
  facet normal 0 -0.427867 0.903842
    outer loop
      vertex 2.5 32.9441 180.385
      vertex -2.5 33.7426 180.763
      vertex -2.5 32.9441 180.385
    endloop
  endfacet
  facet normal 0 0.998797 0.0490339
    outer loop
      vertex 2.5 20.5433 187.818
      vertex -2.5 20.5 188.7
      vertex 2.5 20.5 188.7
    endloop
  endfacet
  facet normal 0 0.998797 0.0490339
    outer loop
      vertex -2.5 20.5 188.7
      vertex 2.5 20.5433 187.818
      vertex -2.5 20.5433 187.818
    endloop
  endfacet
  facet normal 0 -0.989184 0.14668
    outer loop
      vertex -2.5 38.3271 186.944
      vertex 2.5 38.4567 187.818
      vertex -2.5 38.4567 187.818
    endloop
  endfacet
  facet normal 0 -0.989184 0.14668
    outer loop
      vertex 2.5 38.4567 187.818
      vertex -2.5 38.3271 186.944
      vertex 2.5 38.3271 186.944
    endloop
  endfacet
  facet normal 0 -0.514079 0.857743
    outer loop
      vertex -2.5 34.5001 181.217
      vertex 2.5 33.7426 180.763
      vertex 2.5 34.5001 181.217
    endloop
  endfacet
  facet normal 0 -0.514079 0.857743
    outer loop
      vertex 2.5 33.7426 180.763
      vertex -2.5 34.5001 181.217
      vertex -2.5 33.7426 180.763
    endloop
  endfacet
  facet normal 0 -0.740754 -0.671776
    outer loop
      vertex -2.5 36.4571 194.41
      vertex 2.5 35.864 195.064
      vertex -2.5 35.864 195.064
    endloop
  endfacet
  facet normal 0 -0.740754 -0.671776
    outer loop
      vertex 2.5 35.864 195.064
      vertex -2.5 36.4571 194.41
      vertex 2.5 36.4571 194.41
    endloop
  endfacet
  facet normal 0 -0.998797 -0.0490339
    outer loop
      vertex -2.5 38.5 188.7
      vertex 2.5 38.4567 189.582
      vertex -2.5 38.4567 189.582
    endloop
  endfacet
  facet normal 0 -0.998797 -0.0490339
    outer loop
      vertex 2.5 38.4567 189.582
      vertex -2.5 38.5 188.7
      vertex 2.5 38.5 188.7
    endloop
  endfacet
  facet normal 0 0.740754 -0.671776
    outer loop
      vertex 2.5 22.5429 194.41
      vertex -2.5 23.136 195.064
      vertex 2.5 23.136 195.064
    endloop
  endfacet
  facet normal 0 0.740754 -0.671776
    outer loop
      vertex -2.5 23.136 195.064
      vertex 2.5 22.5429 194.41
      vertex -2.5 22.5429 194.41
    endloop
  endfacet
  facet normal 0 -0.989184 -0.14668
    outer loop
      vertex -2.5 38.4567 189.582
      vertex 2.5 38.3271 190.456
      vertex -2.5 38.3271 190.456
    endloop
  endfacet
  facet normal 0 -0.989184 -0.14668
    outer loop
      vertex 2.5 38.3271 190.456
      vertex -2.5 38.4567 189.582
      vertex 2.5 38.4567 189.582
    endloop
  endfacet
  facet normal 0 0.147189 -0.989108
    outer loop
      vertex -2.5 27.7442 197.527
      vertex 2.5 28.6178 197.657
      vertex 2.5 27.7442 197.527
    endloop
  endfacet
  facet normal 0 0.147189 -0.989108
    outer loop
      vertex 2.5 28.6178 197.657
      vertex -2.5 27.7442 197.527
      vertex -2.5 28.6178 197.657
    endloop
  endfacet
  facet normal 0 0.671432 -0.741066
    outer loop
      vertex -2.5 23.136 195.064
      vertex 2.5 23.7905 195.657
      vertex 2.5 23.136 195.064
    endloop
  endfacet
  facet normal 0 0.671432 -0.741066
    outer loop
      vertex 2.5 23.7905 195.657
      vertex -2.5 23.136 195.064
      vertex -2.5 23.7905 195.657
    endloop
  endfacet
  facet normal 0 0.989184 0.14668
    outer loop
      vertex 2.5 20.6729 186.944
      vertex -2.5 20.5433 187.818
      vertex 2.5 20.5433 187.818
    endloop
  endfacet
  facet normal 0 0.989184 0.14668
    outer loop
      vertex -2.5 20.5433 187.818
      vertex 2.5 20.6729 186.944
      vertex -2.5 20.6729 186.944
    endloop
  endfacet
  facet normal 0 -0.671432 -0.741066
    outer loop
      vertex -2.5 35.2095 195.657
      vertex 2.5 35.864 195.064
      vertex 2.5 35.2095 195.657
    endloop
  endfacet
  facet normal -0 -0.671432 -0.741066
    outer loop
      vertex 2.5 35.864 195.064
      vertex -2.5 35.2095 195.657
      vertex -2.5 35.864 195.064
    endloop
  endfacet
  facet normal 0 0.803463 -0.595355
    outer loop
      vertex 2.5 22.0168 193.7
      vertex -2.5 22.5429 194.41
      vertex 2.5 22.5429 194.41
    endloop
  endfacet
  facet normal 0 0.803463 -0.595355
    outer loop
      vertex -2.5 22.5429 194.41
      vertex 2.5 22.0168 193.7
      vertex -2.5 22.0168 193.7
    endloop
  endfacet
  facet normal 0 -0.970049 0.242908
    outer loop
      vertex -2.5 38.1125 186.087
      vertex 2.5 38.3271 186.944
      vertex -2.5 38.3271 186.944
    endloop
  endfacet
  facet normal 0 -0.970049 0.242908
    outer loop
      vertex 2.5 38.3271 186.944
      vertex -2.5 38.1125 186.087
      vertex 2.5 38.1125 186.087
    endloop
  endfacet
  facet normal 0 -0.514079 -0.857743
    outer loop
      vertex -2.5 33.7426 196.637
      vertex 2.5 34.5001 196.183
      vertex 2.5 33.7426 196.637
    endloop
  endfacet
  facet normal -0 -0.514079 -0.857743
    outer loop
      vertex 2.5 34.5001 196.183
      vertex -2.5 33.7426 196.637
      vertex -2.5 34.5001 196.183
    endloop
  endfacet
  facet normal 0 0.998797 -0.0490339
    outer loop
      vertex 2.5 20.5 188.7
      vertex -2.5 20.5433 189.582
      vertex 2.5 20.5433 189.582
    endloop
  endfacet
  facet normal 0 0.998797 -0.0490339
    outer loop
      vertex -2.5 20.5433 189.582
      vertex 2.5 20.5 188.7
      vertex -2.5 20.5 188.7
    endloop
  endfacet
  facet normal 0 -0.048684 -0.998814
    outer loop
      vertex -2.5 29.5 197.7
      vertex 2.5 30.3822 197.657
      vertex 2.5 29.5 197.7
    endloop
  endfacet
  facet normal -0 -0.048684 -0.998814
    outer loop
      vertex 2.5 30.3822 197.657
      vertex -2.5 29.5 197.7
      vertex -2.5 30.3822 197.657
    endloop
  endfacet
  facet normal -0 0.671432 0.741066
    outer loop
      vertex -2.5 23.7905 181.743
      vertex 2.5 23.136 182.336
      vertex 2.5 23.7905 181.743
    endloop
  endfacet
  facet normal 0 0.671432 0.741066
    outer loop
      vertex 2.5 23.136 182.336
      vertex -2.5 23.7905 181.743
      vertex -2.5 23.136 182.336
    endloop
  endfacet
  facet normal 0 0.740754 0.671776
    outer loop
      vertex 2.5 23.136 182.336
      vertex -2.5 22.5429 182.99
      vertex 2.5 22.5429 182.99
    endloop
  endfacet
  facet normal 0 0.740754 0.671776
    outer loop
      vertex -2.5 22.5429 182.99
      vertex 2.5 23.136 182.336
      vertex -2.5 23.136 182.336
    endloop
  endfacet
  facet normal 1 0 0
    outer loop
      vertex 9 32 175.2
      vertex 9 29.6 95
      vertex 9 32 95
    endloop
  endfacet
  facet normal 1 -0 0
    outer loop
      vertex 9 27 175.2
      vertex 9 29.6 95
      vertex 9 32 175.2
    endloop
  endfacet
  facet normal 1 0 0
    outer loop
      vertex 9 29.6 95
      vertex 9 27 175.2
      vertex 9 27 95
    endloop
  endfacet
  facet normal -0 0 1
    outer loop
      vertex -9 32 175.2
      vertex 9 27 175.2
      vertex 9 32 175.2
    endloop
  endfacet
  facet normal 0 0 1
    outer loop
      vertex 9 27 175.2
      vertex -9 32 175.2
      vertex -9 27 175.2
    endloop
  endfacet
  facet normal -1 0 0
    outer loop
      vertex -9 29.6 95
      vertex -9 32 175.2
      vertex -9 32 95
    endloop
  endfacet
  facet normal -1 0 0
    outer loop
      vertex -9 27 175.2
      vertex -9 29.6 95
      vertex -9 27 95
    endloop
  endfacet
  facet normal -1 0 0
    outer loop
      vertex -9 29.6 95
      vertex -9 27 175.2
      vertex -9 32 175.2
    endloop
  endfacet
  facet normal 0 1 -0
    outer loop
      vertex 9 32 95
      vertex -9 32 175.2
      vertex 9 32 175.2
    endloop
  endfacet
  facet normal 0 1 0
    outer loop
      vertex -9 32 175.2
      vertex 9 32 95
      vertex -9 32 95
    endloop
  endfacet
  facet normal 0 -1 0
    outer loop
      vertex -9 27 95
      vertex 9 27 175.2
      vertex -9 27 175.2
    endloop
  endfacet
  facet normal 0 -1 -0
    outer loop
      vertex 9 27 175.2
      vertex -9 27 95
      vertex 9 27 95
    endloop
  endfacet
endsolid OpenSCAD_Model
