solid OpenSCAD_Model
  facet normal -1 0 0
    outer loop
      vertex -23.8 29.6 9
      vertex -23.8 32 35
      vertex -23.8 32 9
    endloop
  endfacet
  facet normal -1 -0 0
    outer loop
      vertex -23.8 32 35
      vertex -23.8 29.6 9
      vertex -23.8 29.6 35
    endloop
  endfacet
  facet normal 0 0 -1
    outer loop
      vertex -27.8 29.6 35
      vertex -23.8 32 35
      vertex -23.8 29.6 35
    endloop
  endfacet
  facet normal -0 0 -1
    outer loop
      vertex -23.8 32 35
      vertex -27.8 29.6 35
      vertex -27.8 32 35
    endloop
  endfacet
  facet normal -0 0 1
    outer loop
      vertex -27.8 32 9
      vertex -23.8 29.6 9
      vertex -23.8 32 9
    endloop
  endfacet
  facet normal 0 0 1
    outer loop
      vertex -23.8 29.6 9
      vertex -27.8 32 9
      vertex -27.8 29.6 9
    endloop
  endfacet
  facet normal 1 -0 0
    outer loop
      vertex -27.8 29.6 35
      vertex -27.8 32 9
      vertex -27.8 32 35
    endloop
  endfacet
  facet normal 1 0 0
    outer loop
      vertex -27.8 32 9
      vertex -27.8 29.6 35
      vertex -27.8 29.6 9
    endloop
  endfacet
  facet normal -1 0 0
    outer loop
      vertex 27.8 29.6 9
      vertex 27.8 32 35
      vertex 27.8 32 9
    endloop
  endfacet
  facet normal -1 -0 0
    outer loop
      vertex 27.8 32 35
      vertex 27.8 29.6 9
      vertex 27.8 29.6 35
    endloop
  endfacet
  facet normal 0 0 -1
    outer loop
      vertex 23.8 29.6 35
      vertex 27.8 32 35
      vertex 27.8 29.6 35
    endloop
  endfacet
  facet normal -0 0 -1
    outer loop
      vertex 27.8 32 35
      vertex 23.8 29.6 35
      vertex 23.8 32 35
    endloop
  endfacet
  facet normal -0 0 1
    outer loop
      vertex 23.8 32 9
      vertex 27.8 29.6 9
      vertex 27.8 32 9
    endloop
  endfacet
  facet normal 0 0 1
    outer loop
      vertex 27.8 29.6 9
      vertex 23.8 32 9
      vertex 23.8 29.6 9
    endloop
  endfacet
  facet normal 1 -0 0
    outer loop
      vertex 23.8 29.6 35
      vertex 23.8 32 9
      vertex 23.8 32 35
    endloop
  endfacet
  facet normal 1 0 0
    outer loop
      vertex 23.8 32 9
      vertex 23.8 29.6 35
      vertex 23.8 29.6 9
    endloop
  endfacet
  facet normal -1 0 0
    outer loop
      vertex -23.8 29.6 60
      vertex -23.8 32 86
      vertex -23.8 32 60
    endloop
  endfacet
  facet normal -1 -0 0
    outer loop
      vertex -23.8 32 86
      vertex -23.8 29.6 60
      vertex -23.8 29.6 86
    endloop
  endfacet
  facet normal 0 0 -1
    outer loop
      vertex -27.8 29.6 86
      vertex -23.8 32 86
      vertex -23.8 29.6 86
    endloop
  endfacet
  facet normal -0 0 -1
    outer loop
      vertex -23.8 32 86
      vertex -27.8 29.6 86
      vertex -27.8 32 86
    endloop
  endfacet
  facet normal -0 0 1
    outer loop
      vertex -27.8 32 60
      vertex -23.8 29.6 60
      vertex -23.8 32 60
    endloop
  endfacet
  facet normal 0 0 1
    outer loop
      vertex -23.8 29.6 60
      vertex -27.8 32 60
      vertex -27.8 29.6 60
    endloop
  endfacet
  facet normal 1 -0 0
    outer loop
      vertex -27.8 29.6 86
      vertex -27.8 32 60
      vertex -27.8 32 86
    endloop
  endfacet
  facet normal 1 0 0
    outer loop
      vertex -27.8 32 60
      vertex -27.8 29.6 86
      vertex -27.8 29.6 60
    endloop
  endfacet
  facet normal -1 0 0
    outer loop
      vertex 27.8 29.6 60
      vertex 27.8 32 86
      vertex 27.8 32 60
    endloop
  endfacet
  facet normal -1 -0 0
    outer loop
      vertex 27.8 32 86
      vertex 27.8 29.6 60
      vertex 27.8 29.6 86
    endloop
  endfacet
  facet normal 0 0 -1
    outer loop
      vertex 23.8 29.6 86
      vertex 27.8 32 86
      vertex 27.8 29.6 86
    endloop
  endfacet
  facet normal -0 0 -1
    outer loop
      vertex 27.8 32 86
      vertex 23.8 29.6 86
      vertex 23.8 32 86
    endloop
  endfacet
  facet normal -0 0 1
    outer loop
      vertex 23.8 32 60
      vertex 27.8 29.6 60
      vertex 27.8 32 60
    endloop
  endfacet
  facet normal 0 0 1
    outer loop
      vertex 27.8 29.6 60
      vertex 23.8 32 60
      vertex 23.8 29.6 60
    endloop
  endfacet
  facet normal 1 -0 0
    outer loop
      vertex 23.8 29.6 86
      vertex 23.8 32 60
      vertex 23.8 32 86
    endloop
  endfacet
  facet normal 1 0 0
    outer loop
      vertex 23.8 32 60
      vertex 23.8 29.6 86
      vertex 23.8 29.6 60
    endloop
  endfacet
  facet normal 0.0490702 -0.998795 0
    outer loop
      vertex 31 -2.4 0
      vertex 31.9017 -2.3557 95
      vertex 31 -2.4 95
    endloop
  endfacet
  facet normal 0.0490702 -0.998795 0
    outer loop
      vertex 31.9017 -2.3557 95
      vertex 31 -2.4 0
      vertex 31.9017 -2.3557 0
    endloop
  endfacet
  facet normal -0.0490702 0.998795 0
    outer loop
      vertex -31 32 0
      vertex -31.9017 31.9557 95
      vertex -31 32 95
    endloop
  endfacet
  facet normal -0.0490702 0.998795 0
    outer loop
      vertex -31.9017 31.9557 95
      vertex -31 32 0
      vertex -31.9017 31.9557 0
    endloop
  endfacet
  facet normal 0.904004 0.427524 0
    outer loop
      vertex 39.4997 26.3207 95
      vertex 39.1137 27.1369 0
      vertex 39.1137 27.1369 95
    endloop
  endfacet
  facet normal 0.904004 0.427524 0
    outer loop
      vertex 39.1137 27.1369 0
      vertex 39.4997 26.3207 95
      vertex 39.4997 26.3207 0
    endloop
  endfacet
  facet normal -0.857708 -0.514137 0
    outer loop
      vertex -38.6495 1.68875 0
      vertex -39.1137 2.46315 95
      vertex -39.1137 2.46315 0
    endloop
  endfacet
  facet normal -0.857708 -0.514137 0
    outer loop
      vertex -39.1137 2.46315 95
      vertex -38.6495 1.68875 0
      vertex -38.6495 1.68875 95
    endloop
  endfacet
  facet normal -0.0490702 -0.998795 0
    outer loop
      vertex -31.9017 -2.3557 0
      vertex -31 -2.4 95
      vertex -31.9017 -2.3557 95
    endloop
  endfacet
  facet normal -0.0490702 -0.998795 -0
    outer loop
      vertex -31 -2.4 95
      vertex -31.9017 -2.3557 0
      vertex -31 -2.4 0
    endloop
  endfacet
  facet normal 0.989171 0.146769 0
    outer loop
      vertex 40.1557 23.7018 95
      vertex 40.0232 24.5948 0
      vertex 40.0232 24.5948 95
    endloop
  endfacet
  facet normal 0.989171 0.146769 0
    outer loop
      vertex 40.0232 24.5948 0
      vertex 40.1557 23.7018 95
      vertex 40.1557 23.7018 0
    endloop
  endfacet
  facet normal 0 1 -0
    outer loop
      vertex 23.8 32 9
      vertex -23.8 32 35
      vertex 23.8 32 35
    endloop
  endfacet
  facet normal 0 1 0
    outer loop
      vertex -23.8 32 35
      vertex 23.8 32 9
      vertex -23.8 32 9
    endloop
  endfacet
  facet normal 0 1 0
    outer loop
      vertex -3.55 32 63.95
      vertex -3.55 32 62.05
      vertex -7 32 63.95
    endloop
  endfacet
  facet normal 0 1 0
    outer loop
      vertex 23.8 32 86
      vertex 7 32 75
      vertex -23.8 32 86
    endloop
  endfacet
  facet normal 0 1 -0
    outer loop
      vertex 23.8 32 60
      vertex 7 32 75
      vertex 23.8 32 86
    endloop
  endfacet
  facet normal 0 1 0
    outer loop
      vertex 7 32 63.95
      vertex 3.55 32 62.05
      vertex 3.55 32 63.95
    endloop
  endfacet
  facet normal 0 1 0
    outer loop
      vertex 7 32 63.95
      vertex 3.53291 32 61.702
      vertex 3.55 32 62.05
    endloop
  endfacet
  facet normal 0 1 0
    outer loop
      vertex 7 32 63.95
      vertex 3.48179 32 61.3574
      vertex 3.53291 32 61.702
    endloop
  endfacet
  facet normal 0 1 0
    outer loop
      vertex 7 32 63.95
      vertex 3.39714 32 61.0195
      vertex 3.48179 32 61.3574
    endloop
  endfacet
  facet normal 0 1 0
    outer loop
      vertex 7 32 63.95
      vertex 3.27977 32 60.6915
      vertex 3.39714 32 61.0195
    endloop
  endfacet
  facet normal 0 1 0
    outer loop
      vertex 7 32 63.95
      vertex 3.13082 32 60.3765
      vertex 3.27977 32 60.6915
    endloop
  endfacet
  facet normal 0 1 0
    outer loop
      vertex 7 32 63.95
      vertex 2.95172 32 60.0777
      vertex 3.13082 32 60.3765
    endloop
  endfacet
  facet normal 0 1 0
    outer loop
      vertex 7 32 75
      vertex 23.8 32 60
      vertex 7 32 63.95
    endloop
  endfacet
  facet normal 0 1 0
    outer loop
      vertex 23.8 32 60
      vertex 2.95172 32 60.0777
      vertex 7 32 63.95
    endloop
  endfacet
  facet normal 0 1 0
    outer loop
      vertex 2.95172 32 60.0777
      vertex 23.8 32 60
      vertex 2.74419 32 59.7979
    endloop
  endfacet
  facet normal 0 1 0
    outer loop
      vertex 23.8 32 86
      vertex 31 32 95
      vertex 27.8 32 86
    endloop
  endfacet
  facet normal 0 1 0
    outer loop
      vertex 31 32 95
      vertex 27.8 32 60
      vertex 27.8 32 86
    endloop
  endfacet
  facet normal 0 1 0
    outer loop
      vertex 23.8 32 35
      vertex 23.8 32 60
      vertex 27.8 32 60
    endloop
  endfacet
  facet normal -0 1 0
    outer loop
      vertex 2.51023 32 59.5398
      vertex 23.8 32 60
      vertex 23.8 32 35
    endloop
  endfacet
  facet normal 0 1 0
    outer loop
      vertex 23.8 32 60
      vertex 2.51023 32 59.5398
      vertex 2.74419 32 59.7979
    endloop
  endfacet
  facet normal 0 1 0
    outer loop
      vertex 2.51023 32 59.5398
      vertex 23.8 32 35
      vertex 2.2521 32 59.3058
    endloop
  endfacet
  facet normal 0 1 0
    outer loop
      vertex 2.2521 32 59.3058
      vertex 23.8 32 35
      vertex 1.97227 32 59.0983
    endloop
  endfacet
  facet normal 0 1 0
    outer loop
      vertex 1.97227 32 59.0983
      vertex 23.8 32 35
      vertex 1.67346 32 58.9192
    endloop
  endfacet
  facet normal 0 1 0
    outer loop
      vertex 1.67346 32 58.9192
      vertex 23.8 32 35
      vertex 1.35853 32 58.7702
    endloop
  endfacet
  facet normal 0 1 0
    outer loop
      vertex 1.35853 32 58.7702
      vertex 23.8 32 35
      vertex 1.03051 32 58.6529
    endloop
  endfacet
  facet normal 0 1 0
    outer loop
      vertex 1.03051 32 58.6529
      vertex 23.8 32 35
      vertex 0.69257 32 58.5682
    endloop
  endfacet
  facet normal 0 1 0
    outer loop
      vertex 0.69257 32 58.5682
      vertex 23.8 32 35
      vertex 0.34796 32 58.5171
    endloop
  endfacet
  facet normal 0 1 0
    outer loop
      vertex 23.8 32 35
      vertex 27.8 32 60
      vertex 27.8 32 35
    endloop
  endfacet
  facet normal 0 1 0
    outer loop
      vertex 31 32 95
      vertex 27.8 32 35
      vertex 27.8 32 60
    endloop
  endfacet
  facet normal 0 1 -0
    outer loop
      vertex 31 32 0
      vertex 27.8 32 35
      vertex 31 32 95
    endloop
  endfacet
  facet normal 0 1 0
    outer loop
      vertex 31 32 0
      vertex 23.8 32 9
      vertex 27.8 32 9
    endloop
  endfacet
  facet normal 0 1 0
    outer loop
      vertex 23.8 32 9
      vertex 31 32 0
      vertex -23.8 32 9
    endloop
  endfacet
  facet normal 0 1 0
    outer loop
      vertex -31 32 0
      vertex -23.8 32 9
      vertex 31 32 0
    endloop
  endfacet
  facet normal 0 1 0
    outer loop
      vertex 27.8 32 35
      vertex 31 32 0
      vertex 27.8 32 9
    endloop
  endfacet
  facet normal 0 1 0
    outer loop
      vertex 31 32 95
      vertex 23.8 32 86
      vertex -31 32 95
    endloop
  endfacet
  facet normal 0 1 -0
    outer loop
      vertex -23.8 32 86
      vertex -31 32 95
      vertex 23.8 32 86
    endloop
  endfacet
  facet normal 0 1 -0
    outer loop
      vertex -27.8 32 86
      vertex -31 32 95
      vertex -23.8 32 86
    endloop
  endfacet
  facet normal 0 1 -0
    outer loop
      vertex -27.8 32 60
      vertex -31 32 95
      vertex -27.8 32 86
    endloop
  endfacet
  facet normal 0 1 0
    outer loop
      vertex -23.8 32 35
      vertex -23.8 32 60
      vertex -2.51023 32 59.5398
    endloop
  endfacet
  facet normal 0 1 0
    outer loop
      vertex -23.8 32 35
      vertex -2.51023 32 59.5398
      vertex -2.2521 32 59.3058
    endloop
  endfacet
  facet normal 0 1 0
    outer loop
      vertex -23.8 32 35
      vertex -2.2521 32 59.3058
      vertex -1.97227 32 59.0983
    endloop
  endfacet
  facet normal 0 1 0
    outer loop
      vertex -23.8 32 35
      vertex -1.97227 32 59.0983
      vertex -1.67346 32 58.9192
    endloop
  endfacet
  facet normal 0 1 0
    outer loop
      vertex -23.8 32 35
      vertex -1.67346 32 58.9192
      vertex -1.35853 32 58.7702
    endloop
  endfacet
  facet normal 0 1 0
    outer loop
      vertex -23.8 32 35
      vertex -1.35853 32 58.7702
      vertex -1.03051 32 58.6529
    endloop
  endfacet
  facet normal 0 1 0
    outer loop
      vertex -23.8 32 35
      vertex -1.03051 32 58.6529
      vertex -0.69257 32 58.5682
    endloop
  endfacet
  facet normal 0 1 0
    outer loop
      vertex -23.8 32 35
      vertex -0.69257 32 58.5682
      vertex -0.34796 32 58.5171
    endloop
  endfacet
  facet normal 0 1 0
    outer loop
      vertex 0.34796 32 58.5171
      vertex 23.8 32 35
      vertex 0 32 58.5
    endloop
  endfacet
  facet normal 0 1 0
    outer loop
      vertex -23.8 32 35
      vertex 0 32 58.5
      vertex 23.8 32 35
    endloop
  endfacet
  facet normal 0 1 0
    outer loop
      vertex 0 32 58.5
      vertex -23.8 32 35
      vertex -0.34796 32 58.5171
    endloop
  endfacet
  facet normal 0 1 0
    outer loop
      vertex -23.8 32 60
      vertex -23.8 32 35
      vertex -27.8 32 60
    endloop
  endfacet
  facet normal 0 1 0
    outer loop
      vertex -27.8 32 35
      vertex -27.8 32 60
      vertex -23.8 32 35
    endloop
  endfacet
  facet normal 0 1 -0
    outer loop
      vertex -27.8 32 35
      vertex -31 32 95
      vertex -27.8 32 60
    endloop
  endfacet
  facet normal 0 1 0
    outer loop
      vertex -31 32 0
      vertex -27.8 32 35
      vertex -27.8 32 9
    endloop
  endfacet
  facet normal 0 1 0
    outer loop
      vertex -27.8 32 35
      vertex -31 32 0
      vertex -31 32 95
    endloop
  endfacet
  facet normal 0 1 0
    outer loop
      vertex -23.8 32 9
      vertex -31 32 0
      vertex -27.8 32 9
    endloop
  endfacet
  facet normal 0 1 -0
    outer loop
      vertex -7 32 75
      vertex -23.8 32 86
      vertex 7 32 75
    endloop
  endfacet
  facet normal 0 1 0
    outer loop
      vertex -23.8 32 60
      vertex -7 32 75
      vertex -7 32 63.95
    endloop
  endfacet
  facet normal 0 1 0
    outer loop
      vertex -3.53291 32 61.702
      vertex -7 32 63.95
      vertex -3.55 32 62.05
    endloop
  endfacet
  facet normal 0 1 0
    outer loop
      vertex -3.48179 32 61.3574
      vertex -7 32 63.95
      vertex -3.53291 32 61.702
    endloop
  endfacet
  facet normal 0 1 0
    outer loop
      vertex -3.39714 32 61.0195
      vertex -7 32 63.95
      vertex -3.48179 32 61.3574
    endloop
  endfacet
  facet normal 0 1 0
    outer loop
      vertex -3.27977 32 60.6915
      vertex -7 32 63.95
      vertex -3.39714 32 61.0195
    endloop
  endfacet
  facet normal 0 1 0
    outer loop
      vertex -3.13082 32 60.3765
      vertex -7 32 63.95
      vertex -3.27977 32 60.6915
    endloop
  endfacet
  facet normal 0 1 0
    outer loop
      vertex -2.95172 32 60.0777
      vertex -7 32 63.95
      vertex -3.13082 32 60.3765
    endloop
  endfacet
  facet normal 0 1 0
    outer loop
      vertex -7 32 75
      vertex -23.8 32 60
      vertex -23.8 32 86
    endloop
  endfacet
  facet normal 0 1 0
    outer loop
      vertex -2.95172 32 60.0777
      vertex -23.8 32 60
      vertex -7 32 63.95
    endloop
  endfacet
  facet normal 0 1 0
    outer loop
      vertex -2.51023 32 59.5398
      vertex -23.8 32 60
      vertex -2.74419 32 59.7979
    endloop
  endfacet
  facet normal 0 1 0
    outer loop
      vertex -2.74419 32 59.7979
      vertex -23.8 32 60
      vertex -2.95172 32 60.0777
    endloop
  endfacet
  facet normal 0.803222 -0.595679 0
    outer loop
      vertex 38.1117 0.963573 95
      vertex 38.6495 1.68875 0
      vertex 38.6495 1.68875 95
    endloop
  endfacet
  facet normal 0.803222 -0.595679 0
    outer loop
      vertex 38.6495 1.68875 0
      vertex 38.1117 0.963573 95
      vertex 38.1117 0.963573 0
    endloop
  endfacet
  facet normal -0.989171 0.146769 0
    outer loop
      vertex -40.1557 23.7018 0
      vertex -40.0232 24.5948 95
      vertex -40.0232 24.5948 0
    endloop
  endfacet
  facet normal -0.989171 0.146769 0
    outer loop
      vertex -40.0232 24.5948 95
      vertex -40.1557 23.7018 0
      vertex -40.1557 23.7018 95
    endloop
  endfacet
  facet normal -0.146732 -0.989176 0
    outer loop
      vertex -32.7948 -2.22322 0
      vertex -31.9017 -2.3557 95
      vertex -32.7948 -2.22322 95
    endloop
  endfacet
  facet normal -0.146732 -0.989176 -0
    outer loop
      vertex -31.9017 -2.3557 95
      vertex -32.7948 -2.22322 0
      vertex -31.9017 -2.3557 0
    endloop
  endfacet
  facet normal 0 -1 0
    outer loop
      vertex -31 -2.4 95
      vertex -23 -2.4 14
      vertex -23 -2.4 95
    endloop
  endfacet
  facet normal 0 -1 -0
    outer loop
      vertex -23 -2.4 14
      vertex -31 -2.4 0
      vertex 23 -2.4 14
    endloop
  endfacet
  facet normal 0 -1 0
    outer loop
      vertex -31 -2.4 0
      vertex -23 -2.4 14
      vertex -31 -2.4 95
    endloop
  endfacet
  facet normal 0 -1 0
    outer loop
      vertex 23 -2.4 14
      vertex 31 -2.4 95
      vertex 23 -2.4 95
    endloop
  endfacet
  facet normal 0 -1 0
    outer loop
      vertex 23 -2.4 14
      vertex 31 -2.4 0
      vertex 31 -2.4 95
    endloop
  endfacet
  facet normal 0 -1 0
    outer loop
      vertex 31 -2.4 0
      vertex 23 -2.4 14
      vertex -31 -2.4 0
    endloop
  endfacet
  facet normal -0.242973 -0.970033 0
    outer loop
      vertex -33.6706 -2.00385 0
      vertex -32.7948 -2.22322 95
      vertex -33.6706 -2.00385 95
    endloop
  endfacet
  facet normal -0.242973 -0.970033 -0
    outer loop
      vertex -32.7948 -2.22322 95
      vertex -33.6706 -2.00385 0
      vertex -32.7948 -2.22322 0
    endloop
  endfacet
  facet normal 0.671531 0.740977 -0
    outer loop
      vertex 37.5054 29.3054 0
      vertex 36.8364 29.9117 95
      vertex 37.5054 29.3054 95
    endloop
  endfacet
  facet normal 0.671531 0.740977 0
    outer loop
      vertex 36.8364 29.9117 95
      vertex 37.5054 29.3054 0
      vertex 36.8364 29.9117 0
    endloop
  endfacet
  facet normal -0.740977 0.671531 0
    outer loop
      vertex -38.1117 28.6364 0
      vertex -37.5054 29.3054 95
      vertex -37.5054 29.3054 0
    endloop
  endfacet
  facet normal -0.740977 0.671531 0
    outer loop
      vertex -37.5054 29.3054 95
      vertex -38.1117 28.6364 0
      vertex -38.1117 28.6364 95
    endloop
  endfacet
  facet normal -0.970025 0.243005 0
    outer loop
      vertex -40.0232 24.5948 0
      vertex -39.8038 25.4706 95
      vertex -39.8038 25.4706 0
    endloop
  endfacet
  facet normal -0.970025 0.243005 0
    outer loop
      vertex -39.8038 25.4706 95
      vertex -40.0232 24.5948 0
      vertex -40.0232 24.5948 95
    endloop
  endfacet
  facet normal -0.998795 -0.049067 0
    outer loop
      vertex -40.1557 5.89824 0
      vertex -40.2 6.8 95
      vertex -40.2 6.8 0
    endloop
  endfacet
  facet normal -0.998795 -0.049067 0
    outer loop
      vertex -40.2 6.8 95
      vertex -40.1557 5.89824 0
      vertex -40.1557 5.89824 95
    endloop
  endfacet
  facet normal -0.740957 -0.671553 0
    outer loop
      vertex -37.5054 0.294613 0
      vertex -38.1117 0.963573 95
      vertex -38.1117 0.963573 0
    endloop
  endfacet
  facet normal -0.740957 -0.671553 0
    outer loop
      vertex -38.1117 0.963573 95
      vertex -37.5054 0.294613 0
      vertex -37.5054 0.294613 95
    endloop
  endfacet
  facet normal -0.941569 0.33682 0
    outer loop
      vertex -39.8038 25.4706 0
      vertex -39.4997 26.3207 95
      vertex -39.4997 26.3207 0
    endloop
  endfacet
  facet normal -0.941569 0.33682 0
    outer loop
      vertex -39.4997 26.3207 95
      vertex -39.8038 25.4706 0
      vertex -39.8038 25.4706 95
    endloop
  endfacet
  facet normal -0.146753 0.989173 0
    outer loop
      vertex -31.9017 31.9557 0
      vertex -32.7948 31.8232 95
      vertex -31.9017 31.9557 95
    endloop
  endfacet
  facet normal -0.146753 0.989173 0
    outer loop
      vertex -32.7948 31.8232 95
      vertex -31.9017 31.9557 0
      vertex -32.7948 31.8232 0
    endloop
  endfacet
  facet normal -0.989172 -0.146758 0
    outer loop
      vertex -40.0232 5.00517 0
      vertex -40.1557 5.89824 95
      vertex -40.1557 5.89824 0
    endloop
  endfacet
  facet normal -0.989172 -0.146758 0
    outer loop
      vertex -40.1557 5.89824 95
      vertex -40.0232 5.00517 0
      vertex -40.0232 5.00517 95
    endloop
  endfacet
  facet normal -0.803192 0.59572 0
    outer loop
      vertex -38.6495 27.9113 0
      vertex -38.1117 28.6364 95
      vertex -38.1117 28.6364 0
    endloop
  endfacet
  facet normal -0.803192 0.59572 0
    outer loop
      vertex -38.1117 28.6364 95
      vertex -38.6495 27.9113 0
      vertex -38.6495 27.9113 95
    endloop
  endfacet
  facet normal 0.0490702 0.998795 -0
    outer loop
      vertex 31.9017 31.9557 0
      vertex 31 32 95
      vertex 31.9017 31.9557 95
    endloop
  endfacet
  facet normal 0.0490702 0.998795 0
    outer loop
      vertex 31 32 95
      vertex 31.9017 31.9557 0
      vertex 31 32 0
    endloop
  endfacet
  facet normal -0.941565 -0.336831 0
    outer loop
      vertex -39.4997 3.27931 0
      vertex -39.8038 4.12938 95
      vertex -39.8038 4.12938 0
    endloop
  endfacet
  facet normal -0.941565 -0.336831 0
    outer loop
      vertex -39.8038 4.12938 95
      vertex -39.4997 3.27931 0
      vertex -39.4997 3.27931 95
    endloop
  endfacet
  facet normal 0.740977 0.671531 0
    outer loop
      vertex 38.1117 28.6364 95
      vertex 37.5054 29.3054 0
      vertex 37.5054 29.3054 95
    endloop
  endfacet
  facet normal 0.740977 0.671531 0
    outer loop
      vertex 37.5054 29.3054 0
      vertex 38.1117 28.6364 95
      vertex 38.1117 28.6364 0
    endloop
  endfacet
  facet normal -0.970024 -0.243007 0
    outer loop
      vertex -39.8038 4.12938 0
      vertex -40.0232 5.00517 95
      vertex -40.0232 5.00517 0
    endloop
  endfacet
  facet normal -0.970024 -0.243007 0
    outer loop
      vertex -40.0232 5.00517 95
      vertex -39.8038 4.12938 0
      vertex -39.8038 4.12938 95
    endloop
  endfacet
  facet normal -0.427576 -0.903979 0
    outer loop
      vertex -35.3368 -1.31368 0
      vertex -34.5207 -1.69969 95
      vertex -35.3368 -1.31368 95
    endloop
  endfacet
  facet normal -0.427576 -0.903979 -0
    outer loop
      vertex -34.5207 -1.69969 95
      vertex -35.3368 -1.31368 0
      vertex -34.5207 -1.69969 0
    endloop
  endfacet
  facet normal 0.33682 0.941569 -0
    outer loop
      vertex 34.5207 31.2997 0
      vertex 33.6706 31.6038 95
      vertex 34.5207 31.2997 95
    endloop
  endfacet
  facet normal 0.33682 0.941569 0
    outer loop
      vertex 33.6706 31.6038 95
      vertex 34.5207 31.2997 0
      vertex 33.6706 31.6038 0
    endloop
  endfacet
  facet normal -0.998796 0.0490648 0
    outer loop
      vertex -40.2 22.8 0
      vertex -40.1557 23.7018 95
      vertex -40.1557 23.7018 0
    endloop
  endfacet
  facet normal -0.998796 0.0490648 0
    outer loop
      vertex -40.1557 23.7018 95
      vertex -40.2 22.8 0
      vertex -40.2 22.8 95
    endloop
  endfacet
  facet normal 0.803192 0.59572 0
    outer loop
      vertex 38.6495 27.9113 95
      vertex 38.1117 28.6364 0
      vertex 38.1117 28.6364 95
    endloop
  endfacet
  facet normal 0.803192 0.59572 0
    outer loop
      vertex 38.1117 28.6364 0
      vertex 38.6495 27.9113 95
      vertex 38.6495 27.9113 0
    endloop
  endfacet
  facet normal 0.146753 0.989173 -0
    outer loop
      vertex 32.7948 31.8232 0
      vertex 31.9017 31.9557 95
      vertex 32.7948 31.8232 95
    endloop
  endfacet
  facet normal 0.146753 0.989173 0
    outer loop
      vertex 31.9017 31.9557 95
      vertex 32.7948 31.8232 0
      vertex 31.9017 31.9557 0
    endloop
  endfacet
  facet normal 0.740957 -0.671553 0
    outer loop
      vertex 37.5054 0.294613 95
      vertex 38.1117 0.963573 0
      vertex 38.1117 0.963573 95
    endloop
  endfacet
  facet normal 0.740957 -0.671553 0
    outer loop
      vertex 38.1117 0.963573 0
      vertex 37.5054 0.294613 95
      vertex 37.5054 0.294613 0
    endloop
  endfacet
  facet normal 0.427567 0.903984 -0
    outer loop
      vertex 35.3368 30.9137 0
      vertex 34.5207 31.2997 95
      vertex 35.3368 30.9137 95
    endloop
  endfacet
  facet normal 0.427567 0.903984 0
    outer loop
      vertex 34.5207 31.2997 95
      vertex 35.3368 30.9137 0
      vertex 34.5207 31.2997 0
    endloop
  endfacet
  facet normal 0.903996 -0.427542 0
    outer loop
      vertex 39.1137 2.46315 95
      vertex 39.4997 3.27931 0
      vertex 39.4997 3.27931 95
    endloop
  endfacet
  facet normal 0.903996 -0.427542 0
    outer loop
      vertex 39.4997 3.27931 0
      vertex 39.1137 2.46315 95
      vertex 39.1137 2.46315 0
    endloop
  endfacet
  facet normal 0.970025 0.243005 0
    outer loop
      vertex 40.0232 24.5948 95
      vertex 39.8038 25.4706 0
      vertex 39.8038 25.4706 95
    endloop
  endfacet
  facet normal 0.970025 0.243005 0
    outer loop
      vertex 39.8038 25.4706 0
      vertex 40.0232 24.5948 95
      vertex 40.0232 24.5948 0
    endloop
  endfacet
  facet normal -1 0 0
    outer loop
      vertex -40.2 6.8 0
      vertex -40.2 22.8 95
      vertex -40.2 22.8 0
    endloop
  endfacet
  facet normal -1 -0 0
    outer loop
      vertex -40.2 22.8 95
      vertex -40.2 6.8 0
      vertex -40.2 6.8 95
    endloop
  endfacet
  facet normal 0.243005 0.970025 -0
    outer loop
      vertex 33.6706 31.6038 0
      vertex 32.7948 31.8232 95
      vertex 33.6706 31.6038 95
    endloop
  endfacet
  facet normal 0.243005 0.970025 0
    outer loop
      vertex 32.7948 31.8232 95
      vertex 33.6706 31.6038 0
      vertex 32.7948 31.8232 0
    endloop
  endfacet
  facet normal 0.514137 0.857708 -0
    outer loop
      vertex 36.1112 30.4495 0
      vertex 35.3368 30.9137 95
      vertex 36.1112 30.4495 95
    endloop
  endfacet
  facet normal 0.514137 0.857708 0
    outer loop
      vertex 35.3368 30.9137 95
      vertex 36.1112 30.4495 0
      vertex 35.3368 30.9137 0
    endloop
  endfacet
  facet normal -0.903996 -0.427542 0
    outer loop
      vertex -39.1137 2.46315 0
      vertex -39.4997 3.27931 95
      vertex -39.4997 3.27931 0
    endloop
  endfacet
  facet normal -0.903996 -0.427542 0
    outer loop
      vertex -39.4997 3.27931 95
      vertex -39.1137 2.46315 0
      vertex -39.1137 2.46315 95
    endloop
  endfacet
  facet normal -0.803222 -0.595679 0
    outer loop
      vertex -38.1117 0.963573 0
      vertex -38.6495 1.68875 95
      vertex -38.6495 1.68875 0
    endloop
  endfacet
  facet normal -0.803222 -0.595679 0
    outer loop
      vertex -38.6495 1.68875 95
      vertex -38.1117 0.963573 0
      vertex -38.1117 0.963573 95
    endloop
  endfacet
  facet normal 0.595686 -0.803217 0
    outer loop
      vertex 36.1112 -0.849521 0
      vertex 36.8364 -0.311694 95
      vertex 36.1112 -0.849521 95
    endloop
  endfacet
  facet normal 0.595686 -0.803217 0
    outer loop
      vertex 36.8364 -0.311694 95
      vertex 36.1112 -0.849521 0
      vertex 36.8364 -0.311694 0
    endloop
  endfacet
  facet normal -0.243005 0.970025 0
    outer loop
      vertex -32.7948 31.8232 0
      vertex -33.6706 31.6038 95
      vertex -32.7948 31.8232 95
    endloop
  endfacet
  facet normal -0.243005 0.970025 0
    outer loop
      vertex -33.6706 31.6038 95
      vertex -32.7948 31.8232 0
      vertex -33.6706 31.6038 0
    endloop
  endfacet
  facet normal -0.671535 -0.740973 0
    outer loop
      vertex -37.5054 0.294613 0
      vertex -36.8364 -0.311694 95
      vertex -37.5054 0.294613 95
    endloop
  endfacet
  facet normal -0.671535 -0.740973 -0
    outer loop
      vertex -36.8364 -0.311694 95
      vertex -37.5054 0.294613 0
      vertex -36.8364 -0.311694 0
    endloop
  endfacet
  facet normal -0.336879 -0.941548 0
    outer loop
      vertex -34.5207 -1.69969 0
      vertex -33.6706 -2.00385 95
      vertex -34.5207 -1.69969 95
    endloop
  endfacet
  facet normal -0.336879 -0.941548 -0
    outer loop
      vertex -33.6706 -2.00385 95
      vertex -34.5207 -1.69969 0
      vertex -33.6706 -2.00385 0
    endloop
  endfacet
  facet normal 0.146732 -0.989176 0
    outer loop
      vertex 31.9017 -2.3557 0
      vertex 32.7948 -2.22322 95
      vertex 31.9017 -2.3557 95
    endloop
  endfacet
  facet normal 0.146732 -0.989176 0
    outer loop
      vertex 32.7948 -2.22322 95
      vertex 31.9017 -2.3557 0
      vertex 32.7948 -2.22322 0
    endloop
  endfacet
  facet normal 0.857708 -0.514137 0
    outer loop
      vertex 38.6495 1.68875 95
      vertex 39.1137 2.46315 0
      vertex 39.1137 2.46315 95
    endloop
  endfacet
  facet normal 0.857708 -0.514137 0
    outer loop
      vertex 39.1137 2.46315 0
      vertex 38.6495 1.68875 95
      vertex 38.6495 1.68875 0
    endloop
  endfacet
  facet normal -0.671531 0.740977 0
    outer loop
      vertex -36.8364 29.9117 0
      vertex -37.5054 29.3054 95
      vertex -36.8364 29.9117 95
    endloop
  endfacet
  facet normal -0.671531 0.740977 0
    outer loop
      vertex -37.5054 29.3054 95
      vertex -36.8364 29.9117 0
      vertex -37.5054 29.3054 0
    endloop
  endfacet
  facet normal 0.595667 0.803231 -0
    outer loop
      vertex 36.8364 29.9117 0
      vertex 36.1112 30.4495 95
      vertex 36.8364 29.9117 95
    endloop
  endfacet
  facet normal 0.595667 0.803231 0
    outer loop
      vertex 36.1112 30.4495 95
      vertex 36.8364 29.9117 0
      vertex 36.1112 30.4495 0
    endloop
  endfacet
  facet normal -0.514104 -0.857728 0
    outer loop
      vertex -36.1112 -0.849521 0
      vertex -35.3368 -1.31368 95
      vertex -36.1112 -0.849521 95
    endloop
  endfacet
  facet normal -0.514104 -0.857728 -0
    outer loop
      vertex -35.3368 -1.31368 95
      vertex -36.1112 -0.849521 0
      vertex -35.3368 -1.31368 0
    endloop
  endfacet
  facet normal 0.427576 -0.903979 0
    outer loop
      vertex 34.5207 -1.69969 0
      vertex 35.3368 -1.31368 95
      vertex 34.5207 -1.69969 95
    endloop
  endfacet
  facet normal 0.427576 -0.903979 0
    outer loop
      vertex 35.3368 -1.31368 95
      vertex 34.5207 -1.69969 0
      vertex 35.3368 -1.31368 0
    endloop
  endfacet
  facet normal -0.595686 -0.803217 0
    outer loop
      vertex -36.8364 -0.311694 0
      vertex -36.1112 -0.849521 95
      vertex -36.8364 -0.311694 95
    endloop
  endfacet
  facet normal -0.595686 -0.803217 -0
    outer loop
      vertex -36.1112 -0.849521 95
      vertex -36.8364 -0.311694 0
      vertex -36.1112 -0.849521 0
    endloop
  endfacet
  facet normal -0.595667 0.803231 0
    outer loop
      vertex -36.1112 30.4495 0
      vertex -36.8364 29.9117 95
      vertex -36.1112 30.4495 95
    endloop
  endfacet
  facet normal -0.595667 0.803231 0
    outer loop
      vertex -36.8364 29.9117 95
      vertex -36.1112 30.4495 0
      vertex -36.8364 29.9117 0
    endloop
  endfacet
  facet normal 1 -0 0
    outer loop
      vertex 40.2 6.8 95
      vertex 40.2 22.8 0
      vertex 40.2 22.8 95
    endloop
  endfacet
  facet normal 1 0 0
    outer loop
      vertex 40.2 22.8 0
      vertex 40.2 6.8 95
      vertex 40.2 6.8 0
    endloop
  endfacet
  facet normal -0.33682 0.941569 0
    outer loop
      vertex -33.6706 31.6038 0
      vertex -34.5207 31.2997 95
      vertex -33.6706 31.6038 95
    endloop
  endfacet
  facet normal -0.33682 0.941569 0
    outer loop
      vertex -34.5207 31.2997 95
      vertex -33.6706 31.6038 0
      vertex -34.5207 31.2997 0
    endloop
  endfacet
  facet normal 0.941569 0.33682 0
    outer loop
      vertex 39.8038 25.4706 95
      vertex 39.4997 26.3207 0
      vertex 39.4997 26.3207 95
    endloop
  endfacet
  facet normal 0.941569 0.33682 0
    outer loop
      vertex 39.4997 26.3207 0
      vertex 39.8038 25.4706 95
      vertex 39.8038 25.4706 0
    endloop
  endfacet
  facet normal 0.998795 -0.049067 0
    outer loop
      vertex 40.1557 5.89824 95
      vertex 40.2 6.8 0
      vertex 40.2 6.8 95
    endloop
  endfacet
  facet normal 0.998795 -0.049067 0
    outer loop
      vertex 40.2 6.8 0
      vertex 40.1557 5.89824 95
      vertex 40.1557 5.89824 0
    endloop
  endfacet
  facet normal -0.427567 0.903984 0
    outer loop
      vertex -34.5207 31.2997 0
      vertex -35.3368 30.9137 95
      vertex -34.5207 31.2997 95
    endloop
  endfacet
  facet normal -0.427567 0.903984 0
    outer loop
      vertex -35.3368 30.9137 95
      vertex -34.5207 31.2997 0
      vertex -35.3368 30.9137 0
    endloop
  endfacet
  facet normal 0.989172 -0.146758 0
    outer loop
      vertex 40.0232 5.00517 95
      vertex 40.1557 5.89824 0
      vertex 40.1557 5.89824 95
    endloop
  endfacet
  facet normal 0.989172 -0.146758 0
    outer loop
      vertex 40.1557 5.89824 0
      vertex 40.0232 5.00517 95
      vertex 40.0232 5.00517 0
    endloop
  endfacet
  facet normal -0.514137 0.857708 0
    outer loop
      vertex -35.3368 30.9137 0
      vertex -36.1112 30.4495 95
      vertex -35.3368 30.9137 95
    endloop
  endfacet
  facet normal -0.514137 0.857708 0
    outer loop
      vertex -36.1112 30.4495 95
      vertex -35.3368 30.9137 0
      vertex -36.1112 30.4495 0
    endloop
  endfacet
  facet normal -0.857708 0.514137 0
    outer loop
      vertex -39.1137 27.1369 0
      vertex -38.6495 27.9113 95
      vertex -38.6495 27.9113 0
    endloop
  endfacet
  facet normal -0.857708 0.514137 0
    outer loop
      vertex -38.6495 27.9113 95
      vertex -39.1137 27.1369 0
      vertex -39.1137 27.1369 95
    endloop
  endfacet
  facet normal 0.336879 -0.941548 0
    outer loop
      vertex 33.6706 -2.00385 0
      vertex 34.5207 -1.69969 95
      vertex 33.6706 -2.00385 95
    endloop
  endfacet
  facet normal 0.336879 -0.941548 0
    outer loop
      vertex 34.5207 -1.69969 95
      vertex 33.6706 -2.00385 0
      vertex 34.5207 -1.69969 0
    endloop
  endfacet
  facet normal -0.904004 0.427524 0
    outer loop
      vertex -39.4997 26.3207 0
      vertex -39.1137 27.1369 95
      vertex -39.1137 27.1369 0
    endloop
  endfacet
  facet normal -0.904004 0.427524 0
    outer loop
      vertex -39.1137 27.1369 95
      vertex -39.4997 26.3207 0
      vertex -39.4997 26.3207 95
    endloop
  endfacet
  facet normal 0 0 -1
    outer loop
      vertex 26.7807 7.60794 0
      vertex 40.2 6.8 0
      vertex 40.1557 5.89824 0
    endloop
  endfacet
  facet normal 0 0 -1
    outer loop
      vertex 40.2 6.8 0
      vertex 26.8 8.00001 0
      vertex 40.2 22.8 0
    endloop
  endfacet
  facet normal 0 0 -1
    outer loop
      vertex 26.7807 7.60794 0
      vertex 40.1557 5.89824 0
      vertex 40.0232 5.00517 0
    endloop
  endfacet
  facet normal 0 0 -1
    outer loop
      vertex 26.8 21.6 0
      vertex 40.2 22.8 0
      vertex 26.8 8.00001 0
    endloop
  endfacet
  facet normal 0 0 -1
    outer loop
      vertex 26.7231 7.21965 0
      vertex 40.0232 5.00517 0
      vertex 39.8038 4.12938 0
    endloop
  endfacet
  facet normal 0 0 -1
    outer loop
      vertex 26.7807 21.9921 0
      vertex 40.2 22.8 0
      vertex 26.8 21.6 0
    endloop
  endfacet
  facet normal 0 0 -1
    outer loop
      vertex 26.7231 7.21965 0
      vertex 39.8038 4.12938 0
      vertex 39.4997 3.27931 0
    endloop
  endfacet
  facet normal -0 0 -1
    outer loop
      vertex 40.2 22.8 0
      vertex 26.7807 21.9921 0
      vertex 40.1557 23.7018 0
    endloop
  endfacet
  facet normal 0 0 -1
    outer loop
      vertex 26.7231 7.21965 0
      vertex 39.4997 3.27931 0
      vertex 39.1137 2.46315 0
    endloop
  endfacet
  facet normal -0 0 -1
    outer loop
      vertex 40.1557 23.7018 0
      vertex 26.7807 21.9921 0
      vertex 40.0232 24.5948 0
    endloop
  endfacet
  facet normal 0 0 -1
    outer loop
      vertex 26.7231 7.21965 0
      vertex 39.1137 2.46315 0
      vertex 38.6495 1.68875 0
    endloop
  endfacet
  facet normal 0 0 -1
    outer loop
      vertex 26.7231 22.3804 0
      vertex 40.0232 24.5948 0
      vertex 26.7807 21.9921 0
    endloop
  endfacet
  facet normal 0 0 -1
    outer loop
      vertex 26.6277 6.83888 0
      vertex 38.6495 1.68875 0
      vertex 38.1117 0.963573 0
    endloop
  endfacet
  facet normal -0 0 -1
    outer loop
      vertex 40.0232 24.5948 0
      vertex 26.7231 22.3804 0
      vertex 39.8038 25.4706 0
    endloop
  endfacet
  facet normal 0 0 -1
    outer loop
      vertex 26.6277 6.83888 0
      vertex 38.1117 0.963573 0
      vertex 37.5054 0.294613 0
    endloop
  endfacet
  facet normal -0 0 -1
    outer loop
      vertex 39.8038 25.4706 0
      vertex 26.7231 22.3804 0
      vertex 39.4997 26.3207 0
    endloop
  endfacet
  facet normal 0 0 -1
    outer loop
      vertex 26.6277 6.83888 0
      vertex 37.5054 0.294613 0
      vertex 36.8364 -0.311694 0
    endloop
  endfacet
  facet normal -0 0 -1
    outer loop
      vertex 39.4997 26.3207 0
      vertex 26.7231 22.3804 0
      vertex 39.1137 27.1369 0
    endloop
  endfacet
  facet normal 0 0 -1
    outer loop
      vertex 26.6277 6.83888 0
      vertex 36.8364 -0.311694 0
      vertex 36.1112 -0.849521 0
    endloop
  endfacet
  facet normal -0 0 -1
    outer loop
      vertex 39.1137 27.1369 0
      vertex 26.7231 22.3804 0
      vertex 38.6495 27.9113 0
    endloop
  endfacet
  facet normal 0 0 -1
    outer loop
      vertex 26.4955 6.46928 0
      vertex 36.1112 -0.849521 0
      vertex 35.3368 -1.31368 0
    endloop
  endfacet
  facet normal 0 0 -1
    outer loop
      vertex 26.6277 22.7611 0
      vertex 38.6495 27.9113 0
      vertex 26.7231 22.3804 0
    endloop
  endfacet
  facet normal 0 0 -1
    outer loop
      vertex 26.4955 6.46928 0
      vertex 35.3368 -1.31368 0
      vertex 34.5207 -1.69969 0
    endloop
  endfacet
  facet normal -0 0 -1
    outer loop
      vertex 38.6495 27.9113 0
      vertex 26.6277 22.7611 0
      vertex 38.1117 28.6364 0
    endloop
  endfacet
  facet normal 0 0 -1
    outer loop
      vertex 26.4955 6.46928 0
      vertex 34.5207 -1.69969 0
      vertex 33.6706 -2.00385 0
    endloop
  endfacet
  facet normal -0 0 -1
    outer loop
      vertex 38.1117 28.6364 0
      vertex 26.6277 22.7611 0
      vertex 37.5054 29.3054 0
    endloop
  endfacet
  facet normal 0 0 -1
    outer loop
      vertex 26.3277 6.11442 0
      vertex 33.6706 -2.00385 0
      vertex 32.7948 -2.22322 0
    endloop
  endfacet
  facet normal -0 0 -1
    outer loop
      vertex 37.5054 29.3054 0
      vertex 26.6277 22.7611 0
      vertex 36.8364 29.9117 0
    endloop
  endfacet
  facet normal 0 0 -1
    outer loop
      vertex 26.3277 6.11442 0
      vertex 32.7948 -2.22322 0
      vertex 31.9017 -2.3557 0
    endloop
  endfacet
  facet normal -0 0 -1
    outer loop
      vertex 36.8364 29.9117 0
      vertex 26.6277 22.7611 0
      vertex 36.1112 30.4495 0
    endloop
  endfacet
  facet normal 0 0 -1
    outer loop
      vertex 26.3277 6.11442 0
      vertex 31.9017 -2.3557 0
      vertex 31 -2.4 0
    endloop
  endfacet
  facet normal 0 0 -1
    outer loop
      vertex 26.4955 23.1307 0
      vertex 36.1112 30.4495 0
      vertex 26.6277 22.7611 0
    endloop
  endfacet
  facet normal -0 0 -1
    outer loop
      vertex 36.1112 30.4495 0
      vertex 26.4955 23.1307 0
      vertex 35.3368 30.9137 0
    endloop
  endfacet
  facet normal 0 0 -1
    outer loop
      vertex 40.2 6.8 0
      vertex 26.7807 7.60794 0
      vertex 26.8 8.00001 0
    endloop
  endfacet
  facet normal 0 0 -1
    outer loop
      vertex 40.0232 5.00517 0
      vertex 26.7231 7.21965 0
      vertex 26.7807 7.60794 0
    endloop
  endfacet
  facet normal 0 0 -1
    outer loop
      vertex 38.6495 1.68875 0
      vertex 26.6277 6.83888 0
      vertex 26.7231 7.21965 0
    endloop
  endfacet
  facet normal 0 0 -1
    outer loop
      vertex 36.1112 -0.849521 0
      vertex 26.4955 6.46928 0
      vertex 26.6277 6.83888 0
    endloop
  endfacet
  facet normal 0 0 -1
    outer loop
      vertex 33.6706 -2.00385 0
      vertex 26.3277 6.11442 0
      vertex 26.4955 6.46928 0
    endloop
  endfacet
  facet normal 0 0 -1
    outer loop
      vertex 31 -2.4 0
      vertex 26.1259 5.77774 0
      vertex 26.3277 6.11442 0
    endloop
  endfacet
  facet normal 0 0 -1
    outer loop
      vertex 31 -2.4 0
      vertex 25.892 5.46244 0
      vertex 26.1259 5.77774 0
    endloop
  endfacet
  facet normal 0 0 -1
    outer loop
      vertex 31 -2.4 0
      vertex 25.6284 5.17158 0
      vertex 25.892 5.46244 0
    endloop
  endfacet
  facet normal 0 0 -1
    outer loop
      vertex 31 -2.4 0
      vertex 25.3376 4.90797 0
      vertex 25.6284 5.17158 0
    endloop
  endfacet
  facet normal 0 0 -1
    outer loop
      vertex 31 -2.4 0
      vertex 25.0223 4.67413 0
      vertex 25.3376 4.90797 0
    endloop
  endfacet
  facet normal 0 0 -1
    outer loop
      vertex 31 -2.4 0
      vertex 24.6856 4.47233 0
      vertex 25.0223 4.67413 0
    endloop
  endfacet
  facet normal 0 0 -1
    outer loop
      vertex 31 -2.4 0
      vertex 24.3307 4.3045 0
      vertex 24.6856 4.47233 0
    endloop
  endfacet
  facet normal 0 0 -1
    outer loop
      vertex 31 -2.4 0
      vertex 23.9611 4.17225 0
      vertex 24.3307 4.3045 0
    endloop
  endfacet
  facet normal 0 0 -1
    outer loop
      vertex 31 -2.4 0
      vertex 23.5804 4.07687 0
      vertex 23.9611 4.17225 0
    endloop
  endfacet
  facet normal 0 0 -1
    outer loop
      vertex 31 -2.4 0
      vertex 23.1921 4.01927 0
      vertex 23.5804 4.07687 0
    endloop
  endfacet
  facet normal 0 0 -1
    outer loop
      vertex 31 -2.4 0
      vertex 22.8 4.00001 0
      vertex 23.1921 4.01927 0
    endloop
  endfacet
  facet normal 0 0 -1
    outer loop
      vertex 31 -2.4 0
      vertex -22.8 4.00001 0
      vertex 22.8 4.00001 0
    endloop
  endfacet
  facet normal 0 0 -1
    outer loop
      vertex -31 -2.4 0
      vertex -22.8 4.00001 0
      vertex 31 -2.4 0
    endloop
  endfacet
  facet normal 0 0 -1
    outer loop
      vertex -35.3368 -1.31368 0
      vertex -26.4955 6.46928 0
      vertex -34.5207 -1.69969 0
    endloop
  endfacet
  facet normal 0 0 -1
    outer loop
      vertex -34.5207 -1.69969 0
      vertex -26.4955 6.46928 0
      vertex -33.6706 -2.00385 0
    endloop
  endfacet
  facet normal -0 0 -1
    outer loop
      vertex -26.3277 6.11442 0
      vertex -33.6706 -2.00385 0
      vertex -26.4955 6.46928 0
    endloop
  endfacet
  facet normal 0 0 -1
    outer loop
      vertex -33.6706 -2.00385 0
      vertex -26.3277 6.11442 0
      vertex -32.7948 -2.22322 0
    endloop
  endfacet
  facet normal 0 0 -1
    outer loop
      vertex -32.7948 -2.22322 0
      vertex -26.3277 6.11442 0
      vertex -31.9017 -2.3557 0
    endloop
  endfacet
  facet normal 0 0 -1
    outer loop
      vertex -31.9017 -2.3557 0
      vertex -26.3277 6.11442 0
      vertex -31 -2.4 0
    endloop
  endfacet
  facet normal -0 0 -1
    outer loop
      vertex -26.1259 5.77774 0
      vertex -31 -2.4 0
      vertex -26.3277 6.11442 0
    endloop
  endfacet
  facet normal -0 0 -1
    outer loop
      vertex -25.892 5.46244 0
      vertex -31 -2.4 0
      vertex -26.1259 5.77774 0
    endloop
  endfacet
  facet normal -0 0 -1
    outer loop
      vertex -25.6284 5.17158 0
      vertex -31 -2.4 0
      vertex -25.892 5.46244 0
    endloop
  endfacet
  facet normal -0 0 -1
    outer loop
      vertex -25.3376 4.90797 0
      vertex -31 -2.4 0
      vertex -25.6284 5.17158 0
    endloop
  endfacet
  facet normal -0 0 -1
    outer loop
      vertex -25.0223 4.67413 0
      vertex -31 -2.4 0
      vertex -25.3376 4.90797 0
    endloop
  endfacet
  facet normal -0 0 -1
    outer loop
      vertex -24.6856 4.47233 0
      vertex -31 -2.4 0
      vertex -25.0223 4.67413 0
    endloop
  endfacet
  facet normal -0 0 -1
    outer loop
      vertex -24.3307 4.3045 0
      vertex -31 -2.4 0
      vertex -24.6856 4.47233 0
    endloop
  endfacet
  facet normal -0 0 -1
    outer loop
      vertex -23.9611 4.17225 0
      vertex -31 -2.4 0
      vertex -24.3307 4.3045 0
    endloop
  endfacet
  facet normal -0 0 -1
    outer loop
      vertex -23.5804 4.07687 0
      vertex -31 -2.4 0
      vertex -23.9611 4.17225 0
    endloop
  endfacet
  facet normal -0 0 -1
    outer loop
      vertex -23.1921 4.01927 0
      vertex -31 -2.4 0
      vertex -23.5804 4.07687 0
    endloop
  endfacet
  facet normal -0 0 -1
    outer loop
      vertex -22.8 4.00001 0
      vertex -31 -2.4 0
      vertex -23.1921 4.01927 0
    endloop
  endfacet
  facet normal -0 0 -1
    outer loop
      vertex 35.3368 30.9137 0
      vertex 26.4955 23.1307 0
      vertex 34.5207 31.2997 0
    endloop
  endfacet
  facet normal -0 0 -1
    outer loop
      vertex 34.5207 31.2997 0
      vertex 26.4955 23.1307 0
      vertex 33.6706 31.6038 0
    endloop
  endfacet
  facet normal 0 0 -1
    outer loop
      vertex 26.3277 23.4856 0
      vertex 33.6706 31.6038 0
      vertex 26.4955 23.1307 0
    endloop
  endfacet
  facet normal -0 0 -1
    outer loop
      vertex 33.6706 31.6038 0
      vertex 26.3277 23.4856 0
      vertex 32.7948 31.8232 0
    endloop
  endfacet
  facet normal -0 0 -1
    outer loop
      vertex 32.7948 31.8232 0
      vertex 26.3277 23.4856 0
      vertex 31.9017 31.9557 0
    endloop
  endfacet
  facet normal -0 0 -1
    outer loop
      vertex 31.9017 31.9557 0
      vertex 26.3277 23.4856 0
      vertex 31 32 0
    endloop
  endfacet
  facet normal 0 0 -1
    outer loop
      vertex 26.1259 23.8223 0
      vertex 31 32 0
      vertex 26.3277 23.4856 0
    endloop
  endfacet
  facet normal 0 0 -1
    outer loop
      vertex 25.892 24.1376 0
      vertex 31 32 0
      vertex 26.1259 23.8223 0
    endloop
  endfacet
  facet normal 0 0 -1
    outer loop
      vertex 25.6284 24.4284 0
      vertex 31 32 0
      vertex 25.892 24.1376 0
    endloop
  endfacet
  facet normal 0 0 -1
    outer loop
      vertex 25.3376 24.692 0
      vertex 31 32 0
      vertex 25.6284 24.4284 0
    endloop
  endfacet
  facet normal 0 0 -1
    outer loop
      vertex 25.0223 24.9259 0
      vertex 31 32 0
      vertex 25.3376 24.692 0
    endloop
  endfacet
  facet normal 0 0 -1
    outer loop
      vertex 24.6856 25.1277 0
      vertex 31 32 0
      vertex 25.0223 24.9259 0
    endloop
  endfacet
  facet normal 0 0 -1
    outer loop
      vertex 24.3307 25.2955 0
      vertex 31 32 0
      vertex 24.6856 25.1277 0
    endloop
  endfacet
  facet normal 0 0 -1
    outer loop
      vertex 23.9611 25.4277 0
      vertex 31 32 0
      vertex 24.3307 25.2955 0
    endloop
  endfacet
  facet normal 0 0 -1
    outer loop
      vertex 23.5804 25.5231 0
      vertex 31 32 0
      vertex 23.9611 25.4277 0
    endloop
  endfacet
  facet normal 0 0 -1
    outer loop
      vertex 23.1921 25.5807 0
      vertex 31 32 0
      vertex 23.5804 25.5231 0
    endloop
  endfacet
  facet normal 0 0 -1
    outer loop
      vertex 22.8 25.6 0
      vertex 31 32 0
      vertex 23.1921 25.5807 0
    endloop
  endfacet
  facet normal 0 0 -1
    outer loop
      vertex -22.8 25.6 0
      vertex 31 32 0
      vertex 22.8 25.6 0
    endloop
  endfacet
  facet normal 0 0 -1
    outer loop
      vertex -31 32 0
      vertex -22.8 25.6 0
      vertex -23.1921 25.5807 0
    endloop
  endfacet
  facet normal -0 0 -1
    outer loop
      vertex -26.8 8.00001 0
      vertex -40.2 6.8 0
      vertex -26.8 21.6 0
    endloop
  endfacet
  facet normal 0 0 -1
    outer loop
      vertex -40.2 22.8 0
      vertex -26.8 21.6 0
      vertex -40.2 6.8 0
    endloop
  endfacet
  facet normal 0 0 -1
    outer loop
      vertex -22.8 25.6 0
      vertex -31 32 0
      vertex 31 32 0
    endloop
  endfacet
  facet normal 0 0 -1
    outer loop
      vertex -23.5804 25.5231 0
      vertex -31 32 0
      vertex -23.1921 25.5807 0
    endloop
  endfacet
  facet normal 0 0 -1
    outer loop
      vertex -23.9611 25.4277 0
      vertex -31 32 0
      vertex -23.5804 25.5231 0
    endloop
  endfacet
  facet normal 0 0 -1
    outer loop
      vertex -24.3307 25.2955 0
      vertex -31 32 0
      vertex -23.9611 25.4277 0
    endloop
  endfacet
  facet normal 0 0 -1
    outer loop
      vertex -24.6856 25.1277 0
      vertex -31 32 0
      vertex -24.3307 25.2955 0
    endloop
  endfacet
  facet normal 0 0 -1
    outer loop
      vertex -25.0223 24.9259 0
      vertex -31 32 0
      vertex -24.6856 25.1277 0
    endloop
  endfacet
  facet normal 0 0 -1
    outer loop
      vertex -25.3376 24.692 0
      vertex -31 32 0
      vertex -25.0223 24.9259 0
    endloop
  endfacet
  facet normal 0 0 -1
    outer loop
      vertex -25.6284 24.4284 0
      vertex -31 32 0
      vertex -25.3376 24.692 0
    endloop
  endfacet
  facet normal 0 0 -1
    outer loop
      vertex -25.892 24.1376 0
      vertex -31 32 0
      vertex -25.6284 24.4284 0
    endloop
  endfacet
  facet normal 0 0 -1
    outer loop
      vertex -26.1259 23.8223 0
      vertex -31 32 0
      vertex -25.892 24.1376 0
    endloop
  endfacet
  facet normal 0 0 -1
    outer loop
      vertex -26.3277 23.4856 0
      vertex -31 32 0
      vertex -26.1259 23.8223 0
    endloop
  endfacet
  facet normal 0 0 -1
    outer loop
      vertex -33.6706 31.6038 0
      vertex -26.3277 23.4856 0
      vertex -26.4955 23.1307 0
    endloop
  endfacet
  facet normal 0 0 -1
    outer loop
      vertex -36.1112 30.4495 0
      vertex -26.4955 23.1307 0
      vertex -26.6277 22.7611 0
    endloop
  endfacet
  facet normal 0 0 -1
    outer loop
      vertex -38.6495 27.9113 0
      vertex -26.6277 22.7611 0
      vertex -26.7231 22.3804 0
    endloop
  endfacet
  facet normal 0 0 -1
    outer loop
      vertex -26.8 21.6 0
      vertex -40.2 22.8 0
      vertex -26.7807 21.9921 0
    endloop
  endfacet
  facet normal 0 0 -1
    outer loop
      vertex -36.1112 -0.849521 0
      vertex -26.4955 6.46928 0
      vertex -35.3368 -1.31368 0
    endloop
  endfacet
  facet normal 0 -0 -1
    outer loop
      vertex -40.1557 23.7018 0
      vertex -26.7807 21.9921 0
      vertex -40.2 22.8 0
    endloop
  endfacet
  facet normal -0 0 -1
    outer loop
      vertex -26.4955 6.46928 0
      vertex -36.1112 -0.849521 0
      vertex -26.6277 6.83888 0
    endloop
  endfacet
  facet normal 0 0 -1
    outer loop
      vertex -26.7807 21.9921 0
      vertex -40.1557 23.7018 0
      vertex -26.7231 22.3804 0
    endloop
  endfacet
  facet normal 0 0 -1
    outer loop
      vertex -36.8364 -0.311694 0
      vertex -26.6277 6.83888 0
      vertex -36.1112 -0.849521 0
    endloop
  endfacet
  facet normal 0 0 -1
    outer loop
      vertex -26.3277 23.4856 0
      vertex -31.9017 31.9557 0
      vertex -31 32 0
    endloop
  endfacet
  facet normal 0 0 -1
    outer loop
      vertex -37.5054 0.294613 0
      vertex -26.6277 6.83888 0
      vertex -36.8364 -0.311694 0
    endloop
  endfacet
  facet normal 0 0 -1
    outer loop
      vertex -26.3277 23.4856 0
      vertex -32.7948 31.8232 0
      vertex -31.9017 31.9557 0
    endloop
  endfacet
  facet normal 0 0 -1
    outer loop
      vertex -38.1117 0.963573 0
      vertex -26.6277 6.83888 0
      vertex -37.5054 0.294613 0
    endloop
  endfacet
  facet normal 0 0 -1
    outer loop
      vertex -26.3277 23.4856 0
      vertex -33.6706 31.6038 0
      vertex -32.7948 31.8232 0
    endloop
  endfacet
  facet normal 0 0 -1
    outer loop
      vertex -38.6495 1.68875 0
      vertex -26.6277 6.83888 0
      vertex -38.1117 0.963573 0
    endloop
  endfacet
  facet normal 0 0 -1
    outer loop
      vertex -26.4955 23.1307 0
      vertex -34.5207 31.2997 0
      vertex -33.6706 31.6038 0
    endloop
  endfacet
  facet normal -0 0 -1
    outer loop
      vertex -26.6277 6.83888 0
      vertex -38.6495 1.68875 0
      vertex -26.7231 7.21965 0
    endloop
  endfacet
  facet normal 0 0 -1
    outer loop
      vertex -26.4955 23.1307 0
      vertex -35.3368 30.9137 0
      vertex -34.5207 31.2997 0
    endloop
  endfacet
  facet normal 0 0 -1
    outer loop
      vertex -39.1137 2.46315 0
      vertex -26.7231 7.21965 0
      vertex -38.6495 1.68875 0
    endloop
  endfacet
  facet normal 0 0 -1
    outer loop
      vertex -26.4955 23.1307 0
      vertex -36.1112 30.4495 0
      vertex -35.3368 30.9137 0
    endloop
  endfacet
  facet normal 0 0 -1
    outer loop
      vertex -39.4997 3.27931 0
      vertex -26.7231 7.21965 0
      vertex -39.1137 2.46315 0
    endloop
  endfacet
  facet normal 0 0 -1
    outer loop
      vertex -26.6277 22.7611 0
      vertex -36.8364 29.9117 0
      vertex -36.1112 30.4495 0
    endloop
  endfacet
  facet normal 0 0 -1
    outer loop
      vertex -39.8038 4.12938 0
      vertex -26.7231 7.21965 0
      vertex -39.4997 3.27931 0
    endloop
  endfacet
  facet normal 0 0 -1
    outer loop
      vertex -26.6277 22.7611 0
      vertex -37.5054 29.3054 0
      vertex -36.8364 29.9117 0
    endloop
  endfacet
  facet normal 0 0 -1
    outer loop
      vertex -40.0232 5.00517 0
      vertex -26.7231 7.21965 0
      vertex -39.8038 4.12938 0
    endloop
  endfacet
  facet normal 0 0 -1
    outer loop
      vertex -26.6277 22.7611 0
      vertex -38.1117 28.6364 0
      vertex -37.5054 29.3054 0
    endloop
  endfacet
  facet normal -0 0 -1
    outer loop
      vertex -26.7231 7.21965 0
      vertex -40.0232 5.00517 0
      vertex -26.7807 7.60794 0
    endloop
  endfacet
  facet normal 0 0 -1
    outer loop
      vertex -26.6277 22.7611 0
      vertex -38.6495 27.9113 0
      vertex -38.1117 28.6364 0
    endloop
  endfacet
  facet normal 0 0 -1
    outer loop
      vertex -40.1557 5.89824 0
      vertex -26.7807 7.60794 0
      vertex -40.0232 5.00517 0
    endloop
  endfacet
  facet normal 0 0 -1
    outer loop
      vertex -26.7231 22.3804 0
      vertex -39.1137 27.1369 0
      vertex -38.6495 27.9113 0
    endloop
  endfacet
  facet normal 0 0 -1
    outer loop
      vertex -40.2 6.8 0
      vertex -26.7807 7.60794 0
      vertex -40.1557 5.89824 0
    endloop
  endfacet
  facet normal 0 0 -1
    outer loop
      vertex -26.7231 22.3804 0
      vertex -39.4997 26.3207 0
      vertex -39.1137 27.1369 0
    endloop
  endfacet
  facet normal -0 0 -1
    outer loop
      vertex -26.7807 7.60794 0
      vertex -40.2 6.8 0
      vertex -26.8 8.00001 0
    endloop
  endfacet
  facet normal 0 0 -1
    outer loop
      vertex -26.7231 22.3804 0
      vertex -39.8038 25.4706 0
      vertex -39.4997 26.3207 0
    endloop
  endfacet
  facet normal 0 0 -1
    outer loop
      vertex -26.7231 22.3804 0
      vertex -40.0232 24.5948 0
      vertex -39.8038 25.4706 0
    endloop
  endfacet
  facet normal 0 0 -1
    outer loop
      vertex -26.7231 22.3804 0
      vertex -40.1557 23.7018 0
      vertex -40.0232 24.5948 0
    endloop
  endfacet
  facet normal 0.514104 -0.857728 0
    outer loop
      vertex 35.3368 -1.31368 0
      vertex 36.1112 -0.849521 95
      vertex 35.3368 -1.31368 95
    endloop
  endfacet
  facet normal 0.514104 -0.857728 0
    outer loop
      vertex 36.1112 -0.849521 95
      vertex 35.3368 -1.31368 0
      vertex 36.1112 -0.849521 0
    endloop
  endfacet
  facet normal 0.970024 -0.243007 0
    outer loop
      vertex 39.8038 4.12938 95
      vertex 40.0232 5.00517 0
      vertex 40.0232 5.00517 95
    endloop
  endfacet
  facet normal 0.970024 -0.243007 0
    outer loop
      vertex 40.0232 5.00517 0
      vertex 39.8038 4.12938 95
      vertex 39.8038 4.12938 0
    endloop
  endfacet
  facet normal 0.857708 0.514137 0
    outer loop
      vertex 39.1137 27.1369 95
      vertex 38.6495 27.9113 0
      vertex 38.6495 27.9113 95
    endloop
  endfacet
  facet normal 0.857708 0.514137 0
    outer loop
      vertex 38.6495 27.9113 0
      vertex 39.1137 27.1369 95
      vertex 39.1137 27.1369 0
    endloop
  endfacet
  facet normal 0.941565 -0.336831 0
    outer loop
      vertex 39.4997 3.27931 95
      vertex 39.8038 4.12938 0
      vertex 39.8038 4.12938 95
    endloop
  endfacet
  facet normal 0.941565 -0.336831 0
    outer loop
      vertex 39.8038 4.12938 0
      vertex 39.4997 3.27931 95
      vertex 39.4997 3.27931 0
    endloop
  endfacet
  facet normal 0 0 1
    outer loop
      vertex 37.8 22.8 95
      vertex 40.2 22.8 95
      vertex 40.1557 23.7018 95
    endloop
  endfacet
  facet normal 0 0 1
    outer loop
      vertex 40.2 22.8 95
      vertex 37.8 22.8 95
      vertex 40.2 6.8 95
    endloop
  endfacet
  facet normal 0 0 1
    outer loop
      vertex 37.7672 23.4665 95
      vertex 40.1557 23.7018 95
      vertex 40.0232 24.5948 95
    endloop
  endfacet
  facet normal 0 0 1
    outer loop
      vertex 37.8 6.8 95
      vertex 40.2 6.8 95
      vertex 37.8 22.8 95
    endloop
  endfacet
  facet normal 0 0 1
    outer loop
      vertex 37.6693 24.1266 95
      vertex 40.0232 24.5948 95
      vertex 39.8038 25.4706 95
    endloop
  endfacet
  facet normal 0 0 1
    outer loop
      vertex 40.2 6.8 95
      vertex 37.8 6.8 95
      vertex 40.1557 5.89824 95
    endloop
  endfacet
  facet normal 0 0 1
    outer loop
      vertex 37.5072 24.7739 95
      vertex 39.8038 25.4706 95
      vertex 39.4997 26.3207 95
    endloop
  endfacet
  facet normal -0 0 1
    outer loop
      vertex 37.7672 6.13348 95
      vertex 40.1557 5.89824 95
      vertex 37.8 6.8 95
    endloop
  endfacet
  facet normal 0 0 1
    outer loop
      vertex 37.2824 25.4022 95
      vertex 39.4997 26.3207 95
      vertex 39.1137 27.1369 95
    endloop
  endfacet
  facet normal 0 0 1
    outer loop
      vertex 40.1557 5.89824 95
      vertex 37.7672 6.13348 95
      vertex 40.0232 5.00517 95
    endloop
  endfacet
  facet normal 0 0 1
    outer loop
      vertex 36.9971 26.0055 95
      vertex 39.1137 27.1369 95
      vertex 38.6495 27.9113 95
    endloop
  endfacet
  facet normal -0 0 1
    outer loop
      vertex 37.6693 5.47338 95
      vertex 40.0232 5.00517 95
      vertex 37.7672 6.13348 95
    endloop
  endfacet
  facet normal 0 0 1
    outer loop
      vertex 36.654 26.5779 95
      vertex 38.6495 27.9113 95
      vertex 38.1117 28.6364 95
    endloop
  endfacet
  facet normal 0 0 1
    outer loop
      vertex 40.0232 5.00517 95
      vertex 37.6693 5.47338 95
      vertex 39.8038 4.12938 95
    endloop
  endfacet
  facet normal -0 0 1
    outer loop
      vertex 37.5072 4.82606 95
      vertex 39.8038 4.12938 95
      vertex 37.6693 5.47338 95
    endloop
  endfacet
  facet normal 0 0 1
    outer loop
      vertex 40.1557 23.7018 95
      vertex 37.7672 23.4665 95
      vertex 37.8 22.8 95
    endloop
  endfacet
  facet normal 0 0 1
    outer loop
      vertex 40.0232 24.5948 95
      vertex 37.6693 24.1266 95
      vertex 37.7672 23.4665 95
    endloop
  endfacet
  facet normal 0 0 1
    outer loop
      vertex 39.8038 25.4706 95
      vertex 37.5072 24.7739 95
      vertex 37.6693 24.1266 95
    endloop
  endfacet
  facet normal 0 0 1
    outer loop
      vertex 36.2565 27.1139 95
      vertex 38.1117 28.6364 95
      vertex 37.5054 29.3054 95
    endloop
  endfacet
  facet normal 0 0 1
    outer loop
      vertex 39.4997 26.3207 95
      vertex 37.2824 25.4022 95
      vertex 37.5072 24.7739 95
    endloop
  endfacet
  facet normal 0 0 1
    outer loop
      vertex 39.1137 27.1369 95
      vertex 36.9971 26.0055 95
      vertex 37.2824 25.4022 95
    endloop
  endfacet
  facet normal 0 0 1
    outer loop
      vertex 35.8083 27.6083 95
      vertex 37.5054 29.3054 95
      vertex 36.8364 29.9117 95
    endloop
  endfacet
  facet normal 0 0 1
    outer loop
      vertex 38.6495 27.9113 95
      vertex 36.654 26.5779 95
      vertex 36.9971 26.0055 95
    endloop
  endfacet
  facet normal 0 0 1
    outer loop
      vertex 38.1117 28.6364 95
      vertex 36.2565 27.1139 95
      vertex 36.654 26.5779 95
    endloop
  endfacet
  facet normal 0 0 1
    outer loop
      vertex 35.3139 28.0565 95
      vertex 36.8364 29.9117 95
      vertex 36.1112 30.4495 95
    endloop
  endfacet
  facet normal 0 0 1
    outer loop
      vertex 37.5054 29.3054 95
      vertex 35.8083 27.6083 95
      vertex 36.2565 27.1139 95
    endloop
  endfacet
  facet normal 0 0 1
    outer loop
      vertex 34.7779 28.454 95
      vertex 36.1112 30.4495 95
      vertex 35.3368 30.9137 95
    endloop
  endfacet
  facet normal 0 0 1
    outer loop
      vertex 36.8364 29.9117 95
      vertex 35.3139 28.0565 95
      vertex 35.8083 27.6083 95
    endloop
  endfacet
  facet normal 0 0 1
    outer loop
      vertex 36.1112 30.4495 95
      vertex 34.7779 28.454 95
      vertex 35.3139 28.0565 95
    endloop
  endfacet
  facet normal 0 0 1
    outer loop
      vertex 34.2055 28.7971 95
      vertex 35.3368 30.9137 95
      vertex 34.5207 31.2997 95
    endloop
  endfacet
  facet normal 0 0 1
    outer loop
      vertex 35.3368 30.9137 95
      vertex 34.2055 28.7971 95
      vertex 34.7779 28.454 95
    endloop
  endfacet
  facet normal 0 0 1
    outer loop
      vertex 33.6022 29.0824 95
      vertex 34.5207 31.2997 95
      vertex 33.6706 31.6038 95
    endloop
  endfacet
  facet normal 0 0 1
    outer loop
      vertex 34.5207 31.2997 95
      vertex 33.6022 29.0824 95
      vertex 34.2055 28.7971 95
    endloop
  endfacet
  facet normal 0 0 1
    outer loop
      vertex 33.6706 31.6038 95
      vertex 32.9739 29.3072 95
      vertex 33.6022 29.0824 95
    endloop
  endfacet
  facet normal 0 0 1
    outer loop
      vertex 32.7948 31.8232 95
      vertex 32.9739 29.3072 95
      vertex 33.6706 31.6038 95
    endloop
  endfacet
  facet normal 0 0 1
    outer loop
      vertex 32.7948 31.8232 95
      vertex 32.3266 29.4693 95
      vertex 32.9739 29.3072 95
    endloop
  endfacet
  facet normal 0 0 1
    outer loop
      vertex 31.9017 31.9557 95
      vertex 32.3266 29.4693 95
      vertex 32.7948 31.8232 95
    endloop
  endfacet
  facet normal 0 0 1
    outer loop
      vertex 31.9017 31.9557 95
      vertex 31.6665 29.5673 95
      vertex 32.3266 29.4693 95
    endloop
  endfacet
  facet normal 0 0 1
    outer loop
      vertex 31 32 95
      vertex 31.6665 29.5673 95
      vertex 31.9017 31.9557 95
    endloop
  endfacet
  facet normal 0 0 1
    outer loop
      vertex 31 32 95
      vertex 31 29.6 95
      vertex 31.6665 29.5673 95
    endloop
  endfacet
  facet normal -0 0 1
    outer loop
      vertex -31 32 95
      vertex 31 29.6 95
      vertex 31 32 95
    endloop
  endfacet
  facet normal 0 0 1
    outer loop
      vertex -31 32 95
      vertex -31 29.6 95
      vertex 31 29.6 95
    endloop
  endfacet
  facet normal 0 0 1
    outer loop
      vertex -31 32 95
      vertex -31.6665 29.5673 95
      vertex -31 29.6 95
    endloop
  endfacet
  facet normal -0 0 1
    outer loop
      vertex -31.9017 31.9557 95
      vertex -31.6665 29.5673 95
      vertex -31 32 95
    endloop
  endfacet
  facet normal 0 0 1
    outer loop
      vertex -31.9017 31.9557 95
      vertex -32.3266 29.4693 95
      vertex -31.6665 29.5673 95
    endloop
  endfacet
  facet normal -0 0 1
    outer loop
      vertex -32.7948 31.8232 95
      vertex -32.3266 29.4693 95
      vertex -31.9017 31.9557 95
    endloop
  endfacet
  facet normal 0 0 1
    outer loop
      vertex -32.7948 31.8232 95
      vertex -32.9739 29.3072 95
      vertex -32.3266 29.4693 95
    endloop
  endfacet
  facet normal -0 0 1
    outer loop
      vertex -33.6706 31.6038 95
      vertex -32.9739 29.3072 95
      vertex -32.7948 31.8232 95
    endloop
  endfacet
  facet normal 0 0 1
    outer loop
      vertex -32.9739 29.3072 95
      vertex -33.6706 31.6038 95
      vertex -33.6022 29.0824 95
    endloop
  endfacet
  facet normal -0 0 1
    outer loop
      vertex -34.5207 31.2997 95
      vertex -33.6022 29.0824 95
      vertex -33.6706 31.6038 95
    endloop
  endfacet
  facet normal 0 0 1
    outer loop
      vertex -33.6022 29.0824 95
      vertex -34.5207 31.2997 95
      vertex -34.2055 28.7971 95
    endloop
  endfacet
  facet normal -0 0 1
    outer loop
      vertex -35.3368 30.9137 95
      vertex -34.2055 28.7971 95
      vertex -34.5207 31.2997 95
    endloop
  endfacet
  facet normal 0 0 1
    outer loop
      vertex -34.2055 28.7971 95
      vertex -35.3368 30.9137 95
      vertex -34.7779 28.454 95
    endloop
  endfacet
  facet normal -0 0 1
    outer loop
      vertex -36.1112 30.4495 95
      vertex -34.7779 28.454 95
      vertex -35.3368 30.9137 95
    endloop
  endfacet
  facet normal 0 0 1
    outer loop
      vertex -34.7779 28.454 95
      vertex -36.1112 30.4495 95
      vertex -35.3139 28.0565 95
    endloop
  endfacet
  facet normal -0 0 1
    outer loop
      vertex -36.8364 29.9117 95
      vertex -35.3139 28.0565 95
      vertex -36.1112 30.4495 95
    endloop
  endfacet
  facet normal 0 0 1
    outer loop
      vertex -35.3139 28.0565 95
      vertex -36.8364 29.9117 95
      vertex -35.8083 27.6083 95
    endloop
  endfacet
  facet normal -0 0 1
    outer loop
      vertex -37.5054 29.3054 95
      vertex -35.8083 27.6083 95
      vertex -36.8364 29.9117 95
    endloop
  endfacet
  facet normal 0 0 1
    outer loop
      vertex -35.8083 27.6083 95
      vertex -37.5054 29.3054 95
      vertex -36.2565 27.1139 95
    endloop
  endfacet
  facet normal -0 0 1
    outer loop
      vertex -38.1117 28.6364 95
      vertex -36.2565 27.1139 95
      vertex -37.5054 29.3054 95
    endloop
  endfacet
  facet normal 0 0 1
    outer loop
      vertex -36.2565 27.1139 95
      vertex -38.1117 28.6364 95
      vertex -36.654 26.5779 95
    endloop
  endfacet
  facet normal -0 0 1
    outer loop
      vertex -38.6495 27.9113 95
      vertex -36.654 26.5779 95
      vertex -38.1117 28.6364 95
    endloop
  endfacet
  facet normal 0 0 1
    outer loop
      vertex -36.654 26.5779 95
      vertex -38.6495 27.9113 95
      vertex -36.9971 26.0055 95
    endloop
  endfacet
  facet normal -0 0 1
    outer loop
      vertex -39.1137 27.1369 95
      vertex -36.9971 26.0055 95
      vertex -38.6495 27.9113 95
    endloop
  endfacet
  facet normal 0 0 1
    outer loop
      vertex -36.9971 26.0055 95
      vertex -39.1137 27.1369 95
      vertex -37.2824 25.4022 95
    endloop
  endfacet
  facet normal -0 0 1
    outer loop
      vertex -39.4997 26.3207 95
      vertex -37.2824 25.4022 95
      vertex -39.1137 27.1369 95
    endloop
  endfacet
  facet normal -0 0 1
    outer loop
      vertex -39.8038 25.4706 95
      vertex -37.5072 24.7739 95
      vertex -39.4997 26.3207 95
    endloop
  endfacet
  facet normal 0 0 1
    outer loop
      vertex -37.2824 25.4022 95
      vertex -39.4997 26.3207 95
      vertex -37.5072 24.7739 95
    endloop
  endfacet
  facet normal 0 0 1
    outer loop
      vertex 39.8038 4.12938 95
      vertex 37.5072 4.82606 95
      vertex 39.4997 3.27931 95
    endloop
  endfacet
  facet normal -0 0 1
    outer loop
      vertex 37.2824 4.19775 95
      vertex 39.4997 3.27931 95
      vertex 37.5072 4.82606 95
    endloop
  endfacet
  facet normal 0 0 1
    outer loop
      vertex 39.4997 3.27931 95
      vertex 37.2824 4.19775 95
      vertex 39.1137 2.46315 95
    endloop
  endfacet
  facet normal -0 0 1
    outer loop
      vertex 36.9971 3.59449 95
      vertex 39.1137 2.46315 95
      vertex 37.2824 4.19775 95
    endloop
  endfacet
  facet normal 0 0 1
    outer loop
      vertex 39.1137 2.46315 95
      vertex 36.9971 3.59449 95
      vertex 38.6495 1.68875 95
    endloop
  endfacet
  facet normal -0 0 1
    outer loop
      vertex 36.654 3.02212 95
      vertex 38.6495 1.68875 95
      vertex 36.9971 3.59449 95
    endloop
  endfacet
  facet normal 0 0 1
    outer loop
      vertex 38.6495 1.68875 95
      vertex 36.654 3.02212 95
      vertex 38.1117 0.963573 95
    endloop
  endfacet
  facet normal -0 0 1
    outer loop
      vertex 36.2565 2.48613 95
      vertex 38.1117 0.963573 95
      vertex 36.654 3.02212 95
    endloop
  endfacet
  facet normal 0 0 1
    outer loop
      vertex 38.1117 0.963573 95
      vertex 36.2565 2.48613 95
      vertex 37.5054 0.294613 95
    endloop
  endfacet
  facet normal -0 0 1
    outer loop
      vertex 35.8083 1.99168 95
      vertex 37.5054 0.294613 95
      vertex 36.2565 2.48613 95
    endloop
  endfacet
  facet normal 0 0 1
    outer loop
      vertex 37.5054 0.294613 95
      vertex 35.8083 1.99168 95
      vertex 36.8364 -0.311694 95
    endloop
  endfacet
  facet normal -0 0 1
    outer loop
      vertex 35.3139 1.54353 95
      vertex 36.8364 -0.311694 95
      vertex 35.8083 1.99168 95
    endloop
  endfacet
  facet normal 0 0 1
    outer loop
      vertex 36.8364 -0.311694 95
      vertex 35.3139 1.54353 95
      vertex 36.1112 -0.849521 95
    endloop
  endfacet
  facet normal -0 0 1
    outer loop
      vertex 34.7779 1.14601 95
      vertex 36.1112 -0.849521 95
      vertex 35.3139 1.54353 95
    endloop
  endfacet
  facet normal 0 0 1
    outer loop
      vertex 36.1112 -0.849521 95
      vertex 34.7779 1.14601 95
      vertex 35.3368 -1.31368 95
    endloop
  endfacet
  facet normal -0 0 1
    outer loop
      vertex 34.2055 0.802929 95
      vertex 35.3368 -1.31368 95
      vertex 34.7779 1.14601 95
    endloop
  endfacet
  facet normal 0 0 1
    outer loop
      vertex 35.3368 -1.31368 95
      vertex 34.2055 0.802929 95
      vertex 34.5207 -1.69969 95
    endloop
  endfacet
  facet normal -0 0 1
    outer loop
      vertex 33.6022 0.51762 95
      vertex 34.5207 -1.69969 95
      vertex 34.2055 0.802929 95
    endloop
  endfacet
  facet normal 0 0 1
    outer loop
      vertex 34.5207 -1.69969 95
      vertex 33.6022 0.51762 95
      vertex 33.6706 -2.00385 95
    endloop
  endfacet
  facet normal -0 0 1
    outer loop
      vertex 32.9739 0.292812 95
      vertex 33.6706 -2.00385 95
      vertex 33.6022 0.51762 95
    endloop
  endfacet
  facet normal 0 0 1
    outer loop
      vertex 32.9739 0.292812 95
      vertex 32.7948 -2.22322 95
      vertex 33.6706 -2.00385 95
    endloop
  endfacet
  facet normal -0 0 1
    outer loop
      vertex 32.3266 0.130657 95
      vertex 32.7948 -2.22322 95
      vertex 32.9739 0.292812 95
    endloop
  endfacet
  facet normal 0 0 1
    outer loop
      vertex 32.3266 0.130657 95
      vertex 31.9017 -2.3557 95
      vertex 32.7948 -2.22322 95
    endloop
  endfacet
  facet normal -0 0 1
    outer loop
      vertex 31.6665 0.0327415 95
      vertex 31.9017 -2.3557 95
      vertex 32.3266 0.130657 95
    endloop
  endfacet
  facet normal -0 0 1
    outer loop
      vertex 31 -2.86102e-06 95
      vertex 31.9017 -2.3557 95
      vertex 31.6665 0.0327415 95
    endloop
  endfacet
  facet normal 0 0 1
    outer loop
      vertex 31 -2.86102e-06 95
      vertex 31 -2.4 95
      vertex 31.9017 -2.3557 95
    endloop
  endfacet
  facet normal -0 0 1
    outer loop
      vertex 23 -2.86102e-06 95
      vertex 31 -2.4 95
      vertex 31 -2.86102e-06 95
    endloop
  endfacet
  facet normal 0 0 1
    outer loop
      vertex 31 -2.4 95
      vertex 23 -2.86102e-06 95
      vertex 23 -2.4 95
    endloop
  endfacet
  facet normal -0 0 1
    outer loop
      vertex -31 -2.86102e-06 95
      vertex -23 -2.4 95
      vertex -23 -2.86102e-06 95
    endloop
  endfacet
  facet normal 0 0 1
    outer loop
      vertex -31 -2.86102e-06 95
      vertex -31 -2.4 95
      vertex -23 -2.4 95
    endloop
  endfacet
  facet normal 0 0 1
    outer loop
      vertex -31.6665 0.0327415 95
      vertex -31 -2.4 95
      vertex -31 -2.86102e-06 95
    endloop
  endfacet
  facet normal 0 0 1
    outer loop
      vertex -31.6665 0.0327415 95
      vertex -31.9017 -2.3557 95
      vertex -31 -2.4 95
    endloop
  endfacet
  facet normal 0 0 1
    outer loop
      vertex -32.3266 0.130657 95
      vertex -31.9017 -2.3557 95
      vertex -31.6665 0.0327415 95
    endloop
  endfacet
  facet normal 0 0 1
    outer loop
      vertex -32.3266 0.130657 95
      vertex -32.7948 -2.22322 95
      vertex -31.9017 -2.3557 95
    endloop
  endfacet
  facet normal 0 0 1
    outer loop
      vertex -32.9739 0.292812 95
      vertex -32.7948 -2.22322 95
      vertex -32.3266 0.130657 95
    endloop
  endfacet
  facet normal 0 0 1
    outer loop
      vertex -33.6706 -2.00385 95
      vertex -32.9739 0.292812 95
      vertex -33.6022 0.51762 95
    endloop
  endfacet
  facet normal 0 0 1
    outer loop
      vertex -32.9739 0.292812 95
      vertex -33.6706 -2.00385 95
      vertex -32.7948 -2.22322 95
    endloop
  endfacet
  facet normal 0 0 1
    outer loop
      vertex -34.5207 -1.69969 95
      vertex -33.6022 0.51762 95
      vertex -34.2055 0.802929 95
    endloop
  endfacet
  facet normal 0 0 1
    outer loop
      vertex -33.6022 0.51762 95
      vertex -34.5207 -1.69969 95
      vertex -33.6706 -2.00385 95
    endloop
  endfacet
  facet normal 0 0 1
    outer loop
      vertex -35.3368 -1.31368 95
      vertex -34.2055 0.802929 95
      vertex -34.7779 1.14601 95
    endloop
  endfacet
  facet normal 0 0 1
    outer loop
      vertex -36.1112 -0.849521 95
      vertex -34.7779 1.14601 95
      vertex -35.3139 1.54353 95
    endloop
  endfacet
  facet normal 0 0 1
    outer loop
      vertex -34.2055 0.802929 95
      vertex -35.3368 -1.31368 95
      vertex -34.5207 -1.69969 95
    endloop
  endfacet
  facet normal 0 0 1
    outer loop
      vertex -36.8364 -0.311694 95
      vertex -35.3139 1.54353 95
      vertex -35.8083 1.99168 95
    endloop
  endfacet
  facet normal 0 0 1
    outer loop
      vertex -34.7779 1.14601 95
      vertex -36.1112 -0.849521 95
      vertex -35.3368 -1.31368 95
    endloop
  endfacet
  facet normal 0 0 1
    outer loop
      vertex -37.5054 0.294613 95
      vertex -35.8083 1.99168 95
      vertex -36.2565 2.48613 95
    endloop
  endfacet
  facet normal 0 0 1
    outer loop
      vertex -38.1117 0.963573 95
      vertex -36.2565 2.48613 95
      vertex -36.654 3.02212 95
    endloop
  endfacet
  facet normal 0 0 1
    outer loop
      vertex -35.3139 1.54353 95
      vertex -36.8364 -0.311694 95
      vertex -36.1112 -0.849521 95
    endloop
  endfacet
  facet normal 0 0 1
    outer loop
      vertex -38.6495 1.68875 95
      vertex -36.654 3.02212 95
      vertex -36.9971 3.59449 95
    endloop
  endfacet
  facet normal 0 0 1
    outer loop
      vertex -39.1137 2.46315 95
      vertex -36.9971 3.59449 95
      vertex -37.2824 4.19775 95
    endloop
  endfacet
  facet normal 0 0 1
    outer loop
      vertex -35.8083 1.99168 95
      vertex -37.5054 0.294613 95
      vertex -36.8364 -0.311694 95
    endloop
  endfacet
  facet normal 0 0 1
    outer loop
      vertex -39.4997 3.27931 95
      vertex -37.2824 4.19775 95
      vertex -37.5072 4.82606 95
    endloop
  endfacet
  facet normal 0 0 1
    outer loop
      vertex -39.8038 4.12938 95
      vertex -37.5072 4.82606 95
      vertex -37.6693 5.47338 95
    endloop
  endfacet
  facet normal 0 0 1
    outer loop
      vertex -40.0232 5.00517 95
      vertex -37.6693 5.47338 95
      vertex -37.7672 6.13348 95
    endloop
  endfacet
  facet normal 0 0 1
    outer loop
      vertex -40.1557 5.89824 95
      vertex -37.7672 6.13348 95
      vertex -37.8 6.8 95
    endloop
  endfacet
  facet normal 0 0 1
    outer loop
      vertex -36.2565 2.48613 95
      vertex -38.1117 0.963573 95
      vertex -37.5054 0.294613 95
    endloop
  endfacet
  facet normal 0 0 1
    outer loop
      vertex -37.8 22.8 95
      vertex -40.2 22.8 95
      vertex -37.8 6.8 95
    endloop
  endfacet
  facet normal 0 0 1
    outer loop
      vertex -37.5072 24.7739 95
      vertex -39.8038 25.4706 95
      vertex -37.6693 24.1266 95
    endloop
  endfacet
  facet normal 0 0 1
    outer loop
      vertex -40.2 6.8 95
      vertex -37.8 6.8 95
      vertex -40.2 22.8 95
    endloop
  endfacet
  facet normal -0 0 1
    outer loop
      vertex -40.0232 24.5948 95
      vertex -37.6693 24.1266 95
      vertex -39.8038 25.4706 95
    endloop
  endfacet
  facet normal 0 -0 1
    outer loop
      vertex -40.1557 5.89824 95
      vertex -37.8 6.8 95
      vertex -40.2 6.8 95
    endloop
  endfacet
  facet normal 0 0 1
    outer loop
      vertex -37.6693 24.1266 95
      vertex -40.0232 24.5948 95
      vertex -37.7672 23.4665 95
    endloop
  endfacet
  facet normal 0 0 1
    outer loop
      vertex -36.654 3.02212 95
      vertex -38.6495 1.68875 95
      vertex -38.1117 0.963573 95
    endloop
  endfacet
  facet normal -0 0 1
    outer loop
      vertex -40.1557 23.7018 95
      vertex -37.7672 23.4665 95
      vertex -40.0232 24.5948 95
    endloop
  endfacet
  facet normal 0 0 1
    outer loop
      vertex -36.9971 3.59449 95
      vertex -39.1137 2.46315 95
      vertex -38.6495 1.68875 95
    endloop
  endfacet
  facet normal 0 0 1
    outer loop
      vertex -37.7672 23.4665 95
      vertex -40.1557 23.7018 95
      vertex -37.8 22.8 95
    endloop
  endfacet
  facet normal 0 0 1
    outer loop
      vertex -37.2824 4.19775 95
      vertex -39.4997 3.27931 95
      vertex -39.1137 2.46315 95
    endloop
  endfacet
  facet normal 0 0 1
    outer loop
      vertex -37.8 22.8 95
      vertex -40.1557 23.7018 95
      vertex -40.2 22.8 95
    endloop
  endfacet
  facet normal 0 0 1
    outer loop
      vertex -37.5072 4.82606 95
      vertex -39.8038 4.12938 95
      vertex -39.4997 3.27931 95
    endloop
  endfacet
  facet normal 0 0 1
    outer loop
      vertex -37.6693 5.47338 95
      vertex -40.0232 5.00517 95
      vertex -39.8038 4.12938 95
    endloop
  endfacet
  facet normal 0 0 1
    outer loop
      vertex -37.7672 6.13348 95
      vertex -40.1557 5.89824 95
      vertex -40.0232 5.00517 95
    endloop
  endfacet
  facet normal 0.671535 -0.740973 0
    outer loop
      vertex 36.8364 -0.311694 0
      vertex 37.5054 0.294613 95
      vertex 36.8364 -0.311694 95
    endloop
  endfacet
  facet normal 0.671535 -0.740973 0
    outer loop
      vertex 37.5054 0.294613 95
      vertex 36.8364 -0.311694 0
      vertex 37.5054 0.294613 0
    endloop
  endfacet
  facet normal 0.998796 0.0490648 0
    outer loop
      vertex 40.2 22.8 95
      vertex 40.1557 23.7018 0
      vertex 40.1557 23.7018 95
    endloop
  endfacet
  facet normal 0.998796 0.0490648 0
    outer loop
      vertex 40.1557 23.7018 0
      vertex 40.2 22.8 95
      vertex 40.2 22.8 0
    endloop
  endfacet
  facet normal 0.242973 -0.970033 0
    outer loop
      vertex 32.7948 -2.22322 0
      vertex 33.6706 -2.00385 95
      vertex 32.7948 -2.22322 95
    endloop
  endfacet
  facet normal 0.242973 -0.970033 0
    outer loop
      vertex 33.6706 -2.00385 95
      vertex 32.7948 -2.22322 0
      vertex 33.6706 -2.00385 0
    endloop
  endfacet
  facet normal -0.243001 0.970026 0
    outer loop
      vertex 32.9739 0.292812 2.4
      vertex 32.3266 0.130657 95
      vertex 32.9739 0.292812 95
    endloop
  endfacet
  facet normal -0.243001 0.970026 0
    outer loop
      vertex 32.3266 0.130657 95
      vertex 32.9739 0.292812 2.4
      vertex 32.3266 0.130657 2.4
    endloop
  endfacet
  facet normal -0.970047 0.242916 0
    outer loop
      vertex 37.5072 4.82606 2.4
      vertex 37.6693 5.47338 95
      vertex 37.6693 5.47338 2.4
    endloop
  endfacet
  facet normal -0.970047 0.242916 0
    outer loop
      vertex 37.6693 5.47338 95
      vertex 37.5072 4.82606 2.4
      vertex 37.5072 4.82606 95
    endloop
  endfacet
  facet normal 0 1 0
    outer loop
      vertex 31 -2.86102e-06 95
      vertex 23 -2.86102e-06 14
      vertex 23 -2.86102e-06 95
    endloop
  endfacet
  facet normal 0 1 0
    outer loop
      vertex 23 -2.86102e-06 14
      vertex 31 -2.86102e-06 2.4
      vertex -23 -2.86102e-06 14
    endloop
  endfacet
  facet normal 0 1 -0
    outer loop
      vertex 31 -2.86102e-06 2.4
      vertex 23 -2.86102e-06 14
      vertex 31 -2.86102e-06 95
    endloop
  endfacet
  facet normal 0 1 -0
    outer loop
      vertex -23 -2.86102e-06 14
      vertex -31 -2.86102e-06 95
      vertex -23 -2.86102e-06 95
    endloop
  endfacet
  facet normal 0 1 0
    outer loop
      vertex -23 -2.86102e-06 14
      vertex -31 -2.86102e-06 2.4
      vertex -31 -2.86102e-06 95
    endloop
  endfacet
  facet normal 0 1 0
    outer loop
      vertex -31 -2.86102e-06 2.4
      vertex -23 -2.86102e-06 14
      vertex 31 -2.86102e-06 2.4
    endloop
  endfacet
  facet normal -0.146729 0.989177 0
    outer loop
      vertex 32.3266 0.130657 2.4
      vertex 31.6665 0.0327415 95
      vertex 32.3266 0.130657 95
    endloop
  endfacet
  facet normal -0.146729 0.989177 0
    outer loop
      vertex 31.6665 0.0327415 95
      vertex 32.3266 0.130657 2.4
      vertex 31.6665 0.0327415 2.4
    endloop
  endfacet
  facet normal -0.0490696 0.998795 0
    outer loop
      vertex 31.6665 0.0327415 2.4
      vertex 31 -2.86102e-06 95
      vertex 31.6665 0.0327415 95
    endloop
  endfacet
  facet normal -0.0490696 0.998795 0
    outer loop
      vertex 31 -2.86102e-06 95
      vertex 31.6665 0.0327415 2.4
      vertex 31 -2.86102e-06 2.4
    endloop
  endfacet
  facet normal 0.243001 0.970026 -0
    outer loop
      vertex -32.3266 0.130657 2.4
      vertex -32.9739 0.292812 95
      vertex -32.3266 0.130657 95
    endloop
  endfacet
  facet normal 0.243001 0.970026 0
    outer loop
      vertex -32.9739 0.292812 95
      vertex -32.3266 0.130657 2.4
      vertex -32.9739 0.292812 2.4
    endloop
  endfacet
  facet normal 0.998791 0.0491513 0
    outer loop
      vertex -37.7672 6.13348 95
      vertex -37.8 6.8 2.4
      vertex -37.8 6.8 95
    endloop
  endfacet
  facet normal 0.998791 0.0491513 0
    outer loop
      vertex -37.8 6.8 2.4
      vertex -37.7672 6.13348 95
      vertex -37.7672 6.13348 2.4
    endloop
  endfacet
  facet normal 0.242923 -0.970045 0
    outer loop
      vertex -32.9739 29.3072 2.4
      vertex -32.3266 29.4693 95
      vertex -32.9739 29.3072 95
    endloop
  endfacet
  facet normal 0.242923 -0.970045 0
    outer loop
      vertex -32.3266 29.4693 95
      vertex -32.9739 29.3072 2.4
      vertex -32.3266 29.4693 2.4
    endloop
  endfacet
  facet normal -0.803225 -0.595675 0
    outer loop
      vertex 36.654 26.5779 2.4
      vertex 36.2565 27.1139 95
      vertex 36.2565 27.1139 2.4
    endloop
  endfacet
  facet normal -0.803225 -0.595675 0
    outer loop
      vertex 36.2565 27.1139 95
      vertex 36.654 26.5779 2.4
      vertex 36.654 26.5779 95
    endloop
  endfacet
  facet normal 1 -0 0
    outer loop
      vertex -37.8 6.8 95
      vertex -37.8 22.8 2.4
      vertex -37.8 22.8 95
    endloop
  endfacet
  facet normal 1 0 0
    outer loop
      vertex -37.8 22.8 2.4
      vertex -37.8 6.8 95
      vertex -37.8 6.8 2.4
    endloop
  endfacet
  facet normal 0.970045 -0.242923 0
    outer loop
      vertex -37.6693 24.1266 95
      vertex -37.5072 24.7739 2.4
      vertex -37.5072 24.7739 95
    endloop
  endfacet
  facet normal 0.970045 -0.242923 0
    outer loop
      vertex -37.5072 24.7739 2.4
      vertex -37.6693 24.1266 95
      vertex -37.6693 24.1266 2.4
    endloop
  endfacet
  facet normal -0.671643 -0.740875 0
    outer loop
      vertex 35.3139 28.0565 2.4
      vertex 35.8083 27.6083 95
      vertex 35.3139 28.0565 95
    endloop
  endfacet
  facet normal -0.671643 -0.740875 -0
    outer loop
      vertex 35.8083 27.6083 95
      vertex 35.3139 28.0565 2.4
      vertex 35.8083 27.6083 2.4
    endloop
  endfacet
  facet normal 0.740909 0.671606 0
    outer loop
      vertex -35.8083 1.99168 95
      vertex -36.2565 2.48613 2.4
      vertex -36.2565 2.48613 95
    endloop
  endfacet
  facet normal 0.740909 0.671606 0
    outer loop
      vertex -36.2565 2.48613 2.4
      vertex -35.8083 1.99168 95
      vertex -35.8083 1.99168 2.4
    endloop
  endfacet
  facet normal 0.427507 -0.904012 0
    outer loop
      vertex -34.2055 28.7971 2.4
      vertex -33.6022 29.0824 95
      vertex -34.2055 28.7971 95
    endloop
  endfacet
  facet normal 0.427507 -0.904012 0
    outer loop
      vertex -33.6022 29.0824 95
      vertex -34.2055 28.7971 2.4
      vertex -33.6022 29.0824 2.4
    endloop
  endfacet
  facet normal 0.98918 0.146706 0
    outer loop
      vertex -37.6693 5.47338 95
      vertex -37.7672 6.13348 2.4
      vertex -37.7672 6.13348 95
    endloop
  endfacet
  facet normal 0.98918 0.146706 0
    outer loop
      vertex -37.7672 6.13348 2.4
      vertex -37.6693 5.47338 95
      vertex -37.6693 5.47338 2.4
    endloop
  endfacet
  facet normal 0.998791 -0.0491528 0
    outer loop
      vertex -37.8 22.8 95
      vertex -37.7672 23.4665 2.4
      vertex -37.7672 23.4665 95
    endloop
  endfacet
  facet normal 0.998791 -0.0491528 0
    outer loop
      vertex -37.7672 23.4665 2.4
      vertex -37.8 22.8 95
      vertex -37.8 22.8 2.4
    endloop
  endfacet
  facet normal -0.0490033 -0.998799 0
    outer loop
      vertex 31 29.6 2.4
      vertex 31.6665 29.5673 95
      vertex 31 29.6 95
    endloop
  endfacet
  facet normal -0.0490033 -0.998799 -0
    outer loop
      vertex 31.6665 29.5673 95
      vertex 31 29.6 2.4
      vertex 31.6665 29.5673 2.4
    endloop
  endfacet
  facet normal 0.336888 0.941545 -0
    outer loop
      vertex -32.9739 0.292812 2.4
      vertex -33.6022 0.51762 95
      vertex -32.9739 0.292812 95
    endloop
  endfacet
  facet normal 0.336888 0.941545 0
    outer loop
      vertex -33.6022 0.51762 95
      vertex -32.9739 0.292812 2.4
      vertex -33.6022 0.51762 2.4
    endloop
  endfacet
  facet normal -0.740909 0.671606 0
    outer loop
      vertex 35.8083 1.99168 2.4
      vertex 36.2565 2.48613 95
      vertex 36.2565 2.48613 2.4
    endloop
  endfacet
  facet normal -0.740909 0.671606 0
    outer loop
      vertex 36.2565 2.48613 95
      vertex 35.8083 1.99168 2.4
      vertex 35.8083 1.99168 95
    endloop
  endfacet
  facet normal 0 -1 0
    outer loop
      vertex -23.8 29.6 9
      vertex 23.8 29.6 35
      vertex -23.8 29.6 35
    endloop
  endfacet
  facet normal 0 -1 -0
    outer loop
      vertex 23.8 29.6 35
      vertex -23.8 29.6 9
      vertex 23.8 29.6 9
    endloop
  endfacet
  facet normal 0 -1 0
    outer loop
      vertex -23.8 29.6 60
      vertex 23.8 29.6 86
      vertex -23.8 29.6 86
    endloop
  endfacet
  facet normal 0 -1 -0
    outer loop
      vertex 23.8 29.6 86
      vertex -23.8 29.6 60
      vertex 23.8 29.6 60
    endloop
  endfacet
  facet normal 0 -1 0
    outer loop
      vertex -23.8 29.6 86
      vertex -31 29.6 95
      vertex -27.8 29.6 86
    endloop
  endfacet
  facet normal 0 -1 0
    outer loop
      vertex -31 29.6 95
      vertex -27.8 29.6 60
      vertex -27.8 29.6 86
    endloop
  endfacet
  facet normal 0 -1 0
    outer loop
      vertex -23.8 29.6 35
      vertex -23.8 29.6 60
      vertex -27.8 29.6 60
    endloop
  endfacet
  facet normal 0 -1 0
    outer loop
      vertex -23.8 29.6 60
      vertex -23.8 29.6 35
      vertex 23.8 29.6 60
    endloop
  endfacet
  facet normal 0 -1 0
    outer loop
      vertex -23.8 29.6 35
      vertex -27.8 29.6 60
      vertex -27.8 29.6 35
    endloop
  endfacet
  facet normal 0 -1 0
    outer loop
      vertex -31 29.6 95
      vertex -27.8 29.6 35
      vertex -27.8 29.6 60
    endloop
  endfacet
  facet normal 0 -1 0
    outer loop
      vertex -31 29.6 2.4
      vertex -27.8 29.6 35
      vertex -31 29.6 95
    endloop
  endfacet
  facet normal 0 -1 0
    outer loop
      vertex -31 29.6 2.4
      vertex -23.8 29.6 9
      vertex -27.8 29.6 9
    endloop
  endfacet
  facet normal 0 -1 -0
    outer loop
      vertex -23.8 29.6 9
      vertex -31 29.6 2.4
      vertex 23.8 29.6 9
    endloop
  endfacet
  facet normal 0 -1 0
    outer loop
      vertex 31 29.6 2.4
      vertex 23.8 29.6 9
      vertex -31 29.6 2.4
    endloop
  endfacet
  facet normal 0 -1 -0
    outer loop
      vertex -27.8 29.6 35
      vertex -31 29.6 2.4
      vertex -27.8 29.6 9
    endloop
  endfacet
  facet normal 0 -1 0
    outer loop
      vertex -31 29.6 95
      vertex -23.8 29.6 86
      vertex 31 29.6 95
    endloop
  endfacet
  facet normal 0 -1 0
    outer loop
      vertex 23.8 29.6 86
      vertex 31 29.6 95
      vertex -23.8 29.6 86
    endloop
  endfacet
  facet normal 0 -1 0
    outer loop
      vertex 27.8 29.6 86
      vertex 31 29.6 95
      vertex 23.8 29.6 86
    endloop
  endfacet
  facet normal 0 -1 0
    outer loop
      vertex 27.8 29.6 60
      vertex 31 29.6 95
      vertex 27.8 29.6 86
    endloop
  endfacet
  facet normal 0 -1 0
    outer loop
      vertex 23.8 29.6 35
      vertex 23.8 29.6 60
      vertex -23.8 29.6 35
    endloop
  endfacet
  facet normal 0 -1 0
    outer loop
      vertex 23.8 29.6 60
      vertex 23.8 29.6 35
      vertex 27.8 29.6 60
    endloop
  endfacet
  facet normal 0 -1 0
    outer loop
      vertex 27.8 29.6 35
      vertex 27.8 29.6 60
      vertex 23.8 29.6 35
    endloop
  endfacet
  facet normal 0 -1 0
    outer loop
      vertex 27.8 29.6 35
      vertex 31 29.6 95
      vertex 27.8 29.6 60
    endloop
  endfacet
  facet normal 0 -1 0
    outer loop
      vertex 31 29.6 2.4
      vertex 27.8 29.6 35
      vertex 27.8 29.6 9
    endloop
  endfacet
  facet normal 0 -1 0
    outer loop
      vertex 27.8 29.6 35
      vertex 31 29.6 2.4
      vertex 31 29.6 95
    endloop
  endfacet
  facet normal 0 -1 0
    outer loop
      vertex 23.8 29.6 9
      vertex 31 29.6 2.4
      vertex 27.8 29.6 9
    endloop
  endfacet
  facet normal -0.146853 -0.989158 0
    outer loop
      vertex 31.6665 29.5673 2.4
      vertex 32.3266 29.4693 95
      vertex 31.6665 29.5673 95
    endloop
  endfacet
  facet normal -0.146853 -0.989158 -0
    outer loop
      vertex 32.3266 29.4693 95
      vertex 31.6665 29.5673 2.4
      vertex 32.3266 29.4693 2.4
    endloop
  endfacet
  facet normal -1 0 0
    outer loop
      vertex 37.8 6.8 2.4
      vertex 37.8 22.8 95
      vertex 37.8 22.8 2.4
    endloop
  endfacet
  facet normal -1 -0 0
    outer loop
      vertex 37.8 22.8 95
      vertex 37.8 6.8 2.4
      vertex 37.8 6.8 95
    endloop
  endfacet
  facet normal 0.336877 -0.941549 0
    outer loop
      vertex -33.6022 29.0824 2.4
      vertex -32.9739 29.3072 95
      vertex -33.6022 29.0824 95
    endloop
  endfacet
  facet normal 0.336877 -0.941549 0
    outer loop
      vertex -32.9739 29.3072 95
      vertex -33.6022 29.0824 2.4
      vertex -32.9739 29.3072 2.4
    endloop
  endfacet
  facet normal 0.803225 -0.595675 0
    outer loop
      vertex -36.654 26.5779 95
      vertex -36.2565 27.1139 2.4
      vertex -36.2565 27.1139 95
    endloop
  endfacet
  facet normal 0.803225 -0.595675 0
    outer loop
      vertex -36.2565 27.1139 2.4
      vertex -36.654 26.5779 95
      vertex -36.654 26.5779 2.4
    endloop
  endfacet
  facet normal 0.0490033 -0.998799 0
    outer loop
      vertex -31.6665 29.5673 2.4
      vertex -31 29.6 95
      vertex -31.6665 29.5673 95
    endloop
  endfacet
  facet normal 0.0490033 -0.998799 0
    outer loop
      vertex -31 29.6 95
      vertex -31.6665 29.5673 2.4
      vertex -31 29.6 2.4
    endloop
  endfacet
  facet normal 0.904012 -0.427507 0
    outer loop
      vertex -37.2824 25.4022 95
      vertex -36.9971 26.0055 2.4
      vertex -36.9971 26.0055 95
    endloop
  endfacet
  facet normal 0.904012 -0.427507 0
    outer loop
      vertex -36.9971 26.0055 2.4
      vertex -37.2824 25.4022 95
      vertex -37.2824 25.4022 2.4
    endloop
  endfacet
  facet normal -0.595675 -0.803225 0
    outer loop
      vertex 34.7779 28.454 2.4
      vertex 35.3139 28.0565 95
      vertex 34.7779 28.454 95
    endloop
  endfacet
  facet normal -0.595675 -0.803225 -0
    outer loop
      vertex 35.3139 28.0565 95
      vertex 34.7779 28.454 2.4
      vertex 35.3139 28.0565 2.4
    endloop
  endfacet
  facet normal -0.5141 0.85773 0
    outer loop
      vertex 34.7779 1.14601 2.4
      vertex 34.2055 0.802929 95
      vertex 34.7779 1.14601 95
    endloop
  endfacet
  facet normal -0.5141 0.85773 0
    outer loop
      vertex 34.2055 0.802929 95
      vertex 34.7779 1.14601 2.4
      vertex 34.2055 0.802929 2.4
    endloop
  endfacet
  facet normal -0.970045 -0.242923 0
    outer loop
      vertex 37.6693 24.1266 2.4
      vertex 37.5072 24.7739 95
      vertex 37.5072 24.7739 2.4
    endloop
  endfacet
  facet normal -0.970045 -0.242923 0
    outer loop
      vertex 37.5072 24.7739 95
      vertex 37.6693 24.1266 2.4
      vertex 37.6693 24.1266 95
    endloop
  endfacet
  facet normal 0.146729 0.989177 -0
    outer loop
      vertex -31.6665 0.0327415 2.4
      vertex -32.3266 0.130657 95
      vertex -31.6665 0.0327415 95
    endloop
  endfacet
  facet normal 0.146729 0.989177 0
    outer loop
      vertex -32.3266 0.130657 95
      vertex -31.6665 0.0327415 2.4
      vertex -32.3266 0.130657 2.4
    endloop
  endfacet
  facet normal 0.0490696 0.998795 -0
    outer loop
      vertex -31 -2.86102e-06 2.4
      vertex -31.6665 0.0327415 95
      vertex -31 -2.86102e-06 95
    endloop
  endfacet
  facet normal 0.0490696 0.998795 0
    outer loop
      vertex -31.6665 0.0327415 95
      vertex -31 -2.86102e-06 2.4
      vertex -31.6665 0.0327415 2.4
    endloop
  endfacet
  facet normal 0.146853 -0.989158 0
    outer loop
      vertex -32.3266 29.4693 2.4
      vertex -31.6665 29.5673 95
      vertex -32.3266 29.4693 95
    endloop
  endfacet
  facet normal 0.146853 -0.989158 0
    outer loop
      vertex -31.6665 29.5673 95
      vertex -32.3266 29.4693 2.4
      vertex -31.6665 29.5673 2.4
    endloop
  endfacet
  facet normal 0.857718 -0.514121 0
    outer loop
      vertex -36.9971 26.0055 95
      vertex -36.654 26.5779 2.4
      vertex -36.654 26.5779 95
    endloop
  endfacet
  facet normal 0.857718 -0.514121 0
    outer loop
      vertex -36.654 26.5779 2.4
      vertex -36.9971 26.0055 95
      vertex -36.9971 26.0055 2.4
    endloop
  endfacet
  facet normal -0.671602 0.740912 0
    outer loop
      vertex 35.8083 1.99168 2.4
      vertex 35.3139 1.54353 95
      vertex 35.8083 1.99168 95
    endloop
  endfacet
  facet normal -0.671602 0.740912 0
    outer loop
      vertex 35.3139 1.54353 95
      vertex 35.8083 1.99168 2.4
      vertex 35.3139 1.54353 2.4
    endloop
  endfacet
  facet normal -0.98918 -0.146706 0
    outer loop
      vertex 37.7672 23.4665 2.4
      vertex 37.6693 24.1266 95
      vertex 37.6693 24.1266 2.4
    endloop
  endfacet
  facet normal -0.98918 -0.146706 0
    outer loop
      vertex 37.6693 24.1266 95
      vertex 37.7672 23.4665 2.4
      vertex 37.7672 23.4665 95
    endloop
  endfacet
  facet normal -0.904001 0.42753 0
    outer loop
      vertex 36.9971 3.59449 2.4
      vertex 37.2824 4.19775 95
      vertex 37.2824 4.19775 2.4
    endloop
  endfacet
  facet normal -0.904001 0.42753 0
    outer loop
      vertex 37.2824 4.19775 95
      vertex 36.9971 3.59449 2.4
      vertex 36.9971 3.59449 95
    endloop
  endfacet
  facet normal -0.336877 -0.941549 0
    outer loop
      vertex 32.9739 29.3072 2.4
      vertex 33.6022 29.0824 95
      vertex 32.9739 29.3072 95
    endloop
  endfacet
  facet normal -0.336877 -0.941549 -0
    outer loop
      vertex 33.6022 29.0824 95
      vertex 32.9739 29.3072 2.4
      vertex 33.6022 29.0824 2.4
    endloop
  endfacet
  facet normal -0.242923 -0.970045 0
    outer loop
      vertex 32.3266 29.4693 2.4
      vertex 32.9739 29.3072 95
      vertex 32.3266 29.4693 95
    endloop
  endfacet
  facet normal -0.242923 -0.970045 -0
    outer loop
      vertex 32.9739 29.3072 95
      vertex 32.3266 29.4693 2.4
      vertex 32.9739 29.3072 2.4
    endloop
  endfacet
  facet normal -0.941549 -0.336877 0
    outer loop
      vertex 37.5072 24.7739 2.4
      vertex 37.2824 25.4022 95
      vertex 37.2824 25.4022 2.4
    endloop
  endfacet
  facet normal -0.941549 -0.336877 0
    outer loop
      vertex 37.2824 25.4022 95
      vertex 37.5072 24.7739 2.4
      vertex 37.5072 24.7739 95
    endloop
  endfacet
  facet normal -0.857718 -0.514121 0
    outer loop
      vertex 36.9971 26.0055 2.4
      vertex 36.654 26.5779 95
      vertex 36.654 26.5779 2.4
    endloop
  endfacet
  facet normal -0.857718 -0.514121 0
    outer loop
      vertex 36.654 26.5779 95
      vertex 36.9971 26.0055 2.4
      vertex 36.9971 26.0055 95
    endloop
  endfacet
  facet normal 0 0 1
    outer loop
      vertex 26.7807 21.9921 2.4
      vertex 37.8 22.8 2.4
      vertex 37.7672 23.4665 2.4
    endloop
  endfacet
  facet normal 0 0 1
    outer loop
      vertex 37.8 22.8 2.4
      vertex 26.8 21.6 2.4
      vertex 37.8 6.8 2.4
    endloop
  endfacet
  facet normal 0 0 1
    outer loop
      vertex 26.7807 21.9921 2.4
      vertex 37.7672 23.4665 2.4
      vertex 37.6693 24.1266 2.4
    endloop
  endfacet
  facet normal -0 0 1
    outer loop
      vertex 26.8 8.00001 2.4
      vertex 37.8 6.8 2.4
      vertex 26.8 21.6 2.4
    endloop
  endfacet
  facet normal 0 0 1
    outer loop
      vertex 26.7231 22.3804 2.4
      vertex 37.6693 24.1266 2.4
      vertex 37.5072 24.7739 2.4
    endloop
  endfacet
  facet normal -0 0 1
    outer loop
      vertex 26.7807 7.60794 2.4
      vertex 37.8 6.8 2.4
      vertex 26.8 8.00001 2.4
    endloop
  endfacet
  facet normal 0 0 1
    outer loop
      vertex 26.7231 22.3804 2.4
      vertex 37.5072 24.7739 2.4
      vertex 37.2824 25.4022 2.4
    endloop
  endfacet
  facet normal 0 0 1
    outer loop
      vertex 37.8 6.8 2.4
      vertex 26.7807 7.60794 2.4
      vertex 37.7672 6.13348 2.4
    endloop
  endfacet
  facet normal 0 0 1
    outer loop
      vertex 26.7231 22.3804 2.4
      vertex 37.2824 25.4022 2.4
      vertex 36.9971 26.0055 2.4
    endloop
  endfacet
  facet normal 0 0 1
    outer loop
      vertex 37.7672 6.13348 2.4
      vertex 26.7807 7.60794 2.4
      vertex 37.6693 5.47338 2.4
    endloop
  endfacet
  facet normal 0 0 1
    outer loop
      vertex 26.7231 22.3804 2.4
      vertex 36.9971 26.0055 2.4
      vertex 36.654 26.5779 2.4
    endloop
  endfacet
  facet normal -0 0 1
    outer loop
      vertex 26.7231 7.21965 2.4
      vertex 37.6693 5.47338 2.4
      vertex 26.7807 7.60794 2.4
    endloop
  endfacet
  facet normal 0 0 1
    outer loop
      vertex 26.7231 22.3804 2.4
      vertex 36.654 26.5779 2.4
      vertex 36.2565 27.1139 2.4
    endloop
  endfacet
  facet normal 0 0 1
    outer loop
      vertex 37.6693 5.47338 2.4
      vertex 26.7231 7.21965 2.4
      vertex 37.5072 4.82606 2.4
    endloop
  endfacet
  facet normal 0 0 1
    outer loop
      vertex 26.7231 22.3804 2.4
      vertex 36.2565 27.1139 2.4
      vertex 35.8083 27.6083 2.4
    endloop
  endfacet
  facet normal 0 0 1
    outer loop
      vertex 37.5072 4.82606 2.4
      vertex 26.7231 7.21965 2.4
      vertex 37.2824 4.19775 2.4
    endloop
  endfacet
  facet normal 0 0 1
    outer loop
      vertex 26.7231 22.3804 2.4
      vertex 35.8083 27.6083 2.4
      vertex 35.3139 28.0565 2.4
    endloop
  endfacet
  facet normal 0 0 1
    outer loop
      vertex 37.2824 4.19775 2.4
      vertex 26.7231 7.21965 2.4
      vertex 36.9971 3.59449 2.4
    endloop
  endfacet
  facet normal 0 0 1
    outer loop
      vertex 26.6277 22.7611 2.4
      vertex 35.3139 28.0565 2.4
      vertex 34.7779 28.454 2.4
    endloop
  endfacet
  facet normal 0 0 1
    outer loop
      vertex 36.9971 3.59449 2.4
      vertex 26.7231 7.21965 2.4
      vertex 36.654 3.02212 2.4
    endloop
  endfacet
  facet normal 0 0 1
    outer loop
      vertex 26.6277 22.7611 2.4
      vertex 34.7779 28.454 2.4
      vertex 34.2055 28.7971 2.4
    endloop
  endfacet
  facet normal 0 0 1
    outer loop
      vertex 36.654 3.02212 2.4
      vertex 26.7231 7.21965 2.4
      vertex 36.2565 2.48613 2.4
    endloop
  endfacet
  facet normal 0 0 1
    outer loop
      vertex 26.6277 22.7611 2.4
      vertex 34.2055 28.7971 2.4
      vertex 33.6022 29.0824 2.4
    endloop
  endfacet
  facet normal 0 0 1
    outer loop
      vertex 36.2565 2.48613 2.4
      vertex 26.7231 7.21965 2.4
      vertex 35.8083 1.99168 2.4
    endloop
  endfacet
  facet normal 0 0 1
    outer loop
      vertex 26.6277 22.7611 2.4
      vertex 33.6022 29.0824 2.4
      vertex 32.9739 29.3072 2.4
    endloop
  endfacet
  facet normal 0 0 1
    outer loop
      vertex 35.8083 1.99168 2.4
      vertex 26.7231 7.21965 2.4
      vertex 35.3139 1.54353 2.4
    endloop
  endfacet
  facet normal 0 0 1
    outer loop
      vertex 26.6277 22.7611 2.4
      vertex 32.9739 29.3072 2.4
      vertex 32.3266 29.4693 2.4
    endloop
  endfacet
  facet normal -0 0 1
    outer loop
      vertex 26.6277 6.83888 2.4
      vertex 35.3139 1.54353 2.4
      vertex 26.7231 7.21965 2.4
    endloop
  endfacet
  facet normal 0 0 1
    outer loop
      vertex 26.6277 22.7611 2.4
      vertex 32.3266 29.4693 2.4
      vertex 31.6665 29.5673 2.4
    endloop
  endfacet
  facet normal 0 0 1
    outer loop
      vertex 35.3139 1.54353 2.4
      vertex 26.6277 6.83888 2.4
      vertex 34.7779 1.14601 2.4
    endloop
  endfacet
  facet normal 0 0 1
    outer loop
      vertex 26.4955 23.1307 2.4
      vertex 31.6665 29.5673 2.4
      vertex 31 29.6 2.4
    endloop
  endfacet
  facet normal 0 0 1
    outer loop
      vertex 34.7779 1.14601 2.4
      vertex 26.6277 6.83888 2.4
      vertex 34.2055 0.802929 2.4
    endloop
  endfacet
  facet normal 0 0 1
    outer loop
      vertex 34.2055 0.802929 2.4
      vertex 26.6277 6.83888 2.4
      vertex 33.6022 0.51762 2.4
    endloop
  endfacet
  facet normal 0 0 1
    outer loop
      vertex 37.8 22.8 2.4
      vertex 26.7807 21.9921 2.4
      vertex 26.8 21.6 2.4
    endloop
  endfacet
  facet normal 0 0 1
    outer loop
      vertex 37.6693 24.1266 2.4
      vertex 26.7231 22.3804 2.4
      vertex 26.7807 21.9921 2.4
    endloop
  endfacet
  facet normal 0 0 1
    outer loop
      vertex 35.3139 28.0565 2.4
      vertex 26.6277 22.7611 2.4
      vertex 26.7231 22.3804 2.4
    endloop
  endfacet
  facet normal 0 0 1
    outer loop
      vertex 31.6665 29.5673 2.4
      vertex 26.4955 23.1307 2.4
      vertex 26.6277 22.7611 2.4
    endloop
  endfacet
  facet normal 0 0 1
    outer loop
      vertex 31 29.6 2.4
      vertex 26.3277 23.4856 2.4
      vertex 26.4955 23.1307 2.4
    endloop
  endfacet
  facet normal 0 0 1
    outer loop
      vertex 31 29.6 2.4
      vertex 26.1259 23.8223 2.4
      vertex 26.3277 23.4856 2.4
    endloop
  endfacet
  facet normal 0 0 1
    outer loop
      vertex 31 29.6 2.4
      vertex 25.892 24.1376 2.4
      vertex 26.1259 23.8223 2.4
    endloop
  endfacet
  facet normal 0 0 1
    outer loop
      vertex 31 29.6 2.4
      vertex 25.6284 24.4284 2.4
      vertex 25.892 24.1376 2.4
    endloop
  endfacet
  facet normal 0 0 1
    outer loop
      vertex 31 29.6 2.4
      vertex 25.3376 24.692 2.4
      vertex 25.6284 24.4284 2.4
    endloop
  endfacet
  facet normal 0 0 1
    outer loop
      vertex 31 29.6 2.4
      vertex 25.0223 24.9259 2.4
      vertex 25.3376 24.692 2.4
    endloop
  endfacet
  facet normal 0 0 1
    outer loop
      vertex 31 29.6 2.4
      vertex 24.6856 25.1277 2.4
      vertex 25.0223 24.9259 2.4
    endloop
  endfacet
  facet normal 0 0 1
    outer loop
      vertex 31 29.6 2.4
      vertex 24.3307 25.2955 2.4
      vertex 24.6856 25.1277 2.4
    endloop
  endfacet
  facet normal 0 0 1
    outer loop
      vertex 31 29.6 2.4
      vertex 23.9611 25.4277 2.4
      vertex 24.3307 25.2955 2.4
    endloop
  endfacet
  facet normal 0 0 1
    outer loop
      vertex 31 29.6 2.4
      vertex 23.5804 25.5231 2.4
      vertex 23.9611 25.4277 2.4
    endloop
  endfacet
  facet normal 0 0 1
    outer loop
      vertex 31 29.6 2.4
      vertex 23.1921 25.5807 2.4
      vertex 23.5804 25.5231 2.4
    endloop
  endfacet
  facet normal 0 0 1
    outer loop
      vertex 31 29.6 2.4
      vertex 22.8 25.6 2.4
      vertex 23.1921 25.5807 2.4
    endloop
  endfacet
  facet normal 0 0 1
    outer loop
      vertex 31 29.6 2.4
      vertex -22.8 25.6 2.4
      vertex 22.8 25.6 2.4
    endloop
  endfacet
  facet normal -0 0 1
    outer loop
      vertex -31 29.6 2.4
      vertex -22.8 25.6 2.4
      vertex 31 29.6 2.4
    endloop
  endfacet
  facet normal -0 0 1
    outer loop
      vertex -33.6022 29.0824 2.4
      vertex -26.6277 22.7611 2.4
      vertex -32.9739 29.3072 2.4
    endloop
  endfacet
  facet normal -0 0 1
    outer loop
      vertex -32.9739 29.3072 2.4
      vertex -26.6277 22.7611 2.4
      vertex -32.3266 29.4693 2.4
    endloop
  endfacet
  facet normal -0 0 1
    outer loop
      vertex -32.3266 29.4693 2.4
      vertex -26.6277 22.7611 2.4
      vertex -31.6665 29.5673 2.4
    endloop
  endfacet
  facet normal 0 0 1
    outer loop
      vertex -26.4955 23.1307 2.4
      vertex -31.6665 29.5673 2.4
      vertex -26.6277 22.7611 2.4
    endloop
  endfacet
  facet normal -0 0 1
    outer loop
      vertex -31.6665 29.5673 2.4
      vertex -26.4955 23.1307 2.4
      vertex -31 29.6 2.4
    endloop
  endfacet
  facet normal 0 0 1
    outer loop
      vertex -26.3277 23.4856 2.4
      vertex -31 29.6 2.4
      vertex -26.4955 23.1307 2.4
    endloop
  endfacet
  facet normal 0 0 1
    outer loop
      vertex -26.1259 23.8223 2.4
      vertex -31 29.6 2.4
      vertex -26.3277 23.4856 2.4
    endloop
  endfacet
  facet normal 0 0 1
    outer loop
      vertex -25.892 24.1376 2.4
      vertex -31 29.6 2.4
      vertex -26.1259 23.8223 2.4
    endloop
  endfacet
  facet normal 0 0 1
    outer loop
      vertex -25.6284 24.4284 2.4
      vertex -31 29.6 2.4
      vertex -25.892 24.1376 2.4
    endloop
  endfacet
  facet normal 0 0 1
    outer loop
      vertex -25.3376 24.692 2.4
      vertex -31 29.6 2.4
      vertex -25.6284 24.4284 2.4
    endloop
  endfacet
  facet normal 0 0 1
    outer loop
      vertex -25.0223 24.9259 2.4
      vertex -31 29.6 2.4
      vertex -25.3376 24.692 2.4
    endloop
  endfacet
  facet normal 0 0 1
    outer loop
      vertex -24.6856 25.1277 2.4
      vertex -31 29.6 2.4
      vertex -25.0223 24.9259 2.4
    endloop
  endfacet
  facet normal 0 0 1
    outer loop
      vertex -24.3307 25.2955 2.4
      vertex -31 29.6 2.4
      vertex -24.6856 25.1277 2.4
    endloop
  endfacet
  facet normal 0 0 1
    outer loop
      vertex -23.9611 25.4277 2.4
      vertex -31 29.6 2.4
      vertex -24.3307 25.2955 2.4
    endloop
  endfacet
  facet normal 0 0 1
    outer loop
      vertex -23.5804 25.5231 2.4
      vertex -31 29.6 2.4
      vertex -23.9611 25.4277 2.4
    endloop
  endfacet
  facet normal 0 0 1
    outer loop
      vertex -23.1921 25.5807 2.4
      vertex -31 29.6 2.4
      vertex -23.5804 25.5231 2.4
    endloop
  endfacet
  facet normal 0 0 1
    outer loop
      vertex -22.8 25.6 2.4
      vertex -31 29.6 2.4
      vertex -23.1921 25.5807 2.4
    endloop
  endfacet
  facet normal 0 0 1
    outer loop
      vertex 33.6022 0.51762 2.4
      vertex 26.6277 6.83888 2.4
      vertex 32.9739 0.292812 2.4
    endloop
  endfacet
  facet normal 0 0 1
    outer loop
      vertex 32.9739 0.292812 2.4
      vertex 26.6277 6.83888 2.4
      vertex 32.3266 0.130657 2.4
    endloop
  endfacet
  facet normal 0 0 1
    outer loop
      vertex 32.3266 0.130657 2.4
      vertex 26.6277 6.83888 2.4
      vertex 31.6665 0.0327415 2.4
    endloop
  endfacet
  facet normal -0 0 1
    outer loop
      vertex 26.4955 6.46928 2.4
      vertex 31.6665 0.0327415 2.4
      vertex 26.6277 6.83888 2.4
    endloop
  endfacet
  facet normal 0 0 1
    outer loop
      vertex 31.6665 0.0327415 2.4
      vertex 26.4955 6.46928 2.4
      vertex 31 -2.86102e-06 2.4
    endloop
  endfacet
  facet normal -0 0 1
    outer loop
      vertex 26.3277 6.11442 2.4
      vertex 31 -2.86102e-06 2.4
      vertex 26.4955 6.46928 2.4
    endloop
  endfacet
  facet normal -0 0 1
    outer loop
      vertex 26.1259 5.77774 2.4
      vertex 31 -2.86102e-06 2.4
      vertex 26.3277 6.11442 2.4
    endloop
  endfacet
  facet normal -0 0 1
    outer loop
      vertex 25.892 5.46244 2.4
      vertex 31 -2.86102e-06 2.4
      vertex 26.1259 5.77774 2.4
    endloop
  endfacet
  facet normal -0 0 1
    outer loop
      vertex 25.6284 5.17158 2.4
      vertex 31 -2.86102e-06 2.4
      vertex 25.892 5.46244 2.4
    endloop
  endfacet
  facet normal -0 0 1
    outer loop
      vertex 25.3376 4.90797 2.4
      vertex 31 -2.86102e-06 2.4
      vertex 25.6284 5.17158 2.4
    endloop
  endfacet
  facet normal -0 0 1
    outer loop
      vertex 25.0223 4.67413 2.4
      vertex 31 -2.86102e-06 2.4
      vertex 25.3376 4.90797 2.4
    endloop
  endfacet
  facet normal -0 0 1
    outer loop
      vertex 24.6856 4.47233 2.4
      vertex 31 -2.86102e-06 2.4
      vertex 25.0223 4.67413 2.4
    endloop
  endfacet
  facet normal -0 0 1
    outer loop
      vertex 24.3307 4.3045 2.4
      vertex 31 -2.86102e-06 2.4
      vertex 24.6856 4.47233 2.4
    endloop
  endfacet
  facet normal -0 0 1
    outer loop
      vertex 23.9611 4.17225 2.4
      vertex 31 -2.86102e-06 2.4
      vertex 24.3307 4.3045 2.4
    endloop
  endfacet
  facet normal -0 0 1
    outer loop
      vertex 23.5804 4.07687 2.4
      vertex 31 -2.86102e-06 2.4
      vertex 23.9611 4.17225 2.4
    endloop
  endfacet
  facet normal -0 0 1
    outer loop
      vertex 23.1921 4.01927 2.4
      vertex 31 -2.86102e-06 2.4
      vertex 23.5804 4.07687 2.4
    endloop
  endfacet
  facet normal -0 0 1
    outer loop
      vertex 22.8 4.00001 2.4
      vertex 31 -2.86102e-06 2.4
      vertex 23.1921 4.01927 2.4
    endloop
  endfacet
  facet normal -0 0 1
    outer loop
      vertex -22.8 4.00001 2.4
      vertex 31 -2.86102e-06 2.4
      vertex 22.8 4.00001 2.4
    endloop
  endfacet
  facet normal 0 0 1
    outer loop
      vertex -31 -2.86102e-06 2.4
      vertex -22.8 4.00001 2.4
      vertex -23.1921 4.01927 2.4
    endloop
  endfacet
  facet normal 0 0 1
    outer loop
      vertex -26.8 21.6 2.4
      vertex -37.8 22.8 2.4
      vertex -26.8 8.00001 2.4
    endloop
  endfacet
  facet normal 0 0 1
    outer loop
      vertex -37.8 6.8 2.4
      vertex -26.8 8.00001 2.4
      vertex -37.8 22.8 2.4
    endloop
  endfacet
  facet normal 0 0 1
    outer loop
      vertex -22.8 4.00001 2.4
      vertex -31 -2.86102e-06 2.4
      vertex 31 -2.86102e-06 2.4
    endloop
  endfacet
  facet normal 0 0 1
    outer loop
      vertex -23.5804 4.07687 2.4
      vertex -31 -2.86102e-06 2.4
      vertex -23.1921 4.01927 2.4
    endloop
  endfacet
  facet normal 0 0 1
    outer loop
      vertex -23.9611 4.17225 2.4
      vertex -31 -2.86102e-06 2.4
      vertex -23.5804 4.07687 2.4
    endloop
  endfacet
  facet normal 0 0 1
    outer loop
      vertex -24.3307 4.3045 2.4
      vertex -31 -2.86102e-06 2.4
      vertex -23.9611 4.17225 2.4
    endloop
  endfacet
  facet normal 0 0 1
    outer loop
      vertex -24.6856 4.47233 2.4
      vertex -31 -2.86102e-06 2.4
      vertex -24.3307 4.3045 2.4
    endloop
  endfacet
  facet normal 0 0 1
    outer loop
      vertex -25.0223 4.67413 2.4
      vertex -31 -2.86102e-06 2.4
      vertex -24.6856 4.47233 2.4
    endloop
  endfacet
  facet normal 0 0 1
    outer loop
      vertex -25.3376 4.90797 2.4
      vertex -31 -2.86102e-06 2.4
      vertex -25.0223 4.67413 2.4
    endloop
  endfacet
  facet normal 0 0 1
    outer loop
      vertex -25.6284 5.17158 2.4
      vertex -31 -2.86102e-06 2.4
      vertex -25.3376 4.90797 2.4
    endloop
  endfacet
  facet normal 0 0 1
    outer loop
      vertex -25.892 5.46244 2.4
      vertex -31 -2.86102e-06 2.4
      vertex -25.6284 5.17158 2.4
    endloop
  endfacet
  facet normal 0 0 1
    outer loop
      vertex -26.1259 5.77774 2.4
      vertex -31 -2.86102e-06 2.4
      vertex -25.892 5.46244 2.4
    endloop
  endfacet
  facet normal 0 0 1
    outer loop
      vertex -26.3277 6.11442 2.4
      vertex -31 -2.86102e-06 2.4
      vertex -26.1259 5.77774 2.4
    endloop
  endfacet
  facet normal 0 0 1
    outer loop
      vertex -26.4955 6.46928 2.4
      vertex -31 -2.86102e-06 2.4
      vertex -26.3277 6.11442 2.4
    endloop
  endfacet
  facet normal 0 0 1
    outer loop
      vertex -31.6665 0.0327415 2.4
      vertex -26.4955 6.46928 2.4
      vertex -26.6277 6.83888 2.4
    endloop
  endfacet
  facet normal 0 0 1
    outer loop
      vertex -35.3139 1.54353 2.4
      vertex -26.6277 6.83888 2.4
      vertex -26.7231 7.21965 2.4
    endloop
  endfacet
  facet normal 0 0 1
    outer loop
      vertex -26.8 8.00001 2.4
      vertex -37.8 6.8 2.4
      vertex -26.7807 7.60794 2.4
    endloop
  endfacet
  facet normal -0 0 1
    outer loop
      vertex -34.2055 28.7971 2.4
      vertex -26.6277 22.7611 2.4
      vertex -33.6022 29.0824 2.4
    endloop
  endfacet
  facet normal 0 -0 1
    outer loop
      vertex -37.7672 6.13348 2.4
      vertex -26.7807 7.60794 2.4
      vertex -37.8 6.8 2.4
    endloop
  endfacet
  facet normal -0 0 1
    outer loop
      vertex -34.7779 28.454 2.4
      vertex -26.6277 22.7611 2.4
      vertex -34.2055 28.7971 2.4
    endloop
  endfacet
  facet normal 0 0 1
    outer loop
      vertex -26.7807 7.60794 2.4
      vertex -37.7672 6.13348 2.4
      vertex -26.7231 7.21965 2.4
    endloop
  endfacet
  facet normal -0 0 1
    outer loop
      vertex -35.3139 28.0565 2.4
      vertex -26.6277 22.7611 2.4
      vertex -34.7779 28.454 2.4
    endloop
  endfacet
  facet normal 0 0 1
    outer loop
      vertex -26.4955 6.46928 2.4
      vertex -31.6665 0.0327415 2.4
      vertex -31 -2.86102e-06 2.4
    endloop
  endfacet
  facet normal 0 0 1
    outer loop
      vertex -26.6277 22.7611 2.4
      vertex -35.3139 28.0565 2.4
      vertex -26.7231 22.3804 2.4
    endloop
  endfacet
  facet normal 0 0 1
    outer loop
      vertex -26.6277 6.83888 2.4
      vertex -32.3266 0.130657 2.4
      vertex -31.6665 0.0327415 2.4
    endloop
  endfacet
  facet normal -0 0 1
    outer loop
      vertex -35.8083 27.6083 2.4
      vertex -26.7231 22.3804 2.4
      vertex -35.3139 28.0565 2.4
    endloop
  endfacet
  facet normal 0 0 1
    outer loop
      vertex -26.6277 6.83888 2.4
      vertex -32.9739 0.292812 2.4
      vertex -32.3266 0.130657 2.4
    endloop
  endfacet
  facet normal -0 0 1
    outer loop
      vertex -36.2565 27.1139 2.4
      vertex -26.7231 22.3804 2.4
      vertex -35.8083 27.6083 2.4
    endloop
  endfacet
  facet normal 0 0 1
    outer loop
      vertex -26.6277 6.83888 2.4
      vertex -33.6022 0.51762 2.4
      vertex -32.9739 0.292812 2.4
    endloop
  endfacet
  facet normal -0 0 1
    outer loop
      vertex -36.654 26.5779 2.4
      vertex -26.7231 22.3804 2.4
      vertex -36.2565 27.1139 2.4
    endloop
  endfacet
  facet normal 0 0 1
    outer loop
      vertex -26.6277 6.83888 2.4
      vertex -34.2055 0.802929 2.4
      vertex -33.6022 0.51762 2.4
    endloop
  endfacet
  facet normal -0 0 1
    outer loop
      vertex -36.9971 26.0055 2.4
      vertex -26.7231 22.3804 2.4
      vertex -36.654 26.5779 2.4
    endloop
  endfacet
  facet normal 0 0 1
    outer loop
      vertex -26.6277 6.83888 2.4
      vertex -34.7779 1.14601 2.4
      vertex -34.2055 0.802929 2.4
    endloop
  endfacet
  facet normal -0 0 1
    outer loop
      vertex -37.2824 25.4022 2.4
      vertex -26.7231 22.3804 2.4
      vertex -36.9971 26.0055 2.4
    endloop
  endfacet
  facet normal 0 0 1
    outer loop
      vertex -26.6277 6.83888 2.4
      vertex -35.3139 1.54353 2.4
      vertex -34.7779 1.14601 2.4
    endloop
  endfacet
  facet normal -0 0 1
    outer loop
      vertex -37.5072 24.7739 2.4
      vertex -26.7231 22.3804 2.4
      vertex -37.2824 25.4022 2.4
    endloop
  endfacet
  facet normal 0 0 1
    outer loop
      vertex -26.7231 7.21965 2.4
      vertex -35.8083 1.99168 2.4
      vertex -35.3139 1.54353 2.4
    endloop
  endfacet
  facet normal -0 0 1
    outer loop
      vertex -37.6693 24.1266 2.4
      vertex -26.7231 22.3804 2.4
      vertex -37.5072 24.7739 2.4
    endloop
  endfacet
  facet normal 0 0 1
    outer loop
      vertex -26.7231 7.21965 2.4
      vertex -36.2565 2.48613 2.4
      vertex -35.8083 1.99168 2.4
    endloop
  endfacet
  facet normal 0 0 1
    outer loop
      vertex -26.7231 22.3804 2.4
      vertex -37.6693 24.1266 2.4
      vertex -26.7807 21.9921 2.4
    endloop
  endfacet
  facet normal 0 0 1
    outer loop
      vertex -26.7231 7.21965 2.4
      vertex -36.654 3.02212 2.4
      vertex -36.2565 2.48613 2.4
    endloop
  endfacet
  facet normal -0 0 1
    outer loop
      vertex -37.7672 23.4665 2.4
      vertex -26.7807 21.9921 2.4
      vertex -37.6693 24.1266 2.4
    endloop
  endfacet
  facet normal 0 0 1
    outer loop
      vertex -26.7231 7.21965 2.4
      vertex -36.9971 3.59449 2.4
      vertex -36.654 3.02212 2.4
    endloop
  endfacet
  facet normal -0 0 1
    outer loop
      vertex -37.8 22.8 2.4
      vertex -26.7807 21.9921 2.4
      vertex -37.7672 23.4665 2.4
    endloop
  endfacet
  facet normal 0 0 1
    outer loop
      vertex -26.7231 7.21965 2.4
      vertex -37.2824 4.19775 2.4
      vertex -36.9971 3.59449 2.4
    endloop
  endfacet
  facet normal 0 0 1
    outer loop
      vertex -26.7807 21.9921 2.4
      vertex -37.8 22.8 2.4
      vertex -26.8 21.6 2.4
    endloop
  endfacet
  facet normal 0 0 1
    outer loop
      vertex -26.7231 7.21965 2.4
      vertex -37.5072 4.82606 2.4
      vertex -37.2824 4.19775 2.4
    endloop
  endfacet
  facet normal 0 0 1
    outer loop
      vertex -26.7231 7.21965 2.4
      vertex -37.6693 5.47338 2.4
      vertex -37.5072 4.82606 2.4
    endloop
  endfacet
  facet normal 0 0 1
    outer loop
      vertex -26.7231 7.21965 2.4
      vertex -37.7672 6.13348 2.4
      vertex -37.6693 5.47338 2.4
    endloop
  endfacet
  facet normal 0.595675 -0.803225 0
    outer loop
      vertex -35.3139 28.0565 2.4
      vertex -34.7779 28.454 95
      vertex -35.3139 28.0565 95
    endloop
  endfacet
  facet normal 0.595675 -0.803225 0
    outer loop
      vertex -34.7779 28.454 95
      vertex -35.3139 28.0565 2.4
      vertex -34.7779 28.454 2.4
    endloop
  endfacet
  facet normal -0.857706 0.514141 0
    outer loop
      vertex 36.654 3.02212 2.4
      vertex 36.9971 3.59449 95
      vertex 36.9971 3.59449 2.4
    endloop
  endfacet
  facet normal -0.857706 0.514141 0
    outer loop
      vertex 36.9971 3.59449 95
      vertex 36.654 3.02212 2.4
      vertex 36.654 3.02212 95
    endloop
  endfacet
  facet normal 0.514121 -0.857718 0
    outer loop
      vertex -34.7779 28.454 2.4
      vertex -34.2055 28.7971 95
      vertex -34.7779 28.454 95
    endloop
  endfacet
  facet normal 0.514121 -0.857718 0
    outer loop
      vertex -34.2055 28.7971 95
      vertex -34.7779 28.454 2.4
      vertex -34.2055 28.7971 2.4
    endloop
  endfacet
  facet normal 0.740875 -0.671643 0
    outer loop
      vertex -36.2565 27.1139 95
      vertex -35.8083 27.6083 2.4
      vertex -35.8083 27.6083 95
    endloop
  endfacet
  facet normal 0.740875 -0.671643 0
    outer loop
      vertex -35.8083 27.6083 2.4
      vertex -36.2565 27.1139 95
      vertex -36.2565 27.1139 2.4
    endloop
  endfacet
  facet normal 0.5141 0.85773 -0
    outer loop
      vertex -34.2055 0.802929 2.4
      vertex -34.7779 1.14601 95
      vertex -34.2055 0.802929 95
    endloop
  endfacet
  facet normal 0.5141 0.85773 0
    outer loop
      vertex -34.7779 1.14601 95
      vertex -34.2055 0.802929 2.4
      vertex -34.7779 1.14601 2.4
    endloop
  endfacet
  facet normal 0.595695 0.803211 -0
    outer loop
      vertex -34.7779 1.14601 2.4
      vertex -35.3139 1.54353 95
      vertex -34.7779 1.14601 95
    endloop
  endfacet
  facet normal 0.595695 0.803211 0
    outer loop
      vertex -35.3139 1.54353 95
      vertex -34.7779 1.14601 2.4
      vertex -35.3139 1.54353 2.4
    endloop
  endfacet
  facet normal -0.94155 0.336873 0
    outer loop
      vertex 37.2824 4.19775 2.4
      vertex 37.5072 4.82606 95
      vertex 37.5072 4.82606 2.4
    endloop
  endfacet
  facet normal -0.94155 0.336873 0
    outer loop
      vertex 37.5072 4.82606 95
      vertex 37.2824 4.19775 2.4
      vertex 37.2824 4.19775 95
    endloop
  endfacet
  facet normal 0.671643 -0.740875 0
    outer loop
      vertex -35.8083 27.6083 2.4
      vertex -35.3139 28.0565 95
      vertex -35.8083 27.6083 95
    endloop
  endfacet
  facet normal 0.671643 -0.740875 0
    outer loop
      vertex -35.3139 28.0565 95
      vertex -35.8083 27.6083 2.4
      vertex -35.3139 28.0565 2.4
    endloop
  endfacet
  facet normal 0.94155 0.336873 0
    outer loop
      vertex -37.2824 4.19775 95
      vertex -37.5072 4.82606 2.4
      vertex -37.5072 4.82606 95
    endloop
  endfacet
  facet normal 0.94155 0.336873 0
    outer loop
      vertex -37.5072 4.82606 2.4
      vertex -37.2824 4.19775 95
      vertex -37.2824 4.19775 2.4
    endloop
  endfacet
  facet normal 0.904001 0.42753 0
    outer loop
      vertex -36.9971 3.59449 95
      vertex -37.2824 4.19775 2.4
      vertex -37.2824 4.19775 95
    endloop
  endfacet
  facet normal 0.904001 0.42753 0
    outer loop
      vertex -37.2824 4.19775 2.4
      vertex -36.9971 3.59449 95
      vertex -36.9971 3.59449 2.4
    endloop
  endfacet
  facet normal 0.98918 -0.146706 0
    outer loop
      vertex -37.7672 23.4665 95
      vertex -37.6693 24.1266 2.4
      vertex -37.6693 24.1266 95
    endloop
  endfacet
  facet normal 0.98918 -0.146706 0
    outer loop
      vertex -37.6693 24.1266 2.4
      vertex -37.7672 23.4665 95
      vertex -37.7672 23.4665 2.4
    endloop
  endfacet
  facet normal -0.998791 -0.0491528 0
    outer loop
      vertex 37.8 22.8 2.4
      vertex 37.7672 23.4665 95
      vertex 37.7672 23.4665 2.4
    endloop
  endfacet
  facet normal -0.998791 -0.0491528 0
    outer loop
      vertex 37.7672 23.4665 95
      vertex 37.8 22.8 2.4
      vertex 37.8 22.8 95
    endloop
  endfacet
  facet normal -0.904012 -0.427507 0
    outer loop
      vertex 37.2824 25.4022 2.4
      vertex 36.9971 26.0055 95
      vertex 36.9971 26.0055 2.4
    endloop
  endfacet
  facet normal -0.904012 -0.427507 0
    outer loop
      vertex 36.9971 26.0055 95
      vertex 37.2824 25.4022 2.4
      vertex 37.2824 25.4022 95
    endloop
  endfacet
  facet normal 0.671602 0.740912 -0
    outer loop
      vertex -35.3139 1.54353 2.4
      vertex -35.8083 1.99168 95
      vertex -35.3139 1.54353 95
    endloop
  endfacet
  facet normal 0.671602 0.740912 0
    outer loop
      vertex -35.8083 1.99168 95
      vertex -35.3139 1.54353 2.4
      vertex -35.8083 1.99168 2.4
    endloop
  endfacet
  facet normal -0.514121 -0.857718 0
    outer loop
      vertex 34.2055 28.7971 2.4
      vertex 34.7779 28.454 95
      vertex 34.2055 28.7971 95
    endloop
  endfacet
  facet normal -0.514121 -0.857718 -0
    outer loop
      vertex 34.7779 28.454 95
      vertex 34.2055 28.7971 2.4
      vertex 34.7779 28.454 2.4
    endloop
  endfacet
  facet normal -0.427507 -0.904012 0
    outer loop
      vertex 33.6022 29.0824 2.4
      vertex 34.2055 28.7971 95
      vertex 33.6022 29.0824 95
    endloop
  endfacet
  facet normal -0.427507 -0.904012 -0
    outer loop
      vertex 34.2055 28.7971 95
      vertex 33.6022 29.0824 2.4
      vertex 34.2055 28.7971 2.4
    endloop
  endfacet
  facet normal 0.941549 -0.336877 0
    outer loop
      vertex -37.5072 24.7739 95
      vertex -37.2824 25.4022 2.4
      vertex -37.2824 25.4022 95
    endloop
  endfacet
  facet normal 0.941549 -0.336877 0
    outer loop
      vertex -37.2824 25.4022 2.4
      vertex -37.5072 24.7739 95
      vertex -37.5072 24.7739 2.4
    endloop
  endfacet
  facet normal 0.427518 0.904007 -0
    outer loop
      vertex -33.6022 0.51762 2.4
      vertex -34.2055 0.802929 95
      vertex -33.6022 0.51762 95
    endloop
  endfacet
  facet normal 0.427518 0.904007 0
    outer loop
      vertex -34.2055 0.802929 95
      vertex -33.6022 0.51762 2.4
      vertex -34.2055 0.802929 2.4
    endloop
  endfacet
  facet normal -0.998791 0.0491513 0
    outer loop
      vertex 37.7672 6.13348 2.4
      vertex 37.8 6.8 95
      vertex 37.8 6.8 2.4
    endloop
  endfacet
  facet normal -0.998791 0.0491513 0
    outer loop
      vertex 37.8 6.8 95
      vertex 37.7672 6.13348 2.4
      vertex 37.7672 6.13348 95
    endloop
  endfacet
  facet normal 0.80322 0.595683 0
    outer loop
      vertex -36.2565 2.48613 95
      vertex -36.654 3.02212 2.4
      vertex -36.654 3.02212 95
    endloop
  endfacet
  facet normal 0.80322 0.595683 0
    outer loop
      vertex -36.654 3.02212 2.4
      vertex -36.2565 2.48613 95
      vertex -36.2565 2.48613 2.4
    endloop
  endfacet
  facet normal -0.740875 -0.671643 0
    outer loop
      vertex 36.2565 27.1139 2.4
      vertex 35.8083 27.6083 95
      vertex 35.8083 27.6083 2.4
    endloop
  endfacet
  facet normal -0.740875 -0.671643 0
    outer loop
      vertex 35.8083 27.6083 95
      vertex 36.2565 27.1139 2.4
      vertex 36.2565 27.1139 95
    endloop
  endfacet
  facet normal -0.595695 0.803211 0
    outer loop
      vertex 35.3139 1.54353 2.4
      vertex 34.7779 1.14601 95
      vertex 35.3139 1.54353 95
    endloop
  endfacet
  facet normal -0.595695 0.803211 0
    outer loop
      vertex 34.7779 1.14601 95
      vertex 35.3139 1.54353 2.4
      vertex 34.7779 1.14601 2.4
    endloop
  endfacet
  facet normal 0.857706 0.514141 0
    outer loop
      vertex -36.654 3.02212 95
      vertex -36.9971 3.59449 2.4
      vertex -36.9971 3.59449 95
    endloop
  endfacet
  facet normal 0.857706 0.514141 0
    outer loop
      vertex -36.9971 3.59449 2.4
      vertex -36.654 3.02212 95
      vertex -36.654 3.02212 2.4
    endloop
  endfacet
  facet normal -0.98918 0.146706 0
    outer loop
      vertex 37.6693 5.47338 2.4
      vertex 37.7672 6.13348 95
      vertex 37.7672 6.13348 2.4
    endloop
  endfacet
  facet normal -0.98918 0.146706 0
    outer loop
      vertex 37.7672 6.13348 95
      vertex 37.6693 5.47338 2.4
      vertex 37.6693 5.47338 95
    endloop
  endfacet
  facet normal -0.336888 0.941545 0
    outer loop
      vertex 33.6022 0.51762 2.4
      vertex 32.9739 0.292812 95
      vertex 33.6022 0.51762 95
    endloop
  endfacet
  facet normal -0.336888 0.941545 0
    outer loop
      vertex 32.9739 0.292812 95
      vertex 33.6022 0.51762 2.4
      vertex 32.9739 0.292812 2.4
    endloop
  endfacet
  facet normal 0.970047 0.242916 0
    outer loop
      vertex -37.5072 4.82606 95
      vertex -37.6693 5.47338 2.4
      vertex -37.6693 5.47338 95
    endloop
  endfacet
  facet normal 0.970047 0.242916 0
    outer loop
      vertex -37.6693 5.47338 2.4
      vertex -37.5072 4.82606 95
      vertex -37.5072 4.82606 2.4
    endloop
  endfacet
  facet normal -0.80322 0.595683 0
    outer loop
      vertex 36.2565 2.48613 2.4
      vertex 36.654 3.02212 95
      vertex 36.654 3.02212 2.4
    endloop
  endfacet
  facet normal -0.80322 0.595683 0
    outer loop
      vertex 36.654 3.02212 95
      vertex 36.2565 2.48613 2.4
      vertex 36.2565 2.48613 95
    endloop
  endfacet
  facet normal -0.427518 0.904007 0
    outer loop
      vertex 34.2055 0.802929 2.4
      vertex 33.6022 0.51762 95
      vertex 34.2055 0.802929 95
    endloop
  endfacet
  facet normal -0.427518 0.904007 0
    outer loop
      vertex 33.6022 0.51762 95
      vertex 34.2055 0.802929 2.4
      vertex 33.6022 0.51762 2.4
    endloop
  endfacet
  facet normal -1 0 0
    outer loop
      vertex 23 -2.4 14
      vertex 23 -2.86102e-06 95
      vertex 23 -2.86102e-06 14
    endloop
  endfacet
  facet normal -1 -0 0
    outer loop
      vertex 23 -2.86102e-06 95
      vertex 23 -2.4 14
      vertex 23 -2.4 95
    endloop
  endfacet
  facet normal -0 0 1
    outer loop
      vertex -23 -2.86102e-06 14
      vertex 23 -2.4 14
      vertex 23 -2.86102e-06 14
    endloop
  endfacet
  facet normal 0 0 1
    outer loop
      vertex 23 -2.4 14
      vertex -23 -2.86102e-06 14
      vertex -23 -2.4 14
    endloop
  endfacet
  facet normal 1 -0 0
    outer loop
      vertex -23 -2.4 95
      vertex -23 -2.86102e-06 14
      vertex -23 -2.86102e-06 95
    endloop
  endfacet
  facet normal 1 0 0
    outer loop
      vertex -23 -2.86102e-06 14
      vertex -23 -2.4 95
      vertex -23 -2.4 14
    endloop
  endfacet
  facet normal -0.049061 0.998796 0
    outer loop
      vertex 23.1921 4.01927 0
      vertex 22.8 4.00001 2.4
      vertex 23.1921 4.01927 2.4
    endloop
  endfacet
  facet normal -0.049061 0.998796 0
    outer loop
      vertex 22.8 4.00001 2.4
      vertex 23.1921 4.01927 0
      vertex 22.8 4.00001 0
    endloop
  endfacet
  facet normal -1 0 0
    outer loop
      vertex 26.8 8.00001 0
      vertex 26.8 21.6 2.4
      vertex 26.8 21.6 0
    endloop
  endfacet
  facet normal -1 -0 0
    outer loop
      vertex 26.8 21.6 2.4
      vertex 26.8 8.00001 0
      vertex 26.8 8.00001 2.4
    endloop
  endfacet
  facet normal 0.989176 -0.146733 0
    outer loop
      vertex -26.7807 21.9921 2.4
      vertex -26.7231 22.3804 0
      vertex -26.7231 22.3804 2.4
    endloop
  endfacet
  facet normal 0.989176 -0.146733 0
    outer loop
      vertex -26.7231 22.3804 0
      vertex -26.7807 21.9921 2.4
      vertex -26.7807 21.9921 0
    endloop
  endfacet
  facet normal 0.146733 0.989176 -0
    outer loop
      vertex -23.1921 4.01927 0
      vertex -23.5804 4.07687 2.4
      vertex -23.1921 4.01927 2.4
    endloop
  endfacet
  facet normal 0.146733 0.989176 0
    outer loop
      vertex -23.5804 4.07687 2.4
      vertex -23.1921 4.01927 0
      vertex -23.5804 4.07687 0
    endloop
  endfacet
  facet normal 1 -0 0
    outer loop
      vertex -26.8 8.00001 2.4
      vertex -26.8 21.6 0
      vertex -26.8 21.6 2.4
    endloop
  endfacet
  facet normal 1 0 0
    outer loop
      vertex -26.8 21.6 0
      vertex -26.8 8.00001 2.4
      vertex -26.8 8.00001 0
    endloop
  endfacet
  facet normal 0 -1 0
    outer loop
      vertex -22.8 25.6 0
      vertex 22.8 25.6 2.4
      vertex -22.8 25.6 2.4
    endloop
  endfacet
  facet normal 0 -1 -0
    outer loop
      vertex 22.8 25.6 2.4
      vertex -22.8 25.6 0
      vertex 22.8 25.6 0
    endloop
  endfacet
  facet normal 0.94158 -0.336788 0
    outer loop
      vertex -26.6277 22.7611 2.4
      vertex -26.4955 23.1307 0
      vertex -26.4955 23.1307 2.4
    endloop
  endfacet
  facet normal 0.94158 -0.336788 0
    outer loop
      vertex -26.4955 23.1307 0
      vertex -26.6277 22.7611 2.4
      vertex -26.6277 22.7611 0
    endloop
  endfacet
  facet normal -0.740908 -0.671607 0
    outer loop
      vertex 25.892 24.1376 0
      vertex 25.6284 24.4284 2.4
      vertex 25.6284 24.4284 0
    endloop
  endfacet
  facet normal -0.740908 -0.671607 0
    outer loop
      vertex 25.6284 24.4284 2.4
      vertex 25.892 24.1376 0
      vertex 25.892 24.1376 2.4
    endloop
  endfacet
  facet normal 0.671607 -0.740908 0
    outer loop
      vertex -25.6284 24.4284 0
      vertex -25.3376 24.692 2.4
      vertex -25.6284 24.4284 2.4
    endloop
  endfacet
  facet normal 0.671607 -0.740908 0
    outer loop
      vertex -25.3376 24.692 2.4
      vertex -25.6284 24.4284 0
      vertex -25.3376 24.692 0
    endloop
  endfacet
  facet normal -0.514084 0.85774 0
    outer loop
      vertex 25.0223 4.67413 0
      vertex 24.6856 4.47233 2.4
      vertex 25.0223 4.67413 2.4
    endloop
  endfacet
  facet normal -0.514084 0.85774 0
    outer loop
      vertex 24.6856 4.47233 2.4
      vertex 25.0223 4.67413 0
      vertex 24.6856 4.47233 0
    endloop
  endfacet
  facet normal -0.904025 0.42748 0
    outer loop
      vertex 26.3277 6.11442 0
      vertex 26.4955 6.46928 2.4
      vertex 26.4955 6.46928 0
    endloop
  endfacet
  facet normal -0.904025 0.42748 0
    outer loop
      vertex 26.4955 6.46928 2.4
      vertex 26.3277 6.11442 0
      vertex 26.3277 6.11442 2.4
    endloop
  endfacet
  facet normal 0 1 -0
    outer loop
      vertex 22.8 4.00001 0
      vertex -22.8 4.00001 2.4
      vertex 22.8 4.00001 2.4
    endloop
  endfacet
  facet normal 0 1 0
    outer loop
      vertex -22.8 4.00001 2.4
      vertex 22.8 4.00001 0
      vertex -22.8 4.00001 0
    endloop
  endfacet
  facet normal 0.0491626 -0.998791 0
    outer loop
      vertex -23.1921 25.5807 0
      vertex -22.8 25.6 2.4
      vertex -23.1921 25.5807 2.4
    endloop
  endfacet
  facet normal 0.0491626 -0.998791 0
    outer loop
      vertex -22.8 25.6 2.4
      vertex -23.1921 25.5807 0
      vertex -22.8 25.6 0
    endloop
  endfacet
  facet normal -0.336901 0.94154 0
    outer loop
      vertex 24.3307 4.3045 0
      vertex 23.9611 4.17225 2.4
      vertex 24.3307 4.3045 2.4
    endloop
  endfacet
  facet normal -0.336901 0.94154 0
    outer loop
      vertex 23.9611 4.17225 2.4
      vertex 24.3307 4.3045 0
      vertex 23.9611 4.17225 0
    endloop
  endfacet
  facet normal 0.857727 0.514106 0
    outer loop
      vertex -26.1259 5.77774 2.4
      vertex -26.3277 6.11442 0
      vertex -26.3277 6.11442 2.4
    endloop
  endfacet
  facet normal 0.857727 0.514106 0
    outer loop
      vertex -26.3277 6.11442 0
      vertex -26.1259 5.77774 2.4
      vertex -26.1259 5.77774 0
    endloop
  endfacet
  facet normal -0.671621 0.740895 0
    outer loop
      vertex 25.6284 5.17158 0
      vertex 25.3376 4.90797 2.4
      vertex 25.6284 5.17158 2.4
    endloop
  endfacet
  facet normal -0.671621 0.740895 0
    outer loop
      vertex 25.3376 4.90797 2.4
      vertex 25.6284 5.17158 0
      vertex 25.3376 4.90797 0
    endloop
  endfacet
  facet normal 0.514084 -0.85774 0
    outer loop
      vertex -25.0223 24.9259 0
      vertex -24.6856 25.1277 2.4
      vertex -25.0223 24.9259 2.4
    endloop
  endfacet
  facet normal 0.514084 -0.85774 0
    outer loop
      vertex -24.6856 25.1277 2.4
      vertex -25.0223 24.9259 0
      vertex -24.6856 25.1277 0
    endloop
  endfacet
  facet normal 0.146733 -0.989176 0
    outer loop
      vertex -23.5804 25.5231 0
      vertex -23.1921 25.5807 2.4
      vertex -23.5804 25.5231 2.4
    endloop
  endfacet
  facet normal 0.146733 -0.989176 0
    outer loop
      vertex -23.1921 25.5807 2.4
      vertex -23.5804 25.5231 0
      vertex -23.1921 25.5807 0
    endloop
  endfacet
  facet normal 0.049061 0.998796 -0
    outer loop
      vertex -22.8 4.00001 0
      vertex -23.1921 4.01927 2.4
      vertex -22.8 4.00001 2.4
    endloop
  endfacet
  facet normal 0.049061 0.998796 0
    outer loop
      vertex -23.1921 4.01927 2.4
      vertex -22.8 4.00001 0
      vertex -23.1921 4.01927 0
    endloop
  endfacet
  facet normal -0.0491626 -0.998791 0
    outer loop
      vertex 22.8 25.6 0
      vertex 23.1921 25.5807 2.4
      vertex 22.8 25.6 2.4
    endloop
  endfacet
  facet normal -0.0491626 -0.998791 -0
    outer loop
      vertex 23.1921 25.5807 2.4
      vertex 22.8 25.6 0
      vertex 23.1921 25.5807 0
    endloop
  endfacet
  facet normal 0.243027 0.970019 -0
    outer loop
      vertex -23.5804 4.07687 0
      vertex -23.9611 4.17225 2.4
      vertex -23.5804 4.07687 2.4
    endloop
  endfacet
  facet normal 0.243027 0.970019 0
    outer loop
      vertex -23.9611 4.17225 2.4
      vertex -23.5804 4.07687 0
      vertex -23.9611 4.17225 0
    endloop
  endfacet
  facet normal -0.595695 0.80321 0
    outer loop
      vertex 25.3376 4.90797 0
      vertex 25.0223 4.67413 2.4
      vertex 25.3376 4.90797 2.4
    endloop
  endfacet
  facet normal -0.595695 0.80321 0
    outer loop
      vertex 25.0223 4.67413 2.4
      vertex 25.3376 4.90797 0
      vertex 25.0223 4.67413 0
    endloop
  endfacet
  facet normal 0.989176 0.146737 0
    outer loop
      vertex -26.7231 7.21965 2.4
      vertex -26.7807 7.60794 0
      vertex -26.7807 7.60794 2.4
    endloop
  endfacet
  facet normal 0.989176 0.146737 0
    outer loop
      vertex -26.7807 7.60794 0
      vertex -26.7231 7.21965 2.4
      vertex -26.7231 7.21965 0
    endloop
  endfacet
  facet normal -0.85774 -0.514084 0
    outer loop
      vertex 26.3277 23.4856 0
      vertex 26.1259 23.8223 2.4
      vertex 26.1259 23.8223 0
    endloop
  endfacet
  facet normal -0.85774 -0.514084 0
    outer loop
      vertex 26.1259 23.8223 2.4
      vertex 26.3277 23.4856 0
      vertex 26.3277 23.4856 2.4
    endloop
  endfacet
  facet normal 0.998791 -0.0491626 0
    outer loop
      vertex -26.8 21.6 2.4
      vertex -26.7807 21.9921 0
      vertex -26.7807 21.9921 2.4
    endloop
  endfacet
  facet normal 0.998791 -0.0491626 0
    outer loop
      vertex -26.7807 21.9921 0
      vertex -26.8 21.6 2.4
      vertex -26.8 21.6 0
    endloop
  endfacet
  facet normal 0.427503 0.904014 -0
    outer loop
      vertex -24.3307 4.3045 0
      vertex -24.6856 4.47233 2.4
      vertex -24.3307 4.3045 2.4
    endloop
  endfacet
  facet normal 0.427503 0.904014 0
    outer loop
      vertex -24.6856 4.47233 2.4
      vertex -24.3307 4.3045 0
      vertex -24.6856 4.47233 0
    endloop
  endfacet
  facet normal -0.243075 -0.970007 0
    outer loop
      vertex 23.5804 25.5231 0
      vertex 23.9611 25.4277 2.4
      vertex 23.5804 25.5231 2.4
    endloop
  endfacet
  facet normal -0.243075 -0.970007 -0
    outer loop
      vertex 23.9611 25.4277 2.4
      vertex 23.5804 25.5231 0
      vertex 23.9611 25.4277 0
    endloop
  endfacet
  facet normal -0.970018 0.243033 0
    outer loop
      vertex 26.6277 6.83888 0
      vertex 26.7231 7.21965 2.4
      vertex 26.7231 7.21965 0
    endloop
  endfacet
  facet normal -0.970018 0.243033 0
    outer loop
      vertex 26.7231 7.21965 2.4
      vertex 26.6277 6.83888 0
      vertex 26.6277 6.83888 2.4
    endloop
  endfacet
  facet normal -0.336788 -0.94158 0
    outer loop
      vertex 23.9611 25.4277 0
      vertex 24.3307 25.2955 2.4
      vertex 23.9611 25.4277 2.4
    endloop
  endfacet
  facet normal -0.336788 -0.94158 -0
    outer loop
      vertex 24.3307 25.2955 2.4
      vertex 23.9611 25.4277 0
      vertex 24.3307 25.2955 0
    endloop
  endfacet
  facet normal 0.595695 0.80321 -0
    outer loop
      vertex -25.0223 4.67413 0
      vertex -25.3376 4.90797 2.4
      vertex -25.0223 4.67413 2.4
    endloop
  endfacet
  facet normal 0.595695 0.80321 0
    outer loop
      vertex -25.3376 4.90797 2.4
      vertex -25.0223 4.67413 0
      vertex -25.3376 4.90797 0
    endloop
  endfacet
  facet normal 0.998791 0.0491664 0
    outer loop
      vertex -26.7807 7.60794 2.4
      vertex -26.8 8.00001 0
      vertex -26.8 8.00001 2.4
    endloop
  endfacet
  facet normal 0.998791 0.0491664 0
    outer loop
      vertex -26.8 8.00001 0
      vertex -26.7807 7.60794 2.4
      vertex -26.7807 7.60794 0
    endloop
  endfacet
  facet normal -0.146733 -0.989176 0
    outer loop
      vertex 23.1921 25.5807 0
      vertex 23.5804 25.5231 2.4
      vertex 23.1921 25.5807 2.4
    endloop
  endfacet
  facet normal -0.146733 -0.989176 -0
    outer loop
      vertex 23.5804 25.5231 2.4
      vertex 23.1921 25.5807 0
      vertex 23.5804 25.5231 0
    endloop
  endfacet
  facet normal -0.427503 0.904014 0
    outer loop
      vertex 24.6856 4.47233 0
      vertex 24.3307 4.3045 2.4
      vertex 24.6856 4.47233 2.4
    endloop
  endfacet
  facet normal -0.427503 0.904014 0
    outer loop
      vertex 24.3307 4.3045 2.4
      vertex 24.6856 4.47233 0
      vertex 24.3307 4.3045 0
    endloop
  endfacet
  facet normal -0.970007 -0.243075 0
    outer loop
      vertex 26.7231 22.3804 0
      vertex 26.6277 22.7611 2.4
      vertex 26.6277 22.7611 0
    endloop
  endfacet
  facet normal -0.970007 -0.243075 0
    outer loop
      vertex 26.6277 22.7611 2.4
      vertex 26.7231 22.3804 0
      vertex 26.7231 22.3804 2.4
    endloop
  endfacet
  facet normal 0.970007 -0.243075 0
    outer loop
      vertex -26.7231 22.3804 2.4
      vertex -26.6277 22.7611 0
      vertex -26.6277 22.7611 2.4
    endloop
  endfacet
  facet normal 0.970007 -0.243075 0
    outer loop
      vertex -26.6277 22.7611 0
      vertex -26.7231 22.3804 2.4
      vertex -26.7231 22.3804 0
    endloop
  endfacet
  facet normal -0.595794 -0.803137 0
    outer loop
      vertex 25.0223 24.9259 0
      vertex 25.3376 24.692 2.4
      vertex 25.0223 24.9259 2.4
    endloop
  endfacet
  facet normal -0.595794 -0.803137 -0
    outer loop
      vertex 25.3376 24.692 2.4
      vertex 25.0223 24.9259 0
      vertex 25.3376 24.692 0
    endloop
  endfacet
  facet normal 0.514084 0.85774 -0
    outer loop
      vertex -24.6856 4.47233 0
      vertex -25.0223 4.67413 2.4
      vertex -24.6856 4.47233 2.4
    endloop
  endfacet
  facet normal 0.514084 0.85774 0
    outer loop
      vertex -25.0223 4.67413 2.4
      vertex -24.6856 4.47233 0
      vertex -25.0223 4.67413 0
    endloop
  endfacet
  facet normal 0.243075 -0.970007 0
    outer loop
      vertex -23.9611 25.4277 0
      vertex -23.5804 25.5231 2.4
      vertex -23.9611 25.4277 2.4
    endloop
  endfacet
  facet normal 0.243075 -0.970007 0
    outer loop
      vertex -23.5804 25.5231 2.4
      vertex -23.9611 25.4277 0
      vertex -23.5804 25.5231 0
    endloop
  endfacet
  facet normal -0.904044 -0.42744 0
    outer loop
      vertex 26.4955 23.1307 0
      vertex 26.3277 23.4856 2.4
      vertex 26.3277 23.4856 0
    endloop
  endfacet
  facet normal -0.904044 -0.42744 0
    outer loop
      vertex 26.3277 23.4856 2.4
      vertex 26.4955 23.1307 0
      vertex 26.4955 23.1307 2.4
    endloop
  endfacet
  facet normal -0.998791 0.0491664 0
    outer loop
      vertex 26.7807 7.60794 0
      vertex 26.8 8.00001 2.4
      vertex 26.8 8.00001 0
    endloop
  endfacet
  facet normal -0.998791 0.0491664 0
    outer loop
      vertex 26.8 8.00001 2.4
      vertex 26.7807 7.60794 0
      vertex 26.7807 7.60794 2.4
    endloop
  endfacet
  facet normal -0.989176 0.146737 0
    outer loop
      vertex 26.7231 7.21965 0
      vertex 26.7807 7.60794 2.4
      vertex 26.7807 7.60794 0
    endloop
  endfacet
  facet normal -0.989176 0.146737 0
    outer loop
      vertex 26.7807 7.60794 2.4
      vertex 26.7231 7.21965 0
      vertex 26.7231 7.21965 2.4
    endloop
  endfacet
  facet normal 0.595794 -0.803137 0
    outer loop
      vertex -25.3376 24.692 0
      vertex -25.0223 24.9259 2.4
      vertex -25.3376 24.692 2.4
    endloop
  endfacet
  facet normal 0.595794 -0.803137 0
    outer loop
      vertex -25.0223 24.9259 2.4
      vertex -25.3376 24.692 0
      vertex -25.0223 24.9259 0
    endloop
  endfacet
  facet normal 0.970018 0.243033 0
    outer loop
      vertex -26.6277 6.83888 2.4
      vertex -26.7231 7.21965 0
      vertex -26.7231 7.21965 2.4
    endloop
  endfacet
  facet normal 0.970018 0.243033 0
    outer loop
      vertex -26.7231 7.21965 0
      vertex -26.6277 6.83888 2.4
      vertex -26.6277 6.83888 0
    endloop
  endfacet
  facet normal 0.904044 -0.42744 0
    outer loop
      vertex -26.4955 23.1307 2.4
      vertex -26.3277 23.4856 0
      vertex -26.3277 23.4856 2.4
    endloop
  endfacet
  facet normal 0.904044 -0.42744 0
    outer loop
      vertex -26.3277 23.4856 0
      vertex -26.4955 23.1307 2.4
      vertex -26.4955 23.1307 0
    endloop
  endfacet
  facet normal 0.336901 0.94154 -0
    outer loop
      vertex -23.9611 4.17225 0
      vertex -24.3307 4.3045 2.4
      vertex -23.9611 4.17225 2.4
    endloop
  endfacet
  facet normal 0.336901 0.94154 0
    outer loop
      vertex -24.3307 4.3045 2.4
      vertex -23.9611 4.17225 0
      vertex -24.3307 4.3045 0
    endloop
  endfacet
  facet normal 0.42744 -0.904044 0
    outer loop
      vertex -24.6856 25.1277 0
      vertex -24.3307 25.2955 2.4
      vertex -24.6856 25.1277 2.4
    endloop
  endfacet
  facet normal 0.42744 -0.904044 0
    outer loop
      vertex -24.3307 25.2955 2.4
      vertex -24.6856 25.1277 0
      vertex -24.3307 25.2955 0
    endloop
  endfacet
  facet normal -0.671607 -0.740908 0
    outer loop
      vertex 25.3376 24.692 0
      vertex 25.6284 24.4284 2.4
      vertex 25.3376 24.692 2.4
    endloop
  endfacet
  facet normal -0.671607 -0.740908 -0
    outer loop
      vertex 25.6284 24.4284 2.4
      vertex 25.3376 24.692 0
      vertex 25.6284 24.4284 0
    endloop
  endfacet
  facet normal 0.803137 -0.595794 0
    outer loop
      vertex -26.1259 23.8223 2.4
      vertex -25.892 24.1376 0
      vertex -25.892 24.1376 2.4
    endloop
  endfacet
  facet normal 0.803137 -0.595794 0
    outer loop
      vertex -25.892 24.1376 0
      vertex -26.1259 23.8223 2.4
      vertex -26.1259 23.8223 0
    endloop
  endfacet
  facet normal -0.998791 -0.0491626 0
    outer loop
      vertex 26.8 21.6 0
      vertex 26.7807 21.9921 2.4
      vertex 26.7807 21.9921 0
    endloop
  endfacet
  facet normal -0.998791 -0.0491626 0
    outer loop
      vertex 26.7807 21.9921 2.4
      vertex 26.8 21.6 0
      vertex 26.8 21.6 2.4
    endloop
  endfacet
  facet normal -0.514084 -0.85774 0
    outer loop
      vertex 24.6856 25.1277 0
      vertex 25.0223 24.9259 2.4
      vertex 24.6856 25.1277 2.4
    endloop
  endfacet
  facet normal -0.514084 -0.85774 -0
    outer loop
      vertex 25.0223 24.9259 2.4
      vertex 24.6856 25.1277 0
      vertex 25.0223 24.9259 0
    endloop
  endfacet
  facet normal 0.336788 -0.94158 0
    outer loop
      vertex -24.3307 25.2955 0
      vertex -23.9611 25.4277 2.4
      vertex -24.3307 25.2955 2.4
    endloop
  endfacet
  facet normal 0.336788 -0.94158 0
    outer loop
      vertex -23.9611 25.4277 2.4
      vertex -24.3307 25.2955 0
      vertex -23.9611 25.4277 0
    endloop
  endfacet
  facet normal 0.85774 -0.514084 0
    outer loop
      vertex -26.3277 23.4856 2.4
      vertex -26.1259 23.8223 0
      vertex -26.1259 23.8223 2.4
    endloop
  endfacet
  facet normal 0.85774 -0.514084 0
    outer loop
      vertex -26.1259 23.8223 0
      vertex -26.3277 23.4856 2.4
      vertex -26.3277 23.4856 0
    endloop
  endfacet
  facet normal 0.740977 0.671531 0
    outer loop
      vertex -25.6284 5.17158 2.4
      vertex -25.892 5.46244 0
      vertex -25.892 5.46244 2.4
    endloop
  endfacet
  facet normal 0.740977 0.671531 0
    outer loop
      vertex -25.892 5.46244 0
      vertex -25.6284 5.17158 2.4
      vertex -25.6284 5.17158 0
    endloop
  endfacet
  facet normal 0.803137 0.595794 0
    outer loop
      vertex -25.892 5.46244 2.4
      vertex -26.1259 5.77774 0
      vertex -26.1259 5.77774 2.4
    endloop
  endfacet
  facet normal 0.803137 0.595794 0
    outer loop
      vertex -26.1259 5.77774 0
      vertex -25.892 5.46244 2.4
      vertex -25.892 5.46244 0
    endloop
  endfacet
  facet normal -0.740977 0.671531 0
    outer loop
      vertex 25.6284 5.17158 0
      vertex 25.892 5.46244 2.4
      vertex 25.892 5.46244 0
    endloop
  endfacet
  facet normal -0.740977 0.671531 0
    outer loop
      vertex 25.892 5.46244 2.4
      vertex 25.6284 5.17158 0
      vertex 25.6284 5.17158 2.4
    endloop
  endfacet
  facet normal -0.146733 0.989176 0
    outer loop
      vertex 23.5804 4.07687 0
      vertex 23.1921 4.01927 2.4
      vertex 23.5804 4.07687 2.4
    endloop
  endfacet
  facet normal -0.146733 0.989176 0
    outer loop
      vertex 23.1921 4.01927 2.4
      vertex 23.5804 4.07687 0
      vertex 23.1921 4.01927 0
    endloop
  endfacet
  facet normal 0.671621 0.740895 -0
    outer loop
      vertex -25.3376 4.90797 0
      vertex -25.6284 5.17158 2.4
      vertex -25.3376 4.90797 2.4
    endloop
  endfacet
  facet normal 0.671621 0.740895 0
    outer loop
      vertex -25.6284 5.17158 2.4
      vertex -25.3376 4.90797 0
      vertex -25.6284 5.17158 0
    endloop
  endfacet
  facet normal -0.803137 -0.595794 0
    outer loop
      vertex 26.1259 23.8223 0
      vertex 25.892 24.1376 2.4
      vertex 25.892 24.1376 0
    endloop
  endfacet
  facet normal -0.803137 -0.595794 0
    outer loop
      vertex 25.892 24.1376 2.4
      vertex 26.1259 23.8223 0
      vertex 26.1259 23.8223 2.4
    endloop
  endfacet
  facet normal 0.94158 0.336788 0
    outer loop
      vertex -26.4955 6.46928 2.4
      vertex -26.6277 6.83888 0
      vertex -26.6277 6.83888 2.4
    endloop
  endfacet
  facet normal 0.94158 0.336788 0
    outer loop
      vertex -26.6277 6.83888 0
      vertex -26.4955 6.46928 2.4
      vertex -26.4955 6.46928 0
    endloop
  endfacet
  facet normal 0.904025 0.42748 0
    outer loop
      vertex -26.3277 6.11442 2.4
      vertex -26.4955 6.46928 0
      vertex -26.4955 6.46928 2.4
    endloop
  endfacet
  facet normal 0.904025 0.42748 0
    outer loop
      vertex -26.4955 6.46928 0
      vertex -26.3277 6.11442 2.4
      vertex -26.3277 6.11442 0
    endloop
  endfacet
  facet normal -0.857727 0.514106 0
    outer loop
      vertex 26.1259 5.77774 0
      vertex 26.3277 6.11442 2.4
      vertex 26.3277 6.11442 0
    endloop
  endfacet
  facet normal -0.857727 0.514106 0
    outer loop
      vertex 26.3277 6.11442 2.4
      vertex 26.1259 5.77774 0
      vertex 26.1259 5.77774 2.4
    endloop
  endfacet
  facet normal 0.740908 -0.671607 0
    outer loop
      vertex -25.892 24.1376 2.4
      vertex -25.6284 24.4284 0
      vertex -25.6284 24.4284 2.4
    endloop
  endfacet
  facet normal 0.740908 -0.671607 0
    outer loop
      vertex -25.6284 24.4284 0
      vertex -25.892 24.1376 2.4
      vertex -25.892 24.1376 0
    endloop
  endfacet
  facet normal -0.243027 0.970019 0
    outer loop
      vertex 23.9611 4.17225 0
      vertex 23.5804 4.07687 2.4
      vertex 23.9611 4.17225 2.4
    endloop
  endfacet
  facet normal -0.243027 0.970019 0
    outer loop
      vertex 23.5804 4.07687 2.4
      vertex 23.9611 4.17225 0
      vertex 23.5804 4.07687 0
    endloop
  endfacet
  facet normal -0.989176 -0.146733 0
    outer loop
      vertex 26.7807 21.9921 0
      vertex 26.7231 22.3804 2.4
      vertex 26.7231 22.3804 0
    endloop
  endfacet
  facet normal -0.989176 -0.146733 0
    outer loop
      vertex 26.7231 22.3804 2.4
      vertex 26.7807 21.9921 0
      vertex 26.7807 21.9921 2.4
    endloop
  endfacet
  facet normal -0.42744 -0.904044 0
    outer loop
      vertex 24.3307 25.2955 0
      vertex 24.6856 25.1277 2.4
      vertex 24.3307 25.2955 2.4
    endloop
  endfacet
  facet normal -0.42744 -0.904044 -0
    outer loop
      vertex 24.6856 25.1277 2.4
      vertex 24.3307 25.2955 0
      vertex 24.6856 25.1277 0
    endloop
  endfacet
  facet normal -0.94158 0.336788 0
    outer loop
      vertex 26.4955 6.46928 0
      vertex 26.6277 6.83888 2.4
      vertex 26.6277 6.83888 0
    endloop
  endfacet
  facet normal -0.94158 0.336788 0
    outer loop
      vertex 26.6277 6.83888 2.4
      vertex 26.4955 6.46928 0
      vertex 26.4955 6.46928 2.4
    endloop
  endfacet
  facet normal -0.803137 0.595794 0
    outer loop
      vertex 25.892 5.46244 0
      vertex 26.1259 5.77774 2.4
      vertex 26.1259 5.77774 0
    endloop
  endfacet
  facet normal -0.803137 0.595794 0
    outer loop
      vertex 26.1259 5.77774 2.4
      vertex 25.892 5.46244 0
      vertex 25.892 5.46244 2.4
    endloop
  endfacet
  facet normal -0.94158 -0.336788 0
    outer loop
      vertex 26.6277 22.7611 0
      vertex 26.4955 23.1307 2.4
      vertex 26.4955 23.1307 0
    endloop
  endfacet
  facet normal -0.94158 -0.336788 0
    outer loop
      vertex 26.4955 23.1307 2.4
      vertex 26.6277 22.7611 0
      vertex 26.6277 22.7611 2.4
    endloop
  endfacet
  facet normal 0.989177 0 -0.146726
    outer loop
      vertex 10.9968 35 73.9169
      vertex 10.8377 49 72.8443
      vertex 10.9968 49 73.9169
    endloop
  endfacet
  facet normal 0.989177 0 -0.146726
    outer loop
      vertex 10.8377 49 72.8443
      vertex 10.9968 35 73.9169
      vertex 10.8377 35 72.8443
    endloop
  endfacet
  facet normal 0.998796 0 -0.0490591
    outer loop
      vertex 11.05 35 75
      vertex 10.9968 49 73.9169
      vertex 11.05 49 75
    endloop
  endfacet
  facet normal 0.998796 0 -0.0490591
    outer loop
      vertex 10.9968 49 73.9169
      vertex 11.05 35 75
      vertex 10.9968 35 73.9169
    endloop
  endfacet
  facet normal 0.970028 0 -0.242991
    outer loop
      vertex 10.8377 35 72.8443
      vertex 10.5742 49 71.7924
      vertex 10.8377 49 72.8443
    endloop
  endfacet
  facet normal 0.970028 0 -0.242991
    outer loop
      vertex 10.5742 49 71.7924
      vertex 10.8377 35 72.8443
      vertex 10.5742 35 71.7924
    endloop
  endfacet
  facet normal 0.998796 -0 0.0490591
    outer loop
      vertex 10.9968 35 76.0831
      vertex 11.05 49 75
      vertex 10.9968 49 76.0831
    endloop
  endfacet
  facet normal 0.998796 0 0.0490591
    outer loop
      vertex 11.05 49 75
      vertex 10.9968 35 76.0831
      vertex 11.05 35 75
    endloop
  endfacet
  facet normal 0.514108 0 0.857726
    outer loop
      vertex 5.20893 49 84.7452
      vertex 6.13905 35 84.1877
      vertex 6.13905 49 84.1877
    endloop
  endfacet
  facet normal 0.514108 0 0.857726
    outer loop
      vertex 6.13905 35 84.1877
      vertex 5.20893 49 84.7452
      vertex 5.20893 35 84.7452
    endloop
  endfacet
  facet normal -0.857749 0 0.514069
    outer loop
      vertex -9.74523 35 80.2089
      vertex -9.18774 49 81.1391
      vertex -9.74523 49 80.2089
    endloop
  endfacet
  facet normal -0.857749 0 0.514069
    outer loop
      vertex -9.18774 49 81.1391
      vertex -9.74523 35 80.2089
      vertex -9.18774 35 81.1391
    endloop
  endfacet
  facet normal 0.146718 0 -0.989178
    outer loop
      vertex 1.08309 38.7 64.0032
      vertex 2.15575 42 64.1623
      vertex 2.15575 38.7 64.1623
    endloop
  endfacet
  facet normal 0.146718 0 -0.989178
    outer loop
      vertex 2.15575 42 64.1623
      vertex 1.08309 38.7 64.0032
      vertex 1.08309 42 64.0032
    endloop
  endfacet
  facet normal 0.857749 -0 0.514069
    outer loop
      vertex 9.18774 35 81.1391
      vertex 9.74523 49 80.2089
      vertex 9.18774 49 81.1391
    endloop
  endfacet
  facet normal 0.857749 0 0.514069
    outer loop
      vertex 9.74523 49 80.2089
      vertex 9.18774 35 81.1391
      vertex 9.74523 35 80.2089
    endloop
  endfacet
  facet normal 0.803178 0 -0.595739
    outer loop
      vertex 9.18774 35 68.8609
      vertex 8.54177 49 67.99
      vertex 9.18774 49 68.8609
    endloop
  endfacet
  facet normal 0.803178 0 -0.595739
    outer loop
      vertex 8.54177 49 67.99
      vertex 9.18774 35 68.8609
      vertex 8.54177 35 67.99
    endloop
  endfacet
  facet normal -0.0490596 0 -0.998796
    outer loop
      vertex -1.08309 38.7 64.0032
      vertex 0 42 63.95
      vertex 0 38.7 63.95
    endloop
  endfacet
  facet normal -0.0490596 0 -0.998796
    outer loop
      vertex 0 42 63.95
      vertex -1.08309 38.7 64.0032
      vertex -1.08309 42 64.0032
    endloop
  endfacet
  facet normal 0 1 0
    outer loop
      vertex 0 49 82
      vertex 0 49 86.05
      vertex 1.08309 49 85.9968
    endloop
  endfacet
  facet normal 0 1 0
    outer loop
      vertex 0.686119 49 81.9663
      vertex 1.08309 49 85.9968
      vertex 2.15575 49 85.8377
    endloop
  endfacet
  facet normal 0 1 0
    outer loop
      vertex 0 49 86.05
      vertex 0 49 82
      vertex -1.08309 49 85.9968
    endloop
  endfacet
  facet normal 0 1 0
    outer loop
      vertex 1.36563 49 81.8655
      vertex 2.15575 49 85.8377
      vertex 3.20765 49 85.5742
    endloop
  endfacet
  facet normal 0 1 -0
    outer loop
      vertex -0.686119 49 81.9663
      vertex -1.08309 49 85.9968
      vertex 0 49 82
    endloop
  endfacet
  facet normal 0 1 0
    outer loop
      vertex 2.03199 49 81.6986
      vertex 3.20765 49 85.5742
      vertex 4.22865 49 85.2089
    endloop
  endfacet
  facet normal 0 1 0
    outer loop
      vertex -1.08309 49 85.9968
      vertex -0.686119 49 81.9663
      vertex -2.15575 49 85.8377
    endloop
  endfacet
  facet normal 0 1 0
    outer loop
      vertex 2.67878 49 81.4672
      vertex 4.22865 49 85.2089
      vertex 5.20893 49 84.7452
    endloop
  endfacet
  facet normal 0 1 -0
    outer loop
      vertex -1.36563 49 81.8655
      vertex -2.15575 49 85.8377
      vertex -0.686119 49 81.9663
    endloop
  endfacet
  facet normal 0 1 0
    outer loop
      vertex 3.29978 49 81.1734
      vertex 5.20893 49 84.7452
      vertex 6.13905 49 84.1877
    endloop
  endfacet
  facet normal 0 1 0
    outer loop
      vertex -2.15575 49 85.8377
      vertex -1.36563 49 81.8655
      vertex -3.20765 49 85.5742
    endloop
  endfacet
  facet normal 0 1 0
    outer loop
      vertex 3.88899 49 80.8203
      vertex 6.13905 49 84.1877
      vertex 7.01005 49 83.5418
    endloop
  endfacet
  facet normal 0 1 -0
    outer loop
      vertex -2.03199 49 81.6986
      vertex -3.20765 49 85.5742
      vertex -1.36563 49 81.8655
    endloop
  endfacet
  facet normal 0 1 0
    outer loop
      vertex 4.44075 49 80.4111
      vertex 7.01005 49 83.5418
      vertex 7.81353 49 82.8135
    endloop
  endfacet
  facet normal 0 1 0
    outer loop
      vertex -3.20765 49 85.5742
      vertex -2.03199 49 81.6986
      vertex -4.22865 49 85.2089
    endloop
  endfacet
  facet normal 0 1 0
    outer loop
      vertex 4.94975 49 79.9497
      vertex 7.81353 49 82.8135
      vertex 8.54177 49 82.01
    endloop
  endfacet
  facet normal 0 1 -0
    outer loop
      vertex -2.67878 49 81.4672
      vertex -4.22865 49 85.2089
      vertex -2.03199 49 81.6986
    endloop
  endfacet
  facet normal 0 1 0
    outer loop
      vertex -4.22865 49 85.2089
      vertex -2.67878 49 81.4672
      vertex -5.20893 49 84.7452
    endloop
  endfacet
  facet normal 0 1 0
    outer loop
      vertex 1.08309 49 85.9968
      vertex 0.686119 49 81.9663
      vertex 0 49 82
    endloop
  endfacet
  facet normal 0 1 0
    outer loop
      vertex 2.15575 49 85.8377
      vertex 1.36563 49 81.8655
      vertex 0.686119 49 81.9663
    endloop
  endfacet
  facet normal 0 1 0
    outer loop
      vertex 3.20765 49 85.5742
      vertex 2.03199 49 81.6986
      vertex 1.36563 49 81.8655
    endloop
  endfacet
  facet normal 0 1 0
    outer loop
      vertex 4.22865 49 85.2089
      vertex 2.67878 49 81.4672
      vertex 2.03199 49 81.6986
    endloop
  endfacet
  facet normal 0 1 0
    outer loop
      vertex 5.20893 49 84.7452
      vertex 3.29978 49 81.1734
      vertex 2.67878 49 81.4672
    endloop
  endfacet
  facet normal 0 1 0
    outer loop
      vertex 5.41107 49 79.4408
      vertex 8.54177 49 82.01
      vertex 9.18774 49 81.1391
    endloop
  endfacet
  facet normal 0 1 0
    outer loop
      vertex 6.13905 49 84.1877
      vertex 3.88899 49 80.8203
      vertex 3.29978 49 81.1734
    endloop
  endfacet
  facet normal 0 1 0
    outer loop
      vertex 7.01005 49 83.5418
      vertex 4.44075 49 80.4111
      vertex 3.88899 49 80.8203
    endloop
  endfacet
  facet normal 0 1 0
    outer loop
      vertex 5.82029 49 78.889
      vertex 9.18774 49 81.1391
      vertex 9.74523 49 80.2089
    endloop
  endfacet
  facet normal 0 1 0
    outer loop
      vertex 7.81353 49 82.8135
      vertex 4.94975 49 79.9497
      vertex 4.44075 49 80.4111
    endloop
  endfacet
  facet normal 0 1 0
    outer loop
      vertex 8.54177 49 82.01
      vertex 5.41107 49 79.4408
      vertex 4.94975 49 79.9497
    endloop
  endfacet
  facet normal 0 1 0
    outer loop
      vertex 6.17345 49 78.2998
      vertex 9.74523 49 80.2089
      vertex 10.2089 49 79.2287
    endloop
  endfacet
  facet normal 0 1 0
    outer loop
      vertex 9.18774 49 81.1391
      vertex 5.82029 49 78.889
      vertex 5.41107 49 79.4408
    endloop
  endfacet
  facet normal 0 1 0
    outer loop
      vertex 9.74523 49 80.2089
      vertex 6.17345 49 78.2998
      vertex 5.82029 49 78.889
    endloop
  endfacet
  facet normal 0 1 0
    outer loop
      vertex 6.46716 49 77.6788
      vertex 10.2089 49 79.2287
      vertex 10.5742 49 78.2076
    endloop
  endfacet
  facet normal 0 1 0
    outer loop
      vertex 10.2089 49 79.2287
      vertex 6.46716 49 77.6788
      vertex 6.17345 49 78.2998
    endloop
  endfacet
  facet normal 0 1 0
    outer loop
      vertex 6.69858 49 77.032
      vertex 10.5742 49 78.2076
      vertex 10.8377 49 77.1557
    endloop
  endfacet
  facet normal 0 1 0
    outer loop
      vertex 10.5742 49 78.2076
      vertex 6.69858 49 77.032
      vertex 6.46716 49 77.6788
    endloop
  endfacet
  facet normal 0 1 0
    outer loop
      vertex 10.8377 49 77.1557
      vertex 6.8655 49 76.3656
      vertex 6.69858 49 77.032
    endloop
  endfacet
  facet normal 0 1 0
    outer loop
      vertex 10.9968 49 76.0831
      vertex 6.8655 49 76.3656
      vertex 10.8377 49 77.1557
    endloop
  endfacet
  facet normal 0 1 0
    outer loop
      vertex 10.9968 49 76.0831
      vertex 6.96629 49 75.6861
      vertex 6.8655 49 76.3656
    endloop
  endfacet
  facet normal 0 1 0
    outer loop
      vertex 11.05 49 75
      vertex 6.96629 49 75.6861
      vertex 10.9968 49 76.0831
    endloop
  endfacet
  facet normal 0 1 0
    outer loop
      vertex 11.05 49 75
      vertex 7 49 75
      vertex 6.96629 49 75.6861
    endloop
  endfacet
  facet normal 0 1 0
    outer loop
      vertex 11.05 49 75
      vertex 6.96629 49 74.3139
      vertex 7 49 75
    endloop
  endfacet
  facet normal 0 1 -0
    outer loop
      vertex 10.9968 49 73.9169
      vertex 6.96629 49 74.3139
      vertex 11.05 49 75
    endloop
  endfacet
  facet normal 0 1 0
    outer loop
      vertex 10.9968 49 73.9169
      vertex 6.8655 49 73.6344
      vertex 6.96629 49 74.3139
    endloop
  endfacet
  facet normal 0 1 -0
    outer loop
      vertex 10.8377 49 72.8443
      vertex 6.8655 49 73.6344
      vertex 10.9968 49 73.9169
    endloop
  endfacet
  facet normal 0 1 0
    outer loop
      vertex 6.8655 49 73.6344
      vertex 10.8377 49 72.8443
      vertex 6.69858 49 72.968
    endloop
  endfacet
  facet normal 0 1 -0
    outer loop
      vertex 10.5742 49 71.7924
      vertex 6.69858 49 72.968
      vertex 10.8377 49 72.8443
    endloop
  endfacet
  facet normal 0 1 0
    outer loop
      vertex 6.69858 49 72.968
      vertex 10.5742 49 71.7924
      vertex 6.46716 49 72.3212
    endloop
  endfacet
  facet normal 0 1 -0
    outer loop
      vertex 10.2089 49 70.7713
      vertex 6.46716 49 72.3212
      vertex 10.5742 49 71.7924
    endloop
  endfacet
  facet normal 0 1 0
    outer loop
      vertex 6.46716 49 72.3212
      vertex 10.2089 49 70.7713
      vertex 6.17345 49 71.7002
    endloop
  endfacet
  facet normal 0 1 -0
    outer loop
      vertex 9.74523 49 69.7911
      vertex 6.17345 49 71.7002
      vertex 10.2089 49 70.7713
    endloop
  endfacet
  facet normal 0 1 0
    outer loop
      vertex 6.17345 49 71.7002
      vertex 9.74523 49 69.7911
      vertex 5.82029 49 71.111
    endloop
  endfacet
  facet normal 0 1 -0
    outer loop
      vertex 9.18774 49 68.8609
      vertex 5.82029 49 71.111
      vertex 9.74523 49 69.7911
    endloop
  endfacet
  facet normal 0 1 0
    outer loop
      vertex 5.82029 49 71.111
      vertex 9.18774 49 68.8609
      vertex 5.41107 49 70.5592
    endloop
  endfacet
  facet normal 0 1 -0
    outer loop
      vertex 8.54177 49 67.99
      vertex 5.41107 49 70.5592
      vertex 9.18774 49 68.8609
    endloop
  endfacet
  facet normal 0 1 0
    outer loop
      vertex 5.41107 49 70.5592
      vertex 8.54177 49 67.99
      vertex 4.94975 49 70.0503
    endloop
  endfacet
  facet normal 0 1 -0
    outer loop
      vertex 7.81353 49 67.1865
      vertex 4.94975 49 70.0503
      vertex 8.54177 49 67.99
    endloop
  endfacet
  facet normal 0 1 0
    outer loop
      vertex 4.94975 49 70.0503
      vertex 7.81353 49 67.1865
      vertex 4.44075 49 69.5889
    endloop
  endfacet
  facet normal 0 1 -0
    outer loop
      vertex 7.01005 49 66.4582
      vertex 4.44075 49 69.5889
      vertex 7.81353 49 67.1865
    endloop
  endfacet
  facet normal 0 1 0
    outer loop
      vertex 4.44075 49 69.5889
      vertex 7.01005 49 66.4582
      vertex 4.34 49 69.5142
    endloop
  endfacet
  facet normal 0 1 -0
    outer loop
      vertex 6.13905 49 65.8123
      vertex 4.34 49 69.5142
      vertex 7.01005 49 66.4582
    endloop
  endfacet
  facet normal 0 1 -0
    outer loop
      vertex 5.20893 49 65.2548
      vertex 4.34 49 69.5142
      vertex 6.13905 49 65.8123
    endloop
  endfacet
  facet normal 0 1 0
    outer loop
      vertex 4.34 49 69.5142
      vertex 5.20893 49 65.2548
      vertex 4.34 49 64.8438
    endloop
  endfacet
  facet normal 0 1 -0
    outer loop
      vertex -3.29978 49 81.1734
      vertex -5.20893 49 84.7452
      vertex -2.67878 49 81.4672
    endloop
  endfacet
  facet normal 0 1 0
    outer loop
      vertex -5.20893 49 84.7452
      vertex -3.29978 49 81.1734
      vertex -6.13905 49 84.1877
    endloop
  endfacet
  facet normal 0 1 -0
    outer loop
      vertex -3.88899 49 80.8203
      vertex -6.13905 49 84.1877
      vertex -3.29978 49 81.1734
    endloop
  endfacet
  facet normal 0 1 0
    outer loop
      vertex -6.13905 49 84.1877
      vertex -3.88899 49 80.8203
      vertex -7.01005 49 83.5418
    endloop
  endfacet
  facet normal 0 1 -0
    outer loop
      vertex -4.44075 49 80.4111
      vertex -7.01005 49 83.5418
      vertex -3.88899 49 80.8203
    endloop
  endfacet
  facet normal 0 1 0
    outer loop
      vertex -7.01005 49 83.5418
      vertex -4.44075 49 80.4111
      vertex -7.81353 49 82.8135
    endloop
  endfacet
  facet normal 0 1 -0
    outer loop
      vertex -4.94975 49 79.9497
      vertex -7.81353 49 82.8135
      vertex -4.44075 49 80.4111
    endloop
  endfacet
  facet normal 0 1 0
    outer loop
      vertex -7.81353 49 82.8135
      vertex -4.94975 49 79.9497
      vertex -8.54177 49 82.01
    endloop
  endfacet
  facet normal 0 1 -0
    outer loop
      vertex -5.41107 49 79.4408
      vertex -8.54177 49 82.01
      vertex -4.94975 49 79.9497
    endloop
  endfacet
  facet normal 0 1 0
    outer loop
      vertex -8.54177 49 82.01
      vertex -5.41107 49 79.4408
      vertex -9.18774 49 81.1391
    endloop
  endfacet
  facet normal 0 1 -0
    outer loop
      vertex -5.82029 49 78.889
      vertex -9.18774 49 81.1391
      vertex -5.41107 49 79.4408
    endloop
  endfacet
  facet normal 0 1 0
    outer loop
      vertex -9.18774 49 81.1391
      vertex -5.82029 49 78.889
      vertex -9.74523 49 80.2089
    endloop
  endfacet
  facet normal 0 1 -0
    outer loop
      vertex -6.17345 49 78.2998
      vertex -9.74523 49 80.2089
      vertex -5.82029 49 78.889
    endloop
  endfacet
  facet normal 0 1 0
    outer loop
      vertex -9.74523 49 80.2089
      vertex -6.17345 49 78.2998
      vertex -10.2089 49 79.2287
    endloop
  endfacet
  facet normal 0 1 -0
    outer loop
      vertex -6.46716 49 77.6788
      vertex -10.2089 49 79.2287
      vertex -6.17345 49 78.2998
    endloop
  endfacet
  facet normal 0 1 0
    outer loop
      vertex -10.2089 49 79.2287
      vertex -6.46716 49 77.6788
      vertex -10.5742 49 78.2076
    endloop
  endfacet
  facet normal 0 1 -0
    outer loop
      vertex -6.69858 49 77.032
      vertex -10.5742 49 78.2076
      vertex -6.46716 49 77.6788
    endloop
  endfacet
  facet normal 0 1 0
    outer loop
      vertex -10.5742 49 78.2076
      vertex -6.69858 49 77.032
      vertex -10.8377 49 77.1557
    endloop
  endfacet
  facet normal 0 1 -0
    outer loop
      vertex -6.8655 49 76.3656
      vertex -10.8377 49 77.1557
      vertex -6.69858 49 77.032
    endloop
  endfacet
  facet normal 0 1 0
    outer loop
      vertex -6.8655 49 76.3656
      vertex -10.9968 49 76.0831
      vertex -10.8377 49 77.1557
    endloop
  endfacet
  facet normal 0 1 -0
    outer loop
      vertex -6.96629 49 75.6861
      vertex -10.9968 49 76.0831
      vertex -6.8655 49 76.3656
    endloop
  endfacet
  facet normal 0 1 -0
    outer loop
      vertex -7 49 75
      vertex -10.9968 49 76.0831
      vertex -6.96629 49 75.6861
    endloop
  endfacet
  facet normal 0 1 0
    outer loop
      vertex -7 49 75
      vertex -11.05 49 75
      vertex -10.9968 49 76.0831
    endloop
  endfacet
  facet normal 0 1 0
    outer loop
      vertex -6.96629 49 74.3139
      vertex -11.05 49 75
      vertex -7 49 75
    endloop
  endfacet
  facet normal 0 1 0
    outer loop
      vertex -6.96629 49 74.3139
      vertex -10.9968 49 73.9169
      vertex -11.05 49 75
    endloop
  endfacet
  facet normal 0 1 0
    outer loop
      vertex -6.8655 49 73.6344
      vertex -10.9968 49 73.9169
      vertex -6.96629 49 74.3139
    endloop
  endfacet
  facet normal 0 1 0
    outer loop
      vertex -10.8377 49 72.8443
      vertex -6.8655 49 73.6344
      vertex -6.69858 49 72.968
    endloop
  endfacet
  facet normal 0 1 0
    outer loop
      vertex -6.8655 49 73.6344
      vertex -10.8377 49 72.8443
      vertex -10.9968 49 73.9169
    endloop
  endfacet
  facet normal 0 1 0
    outer loop
      vertex -10.5742 49 71.7924
      vertex -6.69858 49 72.968
      vertex -6.46716 49 72.3212
    endloop
  endfacet
  facet normal 0 1 0
    outer loop
      vertex -6.69858 49 72.968
      vertex -10.5742 49 71.7924
      vertex -10.8377 49 72.8443
    endloop
  endfacet
  facet normal 0 1 0
    outer loop
      vertex -10.2089 49 70.7713
      vertex -6.46716 49 72.3212
      vertex -6.17345 49 71.7002
    endloop
  endfacet
  facet normal 0 1 0
    outer loop
      vertex -9.74523 49 69.7911
      vertex -6.17345 49 71.7002
      vertex -5.82029 49 71.111
    endloop
  endfacet
  facet normal 0 1 0
    outer loop
      vertex -6.46716 49 72.3212
      vertex -10.2089 49 70.7713
      vertex -10.5742 49 71.7924
    endloop
  endfacet
  facet normal 0 1 0
    outer loop
      vertex -9.18774 49 68.8609
      vertex -5.82029 49 71.111
      vertex -5.41107 49 70.5592
    endloop
  endfacet
  facet normal 0 1 0
    outer loop
      vertex -8.54177 49 67.99
      vertex -5.41107 49 70.5592
      vertex -4.94975 49 70.0503
    endloop
  endfacet
  facet normal 0 1 0
    outer loop
      vertex -6.17345 49 71.7002
      vertex -9.74523 49 69.7911
      vertex -10.2089 49 70.7713
    endloop
  endfacet
  facet normal 0 1 0
    outer loop
      vertex -7.81353 49 67.1865
      vertex -4.94975 49 70.0503
      vertex -4.44075 49 69.5889
    endloop
  endfacet
  facet normal 0 1 0
    outer loop
      vertex -7.01005 49 66.4582
      vertex -4.44075 49 69.5889
      vertex -4.34 49 69.5142
    endloop
  endfacet
  facet normal 0 1 0
    outer loop
      vertex -5.82029 49 71.111
      vertex -9.18774 49 68.8609
      vertex -9.74523 49 69.7911
    endloop
  endfacet
  facet normal 0 1 0
    outer loop
      vertex -5.41107 49 70.5592
      vertex -8.54177 49 67.99
      vertex -9.18774 49 68.8609
    endloop
  endfacet
  facet normal 0 1 0
    outer loop
      vertex -4.94975 49 70.0503
      vertex -7.81353 49 67.1865
      vertex -8.54177 49 67.99
    endloop
  endfacet
  facet normal 0 1 0
    outer loop
      vertex -4.44075 49 69.5889
      vertex -7.01005 49 66.4582
      vertex -7.81353 49 67.1865
    endloop
  endfacet
  facet normal 0 1 0
    outer loop
      vertex -4.34 49 69.5142
      vertex -6.13905 49 65.8123
      vertex -7.01005 49 66.4582
    endloop
  endfacet
  facet normal 0 1 0
    outer loop
      vertex -4.34 49 69.5142
      vertex -5.20893 49 65.2548
      vertex -6.13905 49 65.8123
    endloop
  endfacet
  facet normal -0 1 0
    outer loop
      vertex -5.20893 49 65.2548
      vertex -4.34 49 69.5142
      vertex -4.34 49 64.8438
    endloop
  endfacet
  facet normal 0.740956 -0 0.671554
    outer loop
      vertex 7.81353 35 82.8135
      vertex 8.54177 49 82.01
      vertex 7.81353 49 82.8135
    endloop
  endfacet
  facet normal 0.740956 0 0.671554
    outer loop
      vertex 8.54177 49 82.01
      vertex 7.81353 35 82.8135
      vertex 8.54177 35 82.01
    endloop
  endfacet
  facet normal -0.427602 0 0.903967
    outer loop
      vertex -5.20893 49 84.7452
      vertex -4.22865 35 85.2089
      vertex -4.22865 49 85.2089
    endloop
  endfacet
  facet normal -0.427602 0 0.903967
    outer loop
      vertex -4.22865 35 85.2089
      vertex -5.20893 49 84.7452
      vertex -5.20893 35 84.7452
    endloop
  endfacet
  facet normal 0.94156 -0 0.336845
    outer loop
      vertex 10.2089 35 79.2287
      vertex 10.5742 49 78.2076
      vertex 10.2089 49 79.2287
    endloop
  endfacet
  facet normal 0.94156 0 0.336845
    outer loop
      vertex 10.5742 49 78.2076
      vertex 10.2089 35 79.2287
      vertex 10.5742 35 78.2076
    endloop
  endfacet
  facet normal -0.740956 0 0.671554
    outer loop
      vertex -8.54177 35 82.01
      vertex -7.81353 49 82.8135
      vertex -8.54177 49 82.01
    endloop
  endfacet
  facet normal -0.740956 0 0.671554
    outer loop
      vertex -7.81353 49 82.8135
      vertex -8.54177 35 82.01
      vertex -7.81353 35 82.8135
    endloop
  endfacet
  facet normal -0.0490596 0 0.998796
    outer loop
      vertex -1.08309 49 85.9968
      vertex 0 35 86.05
      vertex 0 49 86.05
    endloop
  endfacet
  facet normal -0.0490596 0 0.998796
    outer loop
      vertex 0 35 86.05
      vertex -1.08309 49 85.9968
      vertex -1.08309 35 85.9968
    endloop
  endfacet
  facet normal 0.989177 -0 0.146726
    outer loop
      vertex 10.8377 35 77.1557
      vertex 10.9968 49 76.0831
      vertex 10.8377 49 77.1557
    endloop
  endfacet
  facet normal 0.989177 0 0.146726
    outer loop
      vertex 10.9968 49 76.0831
      vertex 10.8377 35 77.1557
      vertex 10.9968 35 76.0831
    endloop
  endfacet
  facet normal -0.970028 0 0.242991
    outer loop
      vertex -10.8377 35 77.1557
      vertex -10.5742 49 78.2076
      vertex -10.8377 49 77.1557
    endloop
  endfacet
  facet normal -0.970028 0 0.242991
    outer loop
      vertex -10.5742 49 78.2076
      vertex -10.8377 35 77.1557
      vertex -10.5742 35 78.2076
    endloop
  endfacet
  facet normal -0.595653 0 0.803242
    outer loop
      vertex -7.01005 49 83.5418
      vertex -6.13905 35 84.1877
      vertex -6.13905 49 84.1877
    endloop
  endfacet
  facet normal -0.595653 0 0.803242
    outer loop
      vertex -6.13905 35 84.1877
      vertex -7.01005 49 83.5418
      vertex -7.01005 35 83.5418
    endloop
  endfacet
  facet normal -0.989177 0 0.146726
    outer loop
      vertex -10.9968 35 76.0831
      vertex -10.8377 49 77.1557
      vertex -10.9968 49 76.0831
    endloop
  endfacet
  facet normal -0.989177 0 0.146726
    outer loop
      vertex -10.8377 49 77.1557
      vertex -10.9968 35 76.0831
      vertex -10.8377 35 77.1557
    endloop
  endfacet
  facet normal 0.94156 0 -0.336845
    outer loop
      vertex 10.5742 35 71.7924
      vertex 10.2089 49 70.7713
      vertex 10.5742 49 71.7924
    endloop
  endfacet
  facet normal 0.94156 0 -0.336845
    outer loop
      vertex 10.2089 49 70.7713
      vertex 10.5742 35 71.7924
      vertex 10.2089 35 70.7713
    endloop
  endfacet
  facet normal -0.803178 0 0.595739
    outer loop
      vertex -9.18774 35 81.1391
      vertex -8.54177 49 82.01
      vertex -9.18774 49 81.1391
    endloop
  endfacet
  facet normal -0.803178 0 0.595739
    outer loop
      vertex -8.54177 49 82.01
      vertex -9.18774 35 81.1391
      vertex -8.54177 35 82.01
    endloop
  endfacet
  facet normal 0.970028 -0 0.242991
    outer loop
      vertex 10.5742 35 78.2076
      vertex 10.8377 49 77.1557
      vertex 10.5742 49 78.2076
    endloop
  endfacet
  facet normal 0.970028 0 0.242991
    outer loop
      vertex 10.8377 49 77.1557
      vertex 10.5742 35 78.2076
      vertex 10.8377 35 77.1557
    endloop
  endfacet
  facet normal -0.42779 0 -0.903878
    outer loop
      vertex -4.22865 38.7 64.7911
      vertex -4.34 42 64.8438
      vertex -4.22865 42 64.7911
    endloop
  endfacet
  facet normal -0.427602 7.75753e-06 -0.903967
    outer loop
      vertex -5.20893 38.7 65.2548
      vertex -4.34 42 64.8438
      vertex -4.22865 38.7 64.7911
    endloop
  endfacet
  facet normal -0.427578 -0 -0.903979
    outer loop
      vertex -5.20893 49 65.2548
      vertex -4.34 42 64.8438
      vertex -5.20893 38.7 65.2548
    endloop
  endfacet
  facet normal -0.427578 0 -0.903979
    outer loop
      vertex -4.34 42 64.8438
      vertex -5.20893 49 65.2548
      vertex -4.34 49 64.8438
    endloop
  endfacet
  facet normal 0.903964 0 -0.427608
    outer loop
      vertex 10.2089 35 70.7713
      vertex 9.74523 49 69.7911
      vertex 10.2089 49 70.7713
    endloop
  endfacet
  facet normal 0.903964 0 -0.427608
    outer loop
      vertex 9.74523 49 69.7911
      vertex 10.2089 35 70.7713
      vertex 9.74523 35 69.7911
    endloop
  endfacet
  facet normal 0.427578 0 -0.903979
    outer loop
      vertex 5.20893 38.7 65.2548
      vertex 4.34 42 64.8438
      vertex 5.20893 49 65.2548
    endloop
  endfacet
  facet normal 0.427602 7.75753e-06 -0.903967
    outer loop
      vertex 4.22865 38.7 64.7911
      vertex 4.34 42 64.8438
      vertex 5.20893 38.7 65.2548
    endloop
  endfacet
  facet normal 0.42779 0 -0.903878
    outer loop
      vertex 4.34 42 64.8438
      vertex 4.22865 38.7 64.7911
      vertex 4.22865 42 64.7911
    endloop
  endfacet
  facet normal 0.427578 0 -0.903979
    outer loop
      vertex 5.20893 49 65.2548
      vertex 4.34 42 64.8438
      vertex 4.34 49 64.8438
    endloop
  endfacet
  facet normal -0.94156 0 0.336845
    outer loop
      vertex -10.5742 35 78.2076
      vertex -10.2089 49 79.2287
      vertex -10.5742 49 78.2076
    endloop
  endfacet
  facet normal -0.94156 0 0.336845
    outer loop
      vertex -10.2089 49 79.2287
      vertex -10.5742 35 78.2076
      vertex -10.2089 35 79.2287
    endloop
  endfacet
  facet normal -0.857749 0 -0.514069
    outer loop
      vertex -9.18774 35 68.8609
      vertex -9.74523 49 69.7911
      vertex -9.18774 49 68.8609
    endloop
  endfacet
  facet normal -0.857749 -0 -0.514069
    outer loop
      vertex -9.74523 49 69.7911
      vertex -9.18774 35 68.8609
      vertex -9.74523 35 69.7911
    endloop
  endfacet
  facet normal 0.336874 0 0.94155
    outer loop
      vertex 3.20765 49 85.5742
      vertex 4.22865 35 85.2089
      vertex 4.22865 49 85.2089
    endloop
  endfacet
  facet normal 0.336874 0 0.94155
    outer loop
      vertex 4.22865 35 85.2089
      vertex 3.20765 49 85.5742
      vertex 3.20765 35 85.5742
    endloop
  endfacet
  facet normal 0.0490596 0 -0.998796
    outer loop
      vertex 0 38.7 63.95
      vertex 1.08309 42 64.0032
      vertex 1.08309 38.7 64.0032
    endloop
  endfacet
  facet normal 0.0490596 0 -0.998796
    outer loop
      vertex 1.08309 42 64.0032
      vertex 0 38.7 63.95
      vertex 0 42 63.95
    endloop
  endfacet
  facet normal 0.146718 0 0.989178
    outer loop
      vertex 1.08309 49 85.9968
      vertex 2.15575 35 85.8377
      vertex 2.15575 49 85.8377
    endloop
  endfacet
  facet normal 0.146718 0 0.989178
    outer loop
      vertex 2.15575 35 85.8377
      vertex 1.08309 49 85.9968
      vertex 1.08309 35 85.9968
    endloop
  endfacet
  facet normal -0.998796 0 -0.0490591
    outer loop
      vertex -10.9968 35 73.9169
      vertex -11.05 49 75
      vertex -10.9968 49 73.9169
    endloop
  endfacet
  facet normal -0.998796 -0 -0.0490591
    outer loop
      vertex -11.05 49 75
      vertex -10.9968 35 73.9169
      vertex -11.05 35 75
    endloop
  endfacet
  facet normal 0.242991 0 -0.970028
    outer loop
      vertex 2.15575 38.7 64.1623
      vertex 3.20765 42 64.4258
      vertex 3.20765 38.7 64.4258
    endloop
  endfacet
  facet normal 0.242991 0 -0.970028
    outer loop
      vertex 3.20765 42 64.4258
      vertex 2.15575 38.7 64.1623
      vertex 2.15575 42 64.1623
    endloop
  endfacet
  facet normal 0.671593 0 -0.74092
    outer loop
      vertex 7.01005 35 66.4582
      vertex 7.81353 49 67.1865
      vertex 7.81353 35 67.1865
    endloop
  endfacet
  facet normal 0.671593 0 -0.74092
    outer loop
      vertex 7.81353 49 67.1865
      vertex 7.01005 35 66.4582
      vertex 7.01005 49 66.4582
    endloop
  endfacet
  facet normal 0.592926 0 -0.805257
    outer loop
      vertex 7 38.7 66.4508
      vertex 7.01005 35 66.4582
      vertex 7 35 66.4508
    endloop
  endfacet
  facet normal 0.592926 0 -0.805257
    outer loop
      vertex 7.01005 35 66.4582
      vertex 7 38.7 66.4508
      vertex 7.01005 49 66.4582
    endloop
  endfacet
  facet normal 0.595685 -4.15704e-06 -0.803218
    outer loop
      vertex 6.13905 38.7 65.8123
      vertex 7.01005 49 66.4582
      vertex 7 38.7 66.4508
    endloop
  endfacet
  facet normal 0.595653 0 -0.803242
    outer loop
      vertex 7.01005 49 66.4582
      vertex 6.13905 38.7 65.8123
      vertex 6.13905 49 65.8123
    endloop
  endfacet
  facet normal -0.803178 0 -0.595739
    outer loop
      vertex -8.54177 35 67.99
      vertex -9.18774 49 68.8609
      vertex -8.54177 49 67.99
    endloop
  endfacet
  facet normal -0.803178 -0 -0.595739
    outer loop
      vertex -9.18774 49 68.8609
      vertex -8.54177 35 67.99
      vertex -9.18774 35 68.8609
    endloop
  endfacet
  facet normal 0.514108 0 -0.857726
    outer loop
      vertex 5.20893 38.7 65.2548
      vertex 6.13905 49 65.8123
      vertex 6.13905 38.7 65.8123
    endloop
  endfacet
  facet normal 0.514108 0 -0.857726
    outer loop
      vertex 6.13905 49 65.8123
      vertex 5.20893 38.7 65.2548
      vertex 5.20893 49 65.2548
    endloop
  endfacet
  facet normal -0.146718 0 0.989178
    outer loop
      vertex -2.15575 49 85.8377
      vertex -1.08309 35 85.9968
      vertex -1.08309 49 85.9968
    endloop
  endfacet
  facet normal -0.146718 0 0.989178
    outer loop
      vertex -1.08309 35 85.9968
      vertex -2.15575 49 85.8377
      vertex -2.15575 35 85.8377
    endloop
  endfacet
  facet normal -0.146718 0 -0.989178
    outer loop
      vertex -2.15575 38.7 64.1623
      vertex -1.08309 42 64.0032
      vertex -1.08309 38.7 64.0032
    endloop
  endfacet
  facet normal -0.146718 0 -0.989178
    outer loop
      vertex -1.08309 42 64.0032
      vertex -2.15575 38.7 64.1623
      vertex -2.15575 42 64.1623
    endloop
  endfacet
  facet normal 0.336874 0 -0.94155
    outer loop
      vertex 3.20765 38.7 64.4258
      vertex 4.22865 42 64.7911
      vertex 4.22865 38.7 64.7911
    endloop
  endfacet
  facet normal 0.336874 0 -0.94155
    outer loop
      vertex 4.22865 42 64.7911
      vertex 3.20765 38.7 64.4258
      vertex 3.20765 42 64.4258
    endloop
  endfacet
  facet normal 0.242991 0 0.970028
    outer loop
      vertex 2.15575 49 85.8377
      vertex 3.20765 35 85.5742
      vertex 3.20765 49 85.5742
    endloop
  endfacet
  facet normal 0.242991 0 0.970028
    outer loop
      vertex 3.20765 35 85.5742
      vertex 2.15575 49 85.8377
      vertex 2.15575 35 85.8377
    endloop
  endfacet
  facet normal 0.740956 0 -0.671554
    outer loop
      vertex 8.54177 35 67.99
      vertex 7.81353 49 67.1865
      vertex 8.54177 49 67.99
    endloop
  endfacet
  facet normal 0.740956 0 -0.671554
    outer loop
      vertex 7.81353 49 67.1865
      vertex 8.54177 35 67.99
      vertex 7.81353 35 67.1865
    endloop
  endfacet
  facet normal 0.0490596 0 0.998796
    outer loop
      vertex 0 49 86.05
      vertex 1.08309 35 85.9968
      vertex 1.08309 49 85.9968
    endloop
  endfacet
  facet normal 0.0490596 0 0.998796
    outer loop
      vertex 1.08309 35 85.9968
      vertex 0 49 86.05
      vertex 0 35 86.05
    endloop
  endfacet
  facet normal 0.857749 0 -0.514069
    outer loop
      vertex 9.74523 35 69.7911
      vertex 9.18774 49 68.8609
      vertex 9.74523 49 69.7911
    endloop
  endfacet
  facet normal 0.857749 0 -0.514069
    outer loop
      vertex 9.18774 49 68.8609
      vertex 9.74523 35 69.7911
      vertex 9.18774 35 68.8609
    endloop
  endfacet
  facet normal -0.989177 0 -0.146726
    outer loop
      vertex -10.8377 35 72.8443
      vertex -10.9968 49 73.9169
      vertex -10.8377 49 72.8443
    endloop
  endfacet
  facet normal -0.989177 -0 -0.146726
    outer loop
      vertex -10.9968 49 73.9169
      vertex -10.8377 35 72.8443
      vertex -10.9968 35 73.9169
    endloop
  endfacet
  facet normal -0.671593 0 -0.74092
    outer loop
      vertex -7.81353 35 67.1865
      vertex -7.01005 49 66.4582
      vertex -7.01005 35 66.4582
    endloop
  endfacet
  facet normal -0.671593 0 -0.74092
    outer loop
      vertex -7.01005 49 66.4582
      vertex -7.81353 35 67.1865
      vertex -7.81353 49 67.1865
    endloop
  endfacet
  facet normal -0.336874 0 -0.94155
    outer loop
      vertex -4.22865 38.7 64.7911
      vertex -3.20765 42 64.4258
      vertex -3.20765 38.7 64.4258
    endloop
  endfacet
  facet normal -0.336874 0 -0.94155
    outer loop
      vertex -3.20765 42 64.4258
      vertex -4.22865 38.7 64.7911
      vertex -4.22865 42 64.7911
    endloop
  endfacet
  facet normal -0.903964 0 0.427608
    outer loop
      vertex -10.2089 35 79.2287
      vertex -9.74523 49 80.2089
      vertex -10.2089 49 79.2287
    endloop
  endfacet
  facet normal -0.903964 0 0.427608
    outer loop
      vertex -9.74523 49 80.2089
      vertex -10.2089 35 79.2287
      vertex -9.74523 35 80.2089
    endloop
  endfacet
  facet normal 0.427602 0 0.903967
    outer loop
      vertex 4.22865 49 85.2089
      vertex 5.20893 35 84.7452
      vertex 5.20893 49 84.7452
    endloop
  endfacet
  facet normal 0.427602 0 0.903967
    outer loop
      vertex 5.20893 35 84.7452
      vertex 4.22865 49 85.2089
      vertex 4.22865 35 85.2089
    endloop
  endfacet
  facet normal 0.803178 -0 0.595739
    outer loop
      vertex 8.54177 35 82.01
      vertex 9.18774 49 81.1391
      vertex 8.54177 49 82.01
    endloop
  endfacet
  facet normal 0.803178 0 0.595739
    outer loop
      vertex 9.18774 49 81.1391
      vertex 8.54177 35 82.01
      vertex 9.18774 35 81.1391
    endloop
  endfacet
  facet normal -0.242991 0 -0.970028
    outer loop
      vertex -3.20765 38.7 64.4258
      vertex -2.15575 42 64.1623
      vertex -2.15575 38.7 64.1623
    endloop
  endfacet
  facet normal -0.242991 0 -0.970028
    outer loop
      vertex -2.15575 42 64.1623
      vertex -3.20765 38.7 64.4258
      vertex -3.20765 42 64.4258
    endloop
  endfacet
  facet normal -0.740956 0 -0.671554
    outer loop
      vertex -7.81353 35 67.1865
      vertex -8.54177 49 67.99
      vertex -7.81353 49 67.1865
    endloop
  endfacet
  facet normal -0.740956 -0 -0.671554
    outer loop
      vertex -8.54177 49 67.99
      vertex -7.81353 35 67.1865
      vertex -8.54177 35 67.99
    endloop
  endfacet
  facet normal 0.595653 0 0.803242
    outer loop
      vertex 6.13905 49 84.1877
      vertex 7.01005 35 83.5418
      vertex 7.01005 49 83.5418
    endloop
  endfacet
  facet normal 0.595653 0 0.803242
    outer loop
      vertex 7.01005 35 83.5418
      vertex 6.13905 49 84.1877
      vertex 6.13905 35 84.1877
    endloop
  endfacet
  facet normal -0.242991 0 0.970028
    outer loop
      vertex -3.20765 49 85.5742
      vertex -2.15575 35 85.8377
      vertex -2.15575 49 85.8377
    endloop
  endfacet
  facet normal -0.242991 0 0.970028
    outer loop
      vertex -2.15575 35 85.8377
      vertex -3.20765 49 85.5742
      vertex -3.20765 35 85.5742
    endloop
  endfacet
  facet normal -0.514108 0 0.857726
    outer loop
      vertex -6.13905 49 84.1877
      vertex -5.20893 35 84.7452
      vertex -5.20893 49 84.7452
    endloop
  endfacet
  facet normal -0.514108 0 0.857726
    outer loop
      vertex -5.20893 35 84.7452
      vertex -6.13905 49 84.1877
      vertex -6.13905 35 84.1877
    endloop
  endfacet
  facet normal 0.903964 -0 0.427608
    outer loop
      vertex 9.74523 35 80.2089
      vertex 10.2089 49 79.2287
      vertex 9.74523 49 80.2089
    endloop
  endfacet
  facet normal 0.903964 0 0.427608
    outer loop
      vertex 10.2089 49 79.2287
      vertex 9.74523 35 80.2089
      vertex 10.2089 35 79.2287
    endloop
  endfacet
  facet normal -0.514108 0 -0.857726
    outer loop
      vertex -6.13905 38.7 65.8123
      vertex -5.20893 49 65.2548
      vertex -5.20893 38.7 65.2548
    endloop
  endfacet
  facet normal -0.514108 0 -0.857726
    outer loop
      vertex -5.20893 49 65.2548
      vertex -6.13905 38.7 65.8123
      vertex -6.13905 49 65.8123
    endloop
  endfacet
  facet normal -0.903964 0 -0.427608
    outer loop
      vertex -9.74523 35 69.7911
      vertex -10.2089 49 70.7713
      vertex -9.74523 49 69.7911
    endloop
  endfacet
  facet normal -0.903964 -0 -0.427608
    outer loop
      vertex -10.2089 49 70.7713
      vertex -9.74523 35 69.7911
      vertex -10.2089 35 70.7713
    endloop
  endfacet
  facet normal -0.970028 0 -0.242991
    outer loop
      vertex -10.5742 35 71.7924
      vertex -10.8377 49 72.8443
      vertex -10.5742 49 71.7924
    endloop
  endfacet
  facet normal -0.970028 -0 -0.242991
    outer loop
      vertex -10.8377 49 72.8443
      vertex -10.5742 35 71.7924
      vertex -10.8377 35 72.8443
    endloop
  endfacet
  facet normal -0.592926 0 -0.805257
    outer loop
      vertex -7 35 66.4508
      vertex -7.01005 35 66.4582
      vertex -7 38.7 66.4508
    endloop
  endfacet
  facet normal -0.595685 0 -0.803218
    outer loop
      vertex -7 38.7 66.4508
      vertex -6.13905 49 65.8123
      vertex -6.13905 38.7 65.8123
    endloop
  endfacet
  facet normal -0.595653 -4.10919e-06 -0.803242
    outer loop
      vertex -7 38.7 66.4508
      vertex -7.01005 49 66.4582
      vertex -6.13905 49 65.8123
    endloop
  endfacet
  facet normal -0.592926 -0 -0.805257
    outer loop
      vertex -7.01005 49 66.4582
      vertex -7 38.7 66.4508
      vertex -7.01005 35 66.4582
    endloop
  endfacet
  facet normal 0.671593 0 0.74092
    outer loop
      vertex 7.01005 49 83.5418
      vertex 7.81353 35 82.8135
      vertex 7.81353 49 82.8135
    endloop
  endfacet
  facet normal 0.671593 0 0.74092
    outer loop
      vertex 7.81353 35 82.8135
      vertex 7.01005 49 83.5418
      vertex 7.01005 35 83.5418
    endloop
  endfacet
  facet normal -0.94156 0 -0.336845
    outer loop
      vertex -10.2089 35 70.7713
      vertex -10.5742 49 71.7924
      vertex -10.2089 49 70.7713
    endloop
  endfacet
  facet normal -0.94156 -0 -0.336845
    outer loop
      vertex -10.5742 49 71.7924
      vertex -10.2089 35 70.7713
      vertex -10.5742 35 71.7924
    endloop
  endfacet
  facet normal -0.671593 0 0.74092
    outer loop
      vertex -7.81353 49 82.8135
      vertex -7.01005 35 83.5418
      vertex -7.01005 49 83.5418
    endloop
  endfacet
  facet normal -0.671593 0 0.74092
    outer loop
      vertex -7.01005 35 83.5418
      vertex -7.81353 49 82.8135
      vertex -7.81353 35 82.8135
    endloop
  endfacet
  facet normal -0.998796 0 0.0490591
    outer loop
      vertex -11.05 35 75
      vertex -10.9968 49 76.0831
      vertex -11.05 49 75
    endloop
  endfacet
  facet normal -0.998796 0 0.0490591
    outer loop
      vertex -10.9968 49 76.0831
      vertex -11.05 35 75
      vertex -10.9968 35 76.0831
    endloop
  endfacet
  facet normal -0.336874 0 0.94155
    outer loop
      vertex -4.22865 49 85.2089
      vertex -3.20765 35 85.5742
      vertex -3.20765 49 85.5742
    endloop
  endfacet
  facet normal -0.336874 0 0.94155
    outer loop
      vertex -3.20765 35 85.5742
      vertex -4.22865 49 85.2089
      vertex -4.22865 35 85.2089
    endloop
  endfacet
  facet normal 0 -1 0
    outer loop
      vertex 0 35 82
      vertex 0 35 86.05
      vertex -1.08309 35 85.9968
    endloop
  endfacet
  facet normal 0 -1 0
    outer loop
      vertex -0.686119 35 81.9663
      vertex -1.08309 35 85.9968
      vertex -2.15575 35 85.8377
    endloop
  endfacet
  facet normal 0 -1 0
    outer loop
      vertex 0 35 86.05
      vertex 0 35 82
      vertex 1.08309 35 85.9968
    endloop
  endfacet
  facet normal 0 -1 0
    outer loop
      vertex -1.36563 35 81.8655
      vertex -2.15575 35 85.8377
      vertex -3.20765 35 85.5742
    endloop
  endfacet
  facet normal 0 -1 0
    outer loop
      vertex 0.686119 35 81.9663
      vertex 1.08309 35 85.9968
      vertex 0 35 82
    endloop
  endfacet
  facet normal 0 -1 0
    outer loop
      vertex -2.03199 35 81.6986
      vertex -3.20765 35 85.5742
      vertex -4.22865 35 85.2089
    endloop
  endfacet
  facet normal 0 -1 -0
    outer loop
      vertex 1.08309 35 85.9968
      vertex 0.686119 35 81.9663
      vertex 2.15575 35 85.8377
    endloop
  endfacet
  facet normal 0 -1 0
    outer loop
      vertex -2.67878 35 81.4672
      vertex -4.22865 35 85.2089
      vertex -5.20893 35 84.7452
    endloop
  endfacet
  facet normal 0 -1 0
    outer loop
      vertex 1.36563 35 81.8655
      vertex 2.15575 35 85.8377
      vertex 0.686119 35 81.9663
    endloop
  endfacet
  facet normal 0 -1 0
    outer loop
      vertex -3.29978 35 81.1734
      vertex -5.20893 35 84.7452
      vertex -6.13905 35 84.1877
    endloop
  endfacet
  facet normal 0 -1 -0
    outer loop
      vertex 2.15575 35 85.8377
      vertex 1.36563 35 81.8655
      vertex 3.20765 35 85.5742
    endloop
  endfacet
  facet normal 0 -1 0
    outer loop
      vertex -3.88899 35 80.8203
      vertex -6.13905 35 84.1877
      vertex -7.01005 35 83.5418
    endloop
  endfacet
  facet normal 0 -1 0
    outer loop
      vertex 2.03199 35 81.6986
      vertex 3.20765 35 85.5742
      vertex 1.36563 35 81.8655
    endloop
  endfacet
  facet normal 0 -1 0
    outer loop
      vertex -4.44075 35 80.4111
      vertex -7.01005 35 83.5418
      vertex -7.81353 35 82.8135
    endloop
  endfacet
  facet normal 0 -1 -0
    outer loop
      vertex 3.20765 35 85.5742
      vertex 2.03199 35 81.6986
      vertex 4.22865 35 85.2089
    endloop
  endfacet
  facet normal 0 -1 0
    outer loop
      vertex -4.94975 35 79.9497
      vertex -7.81353 35 82.8135
      vertex -8.54177 35 82.01
    endloop
  endfacet
  facet normal 0 -1 0
    outer loop
      vertex 2.67878 35 81.4672
      vertex 4.22865 35 85.2089
      vertex 2.03199 35 81.6986
    endloop
  endfacet
  facet normal 0 -1 -0
    outer loop
      vertex 4.22865 35 85.2089
      vertex 2.67878 35 81.4672
      vertex 5.20893 35 84.7452
    endloop
  endfacet
  facet normal 0 -1 0
    outer loop
      vertex -1.08309 35 85.9968
      vertex -0.686119 35 81.9663
      vertex 0 35 82
    endloop
  endfacet
  facet normal 0 -1 0
    outer loop
      vertex -2.15575 35 85.8377
      vertex -1.36563 35 81.8655
      vertex -0.686119 35 81.9663
    endloop
  endfacet
  facet normal 0 -1 0
    outer loop
      vertex -3.20765 35 85.5742
      vertex -2.03199 35 81.6986
      vertex -1.36563 35 81.8655
    endloop
  endfacet
  facet normal 0 -1 0
    outer loop
      vertex -4.22865 35 85.2089
      vertex -2.67878 35 81.4672
      vertex -2.03199 35 81.6986
    endloop
  endfacet
  facet normal 0 -1 0
    outer loop
      vertex -5.20893 35 84.7452
      vertex -3.29978 35 81.1734
      vertex -2.67878 35 81.4672
    endloop
  endfacet
  facet normal 0 -1 0
    outer loop
      vertex -5.41107 35 79.4408
      vertex -8.54177 35 82.01
      vertex -9.18774 35 81.1391
    endloop
  endfacet
  facet normal 0 -1 0
    outer loop
      vertex -6.13905 35 84.1877
      vertex -3.88899 35 80.8203
      vertex -3.29978 35 81.1734
    endloop
  endfacet
  facet normal 0 -1 0
    outer loop
      vertex -7.01005 35 83.5418
      vertex -4.44075 35 80.4111
      vertex -3.88899 35 80.8203
    endloop
  endfacet
  facet normal 0 -1 0
    outer loop
      vertex -5.82029 35 78.889
      vertex -9.18774 35 81.1391
      vertex -9.74523 35 80.2089
    endloop
  endfacet
  facet normal 0 -1 0
    outer loop
      vertex -7.81353 35 82.8135
      vertex -4.94975 35 79.9497
      vertex -4.44075 35 80.4111
    endloop
  endfacet
  facet normal 0 -1 0
    outer loop
      vertex -8.54177 35 82.01
      vertex -5.41107 35 79.4408
      vertex -4.94975 35 79.9497
    endloop
  endfacet
  facet normal 0 -1 0
    outer loop
      vertex -6.17345 35 78.2998
      vertex -9.74523 35 80.2089
      vertex -10.2089 35 79.2287
    endloop
  endfacet
  facet normal 0 -1 0
    outer loop
      vertex -9.18774 35 81.1391
      vertex -5.82029 35 78.889
      vertex -5.41107 35 79.4408
    endloop
  endfacet
  facet normal 0 -1 0
    outer loop
      vertex -9.74523 35 80.2089
      vertex -6.17345 35 78.2998
      vertex -5.82029 35 78.889
    endloop
  endfacet
  facet normal 0 -1 0
    outer loop
      vertex -6.46716 35 77.6788
      vertex -10.2089 35 79.2287
      vertex -10.5742 35 78.2076
    endloop
  endfacet
  facet normal 0 -1 0
    outer loop
      vertex -10.2089 35 79.2287
      vertex -6.46716 35 77.6788
      vertex -6.17345 35 78.2998
    endloop
  endfacet
  facet normal 0 -1 0
    outer loop
      vertex -6.69858 35 77.032
      vertex -10.5742 35 78.2076
      vertex -10.8377 35 77.1557
    endloop
  endfacet
  facet normal 0 -1 0
    outer loop
      vertex -10.5742 35 78.2076
      vertex -6.69858 35 77.032
      vertex -6.46716 35 77.6788
    endloop
  endfacet
  facet normal 0 -1 0
    outer loop
      vertex -10.8377 35 77.1557
      vertex -6.8655 35 76.3656
      vertex -6.69858 35 77.032
    endloop
  endfacet
  facet normal 0 -1 0
    outer loop
      vertex -10.9968 35 76.0831
      vertex -6.8655 35 76.3656
      vertex -10.8377 35 77.1557
    endloop
  endfacet
  facet normal 0 -1 0
    outer loop
      vertex -10.9968 35 76.0831
      vertex -6.96629 35 75.6861
      vertex -6.8655 35 76.3656
    endloop
  endfacet
  facet normal 0 -1 0
    outer loop
      vertex -11.05 35 75
      vertex -6.96629 35 75.6861
      vertex -10.9968 35 76.0831
    endloop
  endfacet
  facet normal 0 -1 0
    outer loop
      vertex -11.05 35 75
      vertex -7 35 75
      vertex -6.96629 35 75.6861
    endloop
  endfacet
  facet normal 0 -1 0
    outer loop
      vertex -10.9968 35 73.9169
      vertex -7 35 75
      vertex -11.05 35 75
    endloop
  endfacet
  facet normal 0 -1 0
    outer loop
      vertex -10.8377 35 72.8443
      vertex -7 35 75
      vertex -10.9968 35 73.9169
    endloop
  endfacet
  facet normal 0 -1 0
    outer loop
      vertex -10.5742 35 71.7924
      vertex -7 35 75
      vertex -10.8377 35 72.8443
    endloop
  endfacet
  facet normal 0 -1 0
    outer loop
      vertex -10.2089 35 70.7713
      vertex -7 35 75
      vertex -10.5742 35 71.7924
    endloop
  endfacet
  facet normal 0 -1 0
    outer loop
      vertex -9.74523 35 69.7911
      vertex -7 35 75
      vertex -10.2089 35 70.7713
    endloop
  endfacet
  facet normal 0 -1 0
    outer loop
      vertex -9.18774 35 68.8609
      vertex -7 35 75
      vertex -9.74523 35 69.7911
    endloop
  endfacet
  facet normal 0 -1 0
    outer loop
      vertex -8.54177 35 67.99
      vertex -7 35 75
      vertex -9.18774 35 68.8609
    endloop
  endfacet
  facet normal 0 -1 0
    outer loop
      vertex -7.81353 35 67.1865
      vertex -7 35 75
      vertex -8.54177 35 67.99
    endloop
  endfacet
  facet normal 0 -1 0
    outer loop
      vertex -7.01005 35 66.4582
      vertex -7 35 75
      vertex -7.81353 35 67.1865
    endloop
  endfacet
  facet normal 0 -1 -0
    outer loop
      vertex -7 35 75
      vertex -7.01005 35 66.4582
      vertex -7 35 66.4508
    endloop
  endfacet
  facet normal 0 -1 0
    outer loop
      vertex 3.29978 35 81.1734
      vertex 5.20893 35 84.7452
      vertex 2.67878 35 81.4672
    endloop
  endfacet
  facet normal 0 -1 -0
    outer loop
      vertex 5.20893 35 84.7452
      vertex 3.29978 35 81.1734
      vertex 6.13905 35 84.1877
    endloop
  endfacet
  facet normal 0 -1 0
    outer loop
      vertex 3.88899 35 80.8203
      vertex 6.13905 35 84.1877
      vertex 3.29978 35 81.1734
    endloop
  endfacet
  facet normal 0 -1 -0
    outer loop
      vertex 6.13905 35 84.1877
      vertex 3.88899 35 80.8203
      vertex 7.01005 35 83.5418
    endloop
  endfacet
  facet normal 0 -1 0
    outer loop
      vertex 4.44075 35 80.4111
      vertex 7.01005 35 83.5418
      vertex 3.88899 35 80.8203
    endloop
  endfacet
  facet normal 0 -1 -0
    outer loop
      vertex 7.01005 35 83.5418
      vertex 4.44075 35 80.4111
      vertex 7.81353 35 82.8135
    endloop
  endfacet
  facet normal 0 -1 0
    outer loop
      vertex 4.94975 35 79.9497
      vertex 7.81353 35 82.8135
      vertex 4.44075 35 80.4111
    endloop
  endfacet
  facet normal 0 -1 -0
    outer loop
      vertex 7.81353 35 82.8135
      vertex 4.94975 35 79.9497
      vertex 8.54177 35 82.01
    endloop
  endfacet
  facet normal 0 -1 0
    outer loop
      vertex 5.41107 35 79.4408
      vertex 8.54177 35 82.01
      vertex 4.94975 35 79.9497
    endloop
  endfacet
  facet normal 0 -1 -0
    outer loop
      vertex 8.54177 35 82.01
      vertex 5.41107 35 79.4408
      vertex 9.18774 35 81.1391
    endloop
  endfacet
  facet normal 0 -1 0
    outer loop
      vertex 5.82029 35 78.889
      vertex 9.18774 35 81.1391
      vertex 5.41107 35 79.4408
    endloop
  endfacet
  facet normal 0 -1 -0
    outer loop
      vertex 9.18774 35 81.1391
      vertex 5.82029 35 78.889
      vertex 9.74523 35 80.2089
    endloop
  endfacet
  facet normal 0 -1 0
    outer loop
      vertex 6.17345 35 78.2998
      vertex 9.74523 35 80.2089
      vertex 5.82029 35 78.889
    endloop
  endfacet
  facet normal 0 -1 -0
    outer loop
      vertex 9.74523 35 80.2089
      vertex 6.17345 35 78.2998
      vertex 10.2089 35 79.2287
    endloop
  endfacet
  facet normal 0 -1 0
    outer loop
      vertex 6.46716 35 77.6788
      vertex 10.2089 35 79.2287
      vertex 6.17345 35 78.2998
    endloop
  endfacet
  facet normal 0 -1 -0
    outer loop
      vertex 10.2089 35 79.2287
      vertex 6.46716 35 77.6788
      vertex 10.5742 35 78.2076
    endloop
  endfacet
  facet normal 0 -1 0
    outer loop
      vertex 6.69858 35 77.032
      vertex 10.5742 35 78.2076
      vertex 6.46716 35 77.6788
    endloop
  endfacet
  facet normal 0 -1 -0
    outer loop
      vertex 10.5742 35 78.2076
      vertex 6.69858 35 77.032
      vertex 10.8377 35 77.1557
    endloop
  endfacet
  facet normal 0 -1 0
    outer loop
      vertex 6.8655 35 76.3656
      vertex 10.8377 35 77.1557
      vertex 6.69858 35 77.032
    endloop
  endfacet
  facet normal 0 -1 0
    outer loop
      vertex 6.8655 35 76.3656
      vertex 10.9968 35 76.0831
      vertex 10.8377 35 77.1557
    endloop
  endfacet
  facet normal 0 -1 0
    outer loop
      vertex 6.96629 35 75.6861
      vertex 10.9968 35 76.0831
      vertex 6.8655 35 76.3656
    endloop
  endfacet
  facet normal 0 -1 0
    outer loop
      vertex 7 35 75
      vertex 10.9968 35 76.0831
      vertex 6.96629 35 75.6861
    endloop
  endfacet
  facet normal 0 -1 0
    outer loop
      vertex 7 35 75
      vertex 11.05 35 75
      vertex 10.9968 35 76.0831
    endloop
  endfacet
  facet normal 0 -1 0
    outer loop
      vertex 7 35 75
      vertex 10.9968 35 73.9169
      vertex 11.05 35 75
    endloop
  endfacet
  facet normal 0 -1 0
    outer loop
      vertex 7 35 75
      vertex 10.8377 35 72.8443
      vertex 10.9968 35 73.9169
    endloop
  endfacet
  facet normal 0 -1 0
    outer loop
      vertex 7 35 75
      vertex 10.5742 35 71.7924
      vertex 10.8377 35 72.8443
    endloop
  endfacet
  facet normal 0 -1 0
    outer loop
      vertex 7 35 75
      vertex 10.2089 35 70.7713
      vertex 10.5742 35 71.7924
    endloop
  endfacet
  facet normal 0 -1 0
    outer loop
      vertex 7 35 75
      vertex 9.74523 35 69.7911
      vertex 10.2089 35 70.7713
    endloop
  endfacet
  facet normal 0 -1 0
    outer loop
      vertex 7 35 75
      vertex 9.18774 35 68.8609
      vertex 9.74523 35 69.7911
    endloop
  endfacet
  facet normal 0 -1 0
    outer loop
      vertex 7 35 75
      vertex 8.54177 35 67.99
      vertex 9.18774 35 68.8609
    endloop
  endfacet
  facet normal 0 -1 0
    outer loop
      vertex 7 35 75
      vertex 7.81353 35 67.1865
      vertex 8.54177 35 67.99
    endloop
  endfacet
  facet normal 0 -1 0
    outer loop
      vertex 7 35 75
      vertex 7.01005 35 66.4582
      vertex 7.81353 35 67.1865
    endloop
  endfacet
  facet normal -0 -1 0
    outer loop
      vertex 7.01005 35 66.4582
      vertex 7 35 75
      vertex 7 35 66.4508
    endloop
  endfacet
  facet normal 1 0 0
    outer loop
      vertex 7 35 75
      vertex 7 34 75
      vertex 7 35 66.4508
    endloop
  endfacet
  facet normal 1 -0 0
    outer loop
      vertex 7 35 66.4508
      vertex 7 38.7 63.95
      vertex 7 38.7 66.4508
    endloop
  endfacet
  facet normal 1 -0 0
    outer loop
      vertex 7 32 75
      vertex 7 35 66.4508
      vertex 7 34 75
    endloop
  endfacet
  facet normal 1 0 0
    outer loop
      vertex 7 35 66.4508
      vertex 7 32 63.95
      vertex 7 38.7 63.95
    endloop
  endfacet
  facet normal 1 0 0
    outer loop
      vertex 7 32 63.95
      vertex 7 35 66.4508
      vertex 7 32 75
    endloop
  endfacet
  facet normal -0 0 1
    outer loop
      vertex -7 34 75
      vertex 7 32 75
      vertex 7 34 75
    endloop
  endfacet
  facet normal 0 0 1
    outer loop
      vertex 7 32 75
      vertex -7 34 75
      vertex -7 32 75
    endloop
  endfacet
  facet normal 0 0 -1
    outer loop
      vertex -3.55 32 63.95
      vertex -7 32 63.95
      vertex -3.55 37.99 63.95
    endloop
  endfacet
  facet normal 0 0 -1
    outer loop
      vertex 3.55 37.99 63.95
      vertex 7 32 63.95
      vertex 3.55 32 63.95
    endloop
  endfacet
  facet normal 0 0 -1
    outer loop
      vertex 7 32 63.95
      vertex 3.55 37.99 63.95
      vertex 7 38.7 63.95
    endloop
  endfacet
  facet normal 0 0 -1
    outer loop
      vertex 3.55 37.99 63.95
      vertex 0 38.7 63.95
      vertex 7 38.7 63.95
    endloop
  endfacet
  facet normal 0 0 -1
    outer loop
      vertex -3.55 37.99 63.95
      vertex 0 38.7 63.95
      vertex 3.55 37.99 63.95
    endloop
  endfacet
  facet normal 0 0 -1
    outer loop
      vertex -3.55 37.99 63.95
      vertex -7 38.7 63.95
      vertex 0 38.7 63.95
    endloop
  endfacet
  facet normal 0 0 -1
    outer loop
      vertex -7 38.7 63.95
      vertex -3.55 37.99 63.95
      vertex -7 32 63.95
    endloop
  endfacet
  facet normal -1 0 0
    outer loop
      vertex -7 38.7 63.95
      vertex -7 35 66.4508
      vertex -7 38.7 66.4508
    endloop
  endfacet
  facet normal -1 0 0
    outer loop
      vertex -7 35 66.4508
      vertex -7 34 75
      vertex -7 35 75
    endloop
  endfacet
  facet normal -1 0 0
    outer loop
      vertex -7 32 63.95
      vertex -7 35 66.4508
      vertex -7 38.7 63.95
    endloop
  endfacet
  facet normal -1 0 0
    outer loop
      vertex -7 32 75
      vertex -7 35 66.4508
      vertex -7 32 63.95
    endloop
  endfacet
  facet normal -1 0 0
    outer loop
      vertex -7 35 66.4508
      vertex -7 32 75
      vertex -7 34 75
    endloop
  endfacet
  facet normal 0 1 -0
    outer loop
      vertex 7 38.7 63.95
      vertex 6.13905 38.7 65.8123
      vertex 7 38.7 66.4508
    endloop
  endfacet
  facet normal 0 1 0
    outer loop
      vertex 7 38.7 63.95
      vertex 5.20893 38.7 65.2548
      vertex 6.13905 38.7 65.8123
    endloop
  endfacet
  facet normal 0 1 0
    outer loop
      vertex 7 38.7 63.95
      vertex 4.22865 38.7 64.7911
      vertex 5.20893 38.7 65.2548
    endloop
  endfacet
  facet normal 0 1 0
    outer loop
      vertex 7 38.7 63.95
      vertex 3.20765 38.7 64.4258
      vertex 4.22865 38.7 64.7911
    endloop
  endfacet
  facet normal 0 1 0
    outer loop
      vertex 7 38.7 63.95
      vertex 2.15575 38.7 64.1623
      vertex 3.20765 38.7 64.4258
    endloop
  endfacet
  facet normal 0 1 0
    outer loop
      vertex 7 38.7 63.95
      vertex 1.08309 38.7 64.0032
      vertex 2.15575 38.7 64.1623
    endloop
  endfacet
  facet normal 0 1 0
    outer loop
      vertex 1.08309 38.7 64.0032
      vertex 7 38.7 63.95
      vertex 0 38.7 63.95
    endloop
  endfacet
  facet normal 0 1 0
    outer loop
      vertex -6.13905 38.7 65.8123
      vertex -7 38.7 63.95
      vertex -7 38.7 66.4508
    endloop
  endfacet
  facet normal 0 1 0
    outer loop
      vertex -5.20893 38.7 65.2548
      vertex -7 38.7 63.95
      vertex -6.13905 38.7 65.8123
    endloop
  endfacet
  facet normal 0 1 0
    outer loop
      vertex -4.22865 38.7 64.7911
      vertex -7 38.7 63.95
      vertex -5.20893 38.7 65.2548
    endloop
  endfacet
  facet normal 0 1 0
    outer loop
      vertex -3.20765 38.7 64.4258
      vertex -7 38.7 63.95
      vertex -4.22865 38.7 64.7911
    endloop
  endfacet
  facet normal 0 1 0
    outer loop
      vertex -2.15575 38.7 64.1623
      vertex -7 38.7 63.95
      vertex -3.20765 38.7 64.4258
    endloop
  endfacet
  facet normal 0 1 0
    outer loop
      vertex -1.08309 38.7 64.0032
      vertex -7 38.7 63.95
      vertex -2.15575 38.7 64.1623
    endloop
  endfacet
  facet normal 0 1 0
    outer loop
      vertex -7 38.7 63.95
      vertex -1.08309 38.7 64.0032
      vertex 0 38.7 63.95
    endloop
  endfacet
  facet normal -0.989177 0 0.146724
    outer loop
      vertex 6.8655 34 73.6344
      vertex 6.96629 49 74.3139
      vertex 6.8655 49 73.6344
    endloop
  endfacet
  facet normal -0.989177 0 0.146724
    outer loop
      vertex 6.96629 49 74.3139
      vertex 6.8655 34 73.6344
      vertex 6.96629 34 74.3139
    endloop
  endfacet
  facet normal -0.998795 0 0.0490736
    outer loop
      vertex 6.96629 49 74.3139
      vertex 7 35 75
      vertex 7 49 75
    endloop
  endfacet
  facet normal -0.998795 0 0.0490736
    outer loop
      vertex 6.96629 34 74.3139
      vertex 7 35 75
      vertex 6.96629 49 74.3139
    endloop
  endfacet
  facet normal -0.998795 0 0.0490736
    outer loop
      vertex 7 35 75
      vertex 6.96629 34 74.3139
      vertex 7 34 75
    endloop
  endfacet
  facet normal -0.970033 0 0.242974
    outer loop
      vertex 6.69858 34 72.968
      vertex 6.8655 49 73.6344
      vertex 6.69858 49 72.968
    endloop
  endfacet
  facet normal -0.970033 0 0.242974
    outer loop
      vertex 6.8655 49 73.6344
      vertex 6.69858 34 72.968
      vertex 6.8655 34 73.6344
    endloop
  endfacet
  facet normal -0.427661 0 -0.903939
    outer loop
      vertex 2.67878 35 81.4672
      vertex 3.29978 49 81.1734
      vertex 3.29978 35 81.1734
    endloop
  endfacet
  facet normal -0.427661 0 -0.903939
    outer loop
      vertex 3.29978 49 81.1734
      vertex 2.67878 35 81.4672
      vertex 2.67878 49 81.4672
    endloop
  endfacet
  facet normal 0.0490577 0 0.998796
    outer loop
      vertex -0.686119 42 68.0337
      vertex 0 37.99 68
      vertex 0 42 68
    endloop
  endfacet
  facet normal 0.0490577 0 0.998796
    outer loop
      vertex 0 37.99 68
      vertex -0.686119 42 68.0337
      vertex -0.686119 37.99 68.0337
    endloop
  endfacet
  facet normal 0.427661 0 0.903939
    outer loop
      vertex -3.29978 42 68.8266
      vertex -2.67878 37.99 68.5328
      vertex -2.67878 42 68.5328
    endloop
  endfacet
  facet normal 0.427661 0 0.903939
    outer loop
      vertex -2.67878 37.99 68.5328
      vertex -3.29978 42 68.8266
      vertex -3.29978 37.99 68.8266
    endloop
  endfacet
  facet normal -0.740893 0 0.671623
    outer loop
      vertex 4.94975 34 70.0503
      vertex 5.41107 49 70.5592
      vertex 4.94975 49 70.0503
    endloop
  endfacet
  facet normal -0.740893 0 0.671623
    outer loop
      vertex 5.41107 49 70.5592
      vertex 4.94975 34 70.0503
      vertex 5.41107 34 70.5592
    endloop
  endfacet
  facet normal 0.146736 0 -0.989176
    outer loop
      vertex -1.36563 35 81.8655
      vertex -0.686119 49 81.9663
      vertex -0.686119 35 81.9663
    endloop
  endfacet
  facet normal 0.146736 0 -0.989176
    outer loop
      vertex -0.686119 49 81.9663
      vertex -1.36563 35 81.8655
      vertex -1.36563 49 81.8655
    endloop
  endfacet
  facet normal -0.427661 0 0.903939
    outer loop
      vertex 2.67878 42 68.5328
      vertex 3.29978 37.99 68.8266
      vertex 3.29978 42 68.8266
    endloop
  endfacet
  facet normal -0.427661 0 0.903939
    outer loop
      vertex 3.29978 37.99 68.8266
      vertex 2.67878 42 68.5328
      vertex 2.67878 37.99 68.5328
    endloop
  endfacet
  facet normal 0.146736 0 0.989176
    outer loop
      vertex -1.36563 42 68.1345
      vertex -0.686119 37.99 68.0337
      vertex -0.686119 42 68.0337
    endloop
  endfacet
  facet normal 0.146736 0 0.989176
    outer loop
      vertex -0.686119 37.99 68.0337
      vertex -1.36563 42 68.1345
      vertex -1.36563 37.99 68.1345
    endloop
  endfacet
  facet normal -0.24296 0 -0.970036
    outer loop
      vertex 1.36563 35 81.8655
      vertex 2.03199 49 81.6986
      vertex 2.03199 35 81.6986
    endloop
  endfacet
  facet normal -0.24296 0 -0.970036
    outer loop
      vertex 2.03199 49 81.6986
      vertex 1.36563 35 81.8655
      vertex 1.36563 49 81.8655
    endloop
  endfacet
  facet normal 0.59559 0 0.803289
    outer loop
      vertex -4.34 49 69.5142
      vertex -4.44075 49 69.5889
      vertex -4.34 42 69.5142
    endloop
  endfacet
  facet normal 0.595709 0 0.803201
    outer loop
      vertex -4.34 42 69.5142
      vertex -3.88899 34 69.1797
      vertex -3.88899 42 69.1797
    endloop
  endfacet
  facet normal 0.595687 -1.89755e-06 0.803217
    outer loop
      vertex -4.34 42 69.5142
      vertex -4.44075 34 69.5889
      vertex -3.88899 34 69.1797
    endloop
  endfacet
  facet normal 0.59559 -0 0.803289
    outer loop
      vertex -4.44075 34 69.5889
      vertex -4.34 42 69.5142
      vertex -4.44075 49 69.5889
    endloop
  endfacet
  facet normal 0.90399 -0 0.427554
    outer loop
      vertex -6.46716 34 72.3212
      vertex -6.17345 49 71.7002
      vertex -6.46716 49 72.3212
    endloop
  endfacet
  facet normal 0.90399 0 0.427554
    outer loop
      vertex -6.17345 49 71.7002
      vertex -6.46716 34 72.3212
      vertex -6.17345 34 71.7002
    endloop
  endfacet
  facet normal 0.427661 0 -0.903939
    outer loop
      vertex -3.29978 35 81.1734
      vertex -2.67878 49 81.4672
      vertex -2.67878 35 81.4672
    endloop
  endfacet
  facet normal 0.427661 0 -0.903939
    outer loop
      vertex -2.67878 49 81.4672
      vertex -3.29978 35 81.1734
      vertex -3.29978 49 81.1734
    endloop
  endfacet
  facet normal -0.336857 0 -0.941556
    outer loop
      vertex 2.03199 35 81.6986
      vertex 2.67878 49 81.4672
      vertex 2.67878 35 81.4672
    endloop
  endfacet
  facet normal -0.336857 0 -0.941556
    outer loop
      vertex 2.67878 49 81.4672
      vertex 2.03199 35 81.6986
      vertex 2.03199 49 81.6986
    endloop
  endfacet
  facet normal 0.595687 0 -0.803217
    outer loop
      vertex -4.44075 35 80.4111
      vertex -3.88899 49 80.8203
      vertex -3.88899 35 80.8203
    endloop
  endfacet
  facet normal 0.595687 0 -0.803217
    outer loop
      vertex -3.88899 49 80.8203
      vertex -4.44075 35 80.4111
      vertex -4.44075 49 80.4111
    endloop
  endfacet
  facet normal 0.90399 0 -0.427554
    outer loop
      vertex -6.17345 35 78.2998
      vertex -6.46716 49 77.6788
      vertex -6.17345 49 78.2998
    endloop
  endfacet
  facet normal 0.90399 0 -0.427554
    outer loop
      vertex -6.46716 49 77.6788
      vertex -6.17345 35 78.2998
      vertex -6.46716 35 77.6788
    endloop
  endfacet
  facet normal -0.51407 0 0.857748
    outer loop
      vertex 3.88899 42 69.1797
      vertex 3.41796 37.99 68.8974
      vertex 3.88899 34 69.1797
    endloop
  endfacet
  facet normal -0.51404 -4.8248e-06 0.857766
    outer loop
      vertex 3.29978 42 68.8266
      vertex 3.41796 37.99 68.8974
      vertex 3.88899 42 69.1797
    endloop
  endfacet
  facet normal -0.513919 0 0.857839
    outer loop
      vertex 3.41796 37.99 68.8974
      vertex 3.29978 42 68.8266
      vertex 3.29978 37.99 68.8266
    endloop
  endfacet
  facet normal -0.51407 0 0.857748
    outer loop
      vertex 3.88899 34 69.1797
      vertex 3.41796 37.99 68.8974
      vertex 3.41796 34 68.8974
    endloop
  endfacet
  facet normal 0.998795 0 -0.0490736
    outer loop
      vertex -6.96629 35 75.6861
      vertex -7 49 75
      vertex -6.96629 49 75.6861
    endloop
  endfacet
  facet normal 0.998795 0 -0.0490736
    outer loop
      vertex -7 49 75
      vertex -6.96629 35 75.6861
      vertex -7 35 75
    endloop
  endfacet
  facet normal -0.59559 0 0.803289
    outer loop
      vertex 4.34 42 69.5142
      vertex 4.44075 49 69.5889
      vertex 4.34 49 69.5142
    endloop
  endfacet
  facet normal -0.59559 0 0.803289
    outer loop
      vertex 4.44075 49 69.5889
      vertex 4.34 42 69.5142
      vertex 4.44075 34 69.5889
    endloop
  endfacet
  facet normal -0.595709 0 0.803201
    outer loop
      vertex 3.88899 34 69.1797
      vertex 4.34 42 69.5142
      vertex 3.88899 42 69.1797
    endloop
  endfacet
  facet normal -0.595687 -1.89755e-06 0.803217
    outer loop
      vertex 4.34 42 69.5142
      vertex 3.88899 34 69.1797
      vertex 4.44075 34 69.5889
    endloop
  endfacet
  facet normal -0.970033 0 -0.242974
    outer loop
      vertex 6.8655 35 76.3656
      vertex 6.69858 49 77.032
      vertex 6.8655 49 76.3656
    endloop
  endfacet
  facet normal -0.970033 -0 -0.242974
    outer loop
      vertex 6.69858 49 77.032
      vertex 6.8655 35 76.3656
      vertex 6.69858 35 77.032
    endloop
  endfacet
  facet normal 0.941548 0 -0.336879
    outer loop
      vertex -6.46716 35 77.6788
      vertex -6.69858 49 77.032
      vertex -6.46716 49 77.6788
    endloop
  endfacet
  facet normal 0.941548 0 -0.336879
    outer loop
      vertex -6.69858 49 77.032
      vertex -6.46716 35 77.6788
      vertex -6.69858 35 77.032
    endloop
  endfacet
  facet normal -0.24296 0 0.970036
    outer loop
      vertex 1.36563 42 68.1345
      vertex 2.03199 37.99 68.3014
      vertex 2.03199 42 68.3014
    endloop
  endfacet
  facet normal -0.24296 0 0.970036
    outer loop
      vertex 2.03199 37.99 68.3014
      vertex 1.36563 42 68.1345
      vertex 1.36563 37.99 68.1345
    endloop
  endfacet
  facet normal 0.740893 -0 0.671623
    outer loop
      vertex -5.41107 34 70.5592
      vertex -4.94975 49 70.0503
      vertex -5.41107 49 70.5592
    endloop
  endfacet
  facet normal 0.740893 0 0.671623
    outer loop
      vertex -4.94975 49 70.0503
      vertex -5.41107 34 70.5592
      vertex -4.94975 34 70.0503
    endloop
  endfacet
  facet normal -0.0490577 0 -0.998796
    outer loop
      vertex 0 35 82
      vertex 0.686119 49 81.9663
      vertex 0.686119 35 81.9663
    endloop
  endfacet
  facet normal -0.0490577 0 -0.998796
    outer loop
      vertex 0.686119 49 81.9663
      vertex 0 35 82
      vertex 0 49 82
    endloop
  endfacet
  facet normal -0.803223 0 0.595678
    outer loop
      vertex 5.41107 34 70.5592
      vertex 5.82029 49 71.111
      vertex 5.41107 49 70.5592
    endloop
  endfacet
  facet normal -0.803223 0 0.595678
    outer loop
      vertex 5.82029 49 71.111
      vertex 5.41107 34 70.5592
      vertex 5.82029 34 71.111
    endloop
  endfacet
  facet normal 0.970033 0 -0.242974
    outer loop
      vertex -6.69858 35 77.032
      vertex -6.8655 49 76.3656
      vertex -6.69858 49 77.032
    endloop
  endfacet
  facet normal 0.970033 0 -0.242974
    outer loop
      vertex -6.8655 49 76.3656
      vertex -6.69858 35 77.032
      vertex -6.8655 35 76.3656
    endloop
  endfacet
  facet normal -0.989177 0 -0.146724
    outer loop
      vertex 6.96629 35 75.6861
      vertex 6.8655 49 76.3656
      vertex 6.96629 49 75.6861
    endloop
  endfacet
  facet normal -0.989177 -0 -0.146724
    outer loop
      vertex 6.8655 49 76.3656
      vertex 6.96629 35 75.6861
      vertex 6.8655 35 76.3656
    endloop
  endfacet
  facet normal -0.51404 0 -0.857766
    outer loop
      vertex 3.29978 35 81.1734
      vertex 3.88899 49 80.8203
      vertex 3.88899 35 80.8203
    endloop
  endfacet
  facet normal -0.51404 0 -0.857766
    outer loop
      vertex 3.88899 49 80.8203
      vertex 3.29978 35 81.1734
      vertex 3.29978 49 81.1734
    endloop
  endfacet
  facet normal 0.941548 -0 0.336879
    outer loop
      vertex -6.69858 34 72.968
      vertex -6.46716 49 72.3212
      vertex -6.69858 49 72.968
    endloop
  endfacet
  facet normal 0.941548 0 0.336879
    outer loop
      vertex -6.46716 49 72.3212
      vertex -6.69858 34 72.968
      vertex -6.46716 34 72.3212
    endloop
  endfacet
  facet normal -0.671614 0 0.740901
    outer loop
      vertex 4.44075 49 69.5889
      vertex 4.94975 34 70.0503
      vertex 4.94975 49 70.0503
    endloop
  endfacet
  facet normal -0.671614 0 0.740901
    outer loop
      vertex 4.94975 34 70.0503
      vertex 4.44075 49 69.5889
      vertex 4.44075 34 69.5889
    endloop
  endfacet
  facet normal 0.989177 -0 0.146724
    outer loop
      vertex -6.96629 34 74.3139
      vertex -6.8655 49 73.6344
      vertex -6.96629 49 74.3139
    endloop
  endfacet
  facet normal 0.989177 0 0.146724
    outer loop
      vertex -6.8655 49 73.6344
      vertex -6.96629 34 74.3139
      vertex -6.8655 34 73.6344
    endloop
  endfacet
  facet normal -0.90399 0 -0.427554
    outer loop
      vertex 6.46716 35 77.6788
      vertex 6.17345 49 78.2998
      vertex 6.46716 49 77.6788
    endloop
  endfacet
  facet normal -0.90399 -0 -0.427554
    outer loop
      vertex 6.17345 49 78.2998
      vertex 6.46716 35 77.6788
      vertex 6.17345 35 78.2998
    endloop
  endfacet
  facet normal -0.336857 0 0.941556
    outer loop
      vertex 2.03199 42 68.3014
      vertex 2.67878 37.99 68.5328
      vertex 2.67878 42 68.5328
    endloop
  endfacet
  facet normal -0.336857 0 0.941556
    outer loop
      vertex 2.67878 37.99 68.5328
      vertex 2.03199 42 68.3014
      vertex 2.03199 37.99 68.3014
    endloop
  endfacet
  facet normal -0.998795 0 -0.0490736
    outer loop
      vertex 7 35 75
      vertex 6.96629 49 75.6861
      vertex 7 49 75
    endloop
  endfacet
  facet normal -0.998795 -0 -0.0490736
    outer loop
      vertex 6.96629 49 75.6861
      vertex 7 35 75
      vertex 6.96629 35 75.6861
    endloop
  endfacet
  facet normal 0 1 0
    outer loop
      vertex 1.35853 34 71.2298
      vertex 7 34 75
      vertex 6.96629 34 74.3139
    endloop
  endfacet
  facet normal 0 1 0
    outer loop
      vertex 7 34 75
      vertex 0 34 71.5
      vertex -7 34 75
    endloop
  endfacet
  facet normal 0 1 0
    outer loop
      vertex 1.67346 34 71.0808
      vertex 6.96629 34 74.3139
      vertex 6.8655 34 73.6344
    endloop
  endfacet
  facet normal 0 1 -0
    outer loop
      vertex -0.34796 34 71.4829
      vertex -7 34 75
      vertex 0 34 71.5
    endloop
  endfacet
  facet normal 0 1 0
    outer loop
      vertex 1.67346 34 71.0808
      vertex 6.8655 34 73.6344
      vertex 6.69858 34 72.968
    endloop
  endfacet
  facet normal 0 1 -0
    outer loop
      vertex -0.69257 34 71.4318
      vertex -7 34 75
      vertex -0.34796 34 71.4829
    endloop
  endfacet
  facet normal 0 1 0
    outer loop
      vertex 1.97227 34 70.9017
      vertex 6.69858 34 72.968
      vertex 6.46716 34 72.3212
    endloop
  endfacet
  facet normal 0 1 -0
    outer loop
      vertex -1.03051 34 71.3471
      vertex -7 34 75
      vertex -0.69257 34 71.4318
    endloop
  endfacet
  facet normal 0 1 0
    outer loop
      vertex 1.97227 34 70.9017
      vertex 6.46716 34 72.3212
      vertex 6.17345 34 71.7002
    endloop
  endfacet
  facet normal 0 1 -0
    outer loop
      vertex -1.35853 34 71.2298
      vertex -7 34 75
      vertex -1.03051 34 71.3471
    endloop
  endfacet
  facet normal 0 1 0
    outer loop
      vertex -7 34 75
      vertex -1.35853 34 71.2298
      vertex -6.96629 34 74.3139
    endloop
  endfacet
  facet normal 0 1 0
    outer loop
      vertex 7 34 75
      vertex 0.34796 34 71.4829
      vertex 0 34 71.5
    endloop
  endfacet
  facet normal 0 1 0
    outer loop
      vertex 7 34 75
      vertex 0.69257 34 71.4318
      vertex 0.34796 34 71.4829
    endloop
  endfacet
  facet normal 0 1 0
    outer loop
      vertex 7 34 75
      vertex 1.03051 34 71.3471
      vertex 0.69257 34 71.4318
    endloop
  endfacet
  facet normal 0 1 0
    outer loop
      vertex 7 34 75
      vertex 1.35853 34 71.2298
      vertex 1.03051 34 71.3471
    endloop
  endfacet
  facet normal 0 1 0
    outer loop
      vertex 2.2521 34 70.6942
      vertex 6.17345 34 71.7002
      vertex 5.82029 34 71.111
    endloop
  endfacet
  facet normal 0 1 0
    outer loop
      vertex 6.96629 34 74.3139
      vertex 1.67346 34 71.0808
      vertex 1.35853 34 71.2298
    endloop
  endfacet
  facet normal 0 1 0
    outer loop
      vertex 6.69858 34 72.968
      vertex 1.97227 34 70.9017
      vertex 1.67346 34 71.0808
    endloop
  endfacet
  facet normal 0 1 0
    outer loop
      vertex 6.17345 34 71.7002
      vertex 2.2521 34 70.6942
      vertex 1.97227 34 70.9017
    endloop
  endfacet
  facet normal 0 1 0
    outer loop
      vertex 2.51023 34 70.4602
      vertex 5.82029 34 71.111
      vertex 5.41107 34 70.5592
    endloop
  endfacet
  facet normal 0 1 0
    outer loop
      vertex 5.82029 34 71.111
      vertex 2.51023 34 70.4602
      vertex 2.2521 34 70.6942
    endloop
  endfacet
  facet normal 0 1 0
    outer loop
      vertex 5.41107 34 70.5592
      vertex 2.74419 34 70.2021
      vertex 2.51023 34 70.4602
    endloop
  endfacet
  facet normal 0 1 -0
    outer loop
      vertex 4.94975 34 70.0503
      vertex 2.74419 34 70.2021
      vertex 5.41107 34 70.5592
    endloop
  endfacet
  facet normal 0 1 0
    outer loop
      vertex 4.94975 34 70.0503
      vertex 2.95172 34 69.9223
      vertex 2.74419 34 70.2021
    endloop
  endfacet
  facet normal 0 1 -0
    outer loop
      vertex 4.44075 34 69.5889
      vertex 2.95172 34 69.9223
      vertex 4.94975 34 70.0503
    endloop
  endfacet
  facet normal 0 1 0
    outer loop
      vertex 2.95172 34 69.9223
      vertex 4.44075 34 69.5889
      vertex 3.13082 34 69.6235
    endloop
  endfacet
  facet normal 0 1 -0
    outer loop
      vertex 3.88899 34 69.1797
      vertex 3.13082 34 69.6235
      vertex 4.44075 34 69.5889
    endloop
  endfacet
  facet normal 0 1 0
    outer loop
      vertex 3.13082 34 69.6235
      vertex 3.88899 34 69.1797
      vertex 3.27977 34 69.3085
    endloop
  endfacet
  facet normal 0 1 0
    outer loop
      vertex 3.88899 34 69.1797
      vertex 3.39714 34 68.9805
      vertex 3.27977 34 69.3085
    endloop
  endfacet
  facet normal -0 1 0
    outer loop
      vertex 3.39714 34 68.9805
      vertex 3.88899 34 69.1797
      vertex 3.41796 34 68.8974
    endloop
  endfacet
  facet normal 0 1 -0
    outer loop
      vertex -1.67346 34 71.0808
      vertex -6.96629 34 74.3139
      vertex -1.35853 34 71.2298
    endloop
  endfacet
  facet normal 0 1 0
    outer loop
      vertex -6.96629 34 74.3139
      vertex -1.67346 34 71.0808
      vertex -6.8655 34 73.6344
    endloop
  endfacet
  facet normal 0 1 0
    outer loop
      vertex -6.8655 34 73.6344
      vertex -1.67346 34 71.0808
      vertex -6.69858 34 72.968
    endloop
  endfacet
  facet normal 0 1 -0
    outer loop
      vertex -1.97227 34 70.9017
      vertex -6.69858 34 72.968
      vertex -1.67346 34 71.0808
    endloop
  endfacet
  facet normal 0 1 0
    outer loop
      vertex -6.69858 34 72.968
      vertex -1.97227 34 70.9017
      vertex -6.46716 34 72.3212
    endloop
  endfacet
  facet normal 0 1 0
    outer loop
      vertex -6.46716 34 72.3212
      vertex -1.97227 34 70.9017
      vertex -6.17345 34 71.7002
    endloop
  endfacet
  facet normal 0 1 -0
    outer loop
      vertex -2.2521 34 70.6942
      vertex -6.17345 34 71.7002
      vertex -1.97227 34 70.9017
    endloop
  endfacet
  facet normal 0 1 0
    outer loop
      vertex -6.17345 34 71.7002
      vertex -2.2521 34 70.6942
      vertex -5.82029 34 71.111
    endloop
  endfacet
  facet normal 0 1 -0
    outer loop
      vertex -2.51023 34 70.4602
      vertex -5.82029 34 71.111
      vertex -2.2521 34 70.6942
    endloop
  endfacet
  facet normal 0 1 0
    outer loop
      vertex -5.82029 34 71.111
      vertex -2.51023 34 70.4602
      vertex -5.41107 34 70.5592
    endloop
  endfacet
  facet normal 0 1 -0
    outer loop
      vertex -2.74419 34 70.2021
      vertex -5.41107 34 70.5592
      vertex -2.51023 34 70.4602
    endloop
  endfacet
  facet normal 0 1 0
    outer loop
      vertex -2.74419 34 70.2021
      vertex -4.94975 34 70.0503
      vertex -5.41107 34 70.5592
    endloop
  endfacet
  facet normal 0 1 -0
    outer loop
      vertex -2.95172 34 69.9223
      vertex -4.94975 34 70.0503
      vertex -2.74419 34 70.2021
    endloop
  endfacet
  facet normal 0 1 0
    outer loop
      vertex -4.44075 34 69.5889
      vertex -2.95172 34 69.9223
      vertex -3.13082 34 69.6235
    endloop
  endfacet
  facet normal 0 1 0
    outer loop
      vertex -2.95172 34 69.9223
      vertex -4.44075 34 69.5889
      vertex -4.94975 34 70.0503
    endloop
  endfacet
  facet normal 0 1 0
    outer loop
      vertex -3.88899 34 69.1797
      vertex -3.13082 34 69.6235
      vertex -3.27977 34 69.3085
    endloop
  endfacet
  facet normal 0 1 0
    outer loop
      vertex -3.13082 34 69.6235
      vertex -3.88899 34 69.1797
      vertex -4.44075 34 69.5889
    endloop
  endfacet
  facet normal 0 1 -0
    outer loop
      vertex -3.39714 34 68.9805
      vertex -3.88899 34 69.1797
      vertex -3.27977 34 69.3085
    endloop
  endfacet
  facet normal 0 1 0
    outer loop
      vertex -3.88899 34 69.1797
      vertex -3.39714 34 68.9805
      vertex -3.41796 34 68.8974
    endloop
  endfacet
  facet normal -0.146736 0 -0.989176
    outer loop
      vertex 0.686119 35 81.9663
      vertex 1.36563 49 81.8655
      vertex 1.36563 35 81.8655
    endloop
  endfacet
  facet normal -0.146736 0 -0.989176
    outer loop
      vertex 1.36563 49 81.8655
      vertex 0.686119 35 81.9663
      vertex 0.686119 49 81.9663
    endloop
  endfacet
  facet normal -0.941548 0 0.336879
    outer loop
      vertex 6.46716 34 72.3212
      vertex 6.69858 49 72.968
      vertex 6.46716 49 72.3212
    endloop
  endfacet
  facet normal -0.941548 0 0.336879
    outer loop
      vertex 6.69858 49 72.968
      vertex 6.46716 34 72.3212
      vertex 6.69858 34 72.968
    endloop
  endfacet
  facet normal -0.803223 0 -0.595678
    outer loop
      vertex 5.82029 35 78.889
      vertex 5.41107 49 79.4408
      vertex 5.82029 49 78.889
    endloop
  endfacet
  facet normal -0.803223 -0 -0.595678
    outer loop
      vertex 5.41107 49 79.4408
      vertex 5.82029 35 78.889
      vertex 5.41107 35 79.4408
    endloop
  endfacet
  facet normal -0.857724 0 -0.51411
    outer loop
      vertex 6.17345 35 78.2998
      vertex 5.82029 49 78.889
      vertex 6.17345 49 78.2998
    endloop
  endfacet
  facet normal -0.857724 -0 -0.51411
    outer loop
      vertex 5.82029 49 78.889
      vertex 6.17345 35 78.2998
      vertex 5.82029 35 78.889
    endloop
  endfacet
  facet normal 0.24296 0 0.970036
    outer loop
      vertex -2.03199 42 68.3014
      vertex -1.36563 37.99 68.1345
      vertex -1.36563 42 68.1345
    endloop
  endfacet
  facet normal 0.24296 0 0.970036
    outer loop
      vertex -1.36563 37.99 68.1345
      vertex -2.03199 42 68.3014
      vertex -2.03199 37.99 68.3014
    endloop
  endfacet
  facet normal -0.941548 0 -0.336879
    outer loop
      vertex 6.69858 35 77.032
      vertex 6.46716 49 77.6788
      vertex 6.69858 49 77.032
    endloop
  endfacet
  facet normal -0.941548 -0 -0.336879
    outer loop
      vertex 6.46716 49 77.6788
      vertex 6.69858 35 77.032
      vertex 6.46716 35 77.6788
    endloop
  endfacet
  facet normal -0.0490577 0 0.998796
    outer loop
      vertex 0 42 68
      vertex 0.686119 37.99 68.0337
      vertex 0.686119 42 68.0337
    endloop
  endfacet
  facet normal -0.0490577 0 0.998796
    outer loop
      vertex 0.686119 37.99 68.0337
      vertex 0 42 68
      vertex 0 37.99 68
    endloop
  endfacet
  facet normal 0.513919 0 0.857839
    outer loop
      vertex -3.29978 42 68.8266
      vertex -3.41796 37.99 68.8974
      vertex -3.29978 37.99 68.8266
    endloop
  endfacet
  facet normal 0.51404 -4.8248e-06 0.857766
    outer loop
      vertex -3.88899 42 69.1797
      vertex -3.41796 37.99 68.8974
      vertex -3.29978 42 68.8266
    endloop
  endfacet
  facet normal 0.51407 -0 0.857748
    outer loop
      vertex -3.88899 34 69.1797
      vertex -3.41796 37.99 68.8974
      vertex -3.88899 42 69.1797
    endloop
  endfacet
  facet normal 0.51407 0 0.857748
    outer loop
      vertex -3.41796 37.99 68.8974
      vertex -3.88899 34 69.1797
      vertex -3.41796 34 68.8974
    endloop
  endfacet
  facet normal -0.90399 0 0.427554
    outer loop
      vertex 6.17345 34 71.7002
      vertex 6.46716 49 72.3212
      vertex 6.17345 49 71.7002
    endloop
  endfacet
  facet normal -0.90399 0 0.427554
    outer loop
      vertex 6.46716 49 72.3212
      vertex 6.17345 34 71.7002
      vertex 6.46716 34 72.3212
    endloop
  endfacet
  facet normal -0.146736 0 0.989176
    outer loop
      vertex 0.686119 42 68.0337
      vertex 1.36563 37.99 68.1345
      vertex 1.36563 42 68.1345
    endloop
  endfacet
  facet normal -0.146736 0 0.989176
    outer loop
      vertex 1.36563 37.99 68.1345
      vertex 0.686119 42 68.0337
      vertex 0.686119 37.99 68.0337
    endloop
  endfacet
  facet normal 0.24296 0 -0.970036
    outer loop
      vertex -2.03199 35 81.6986
      vertex -1.36563 49 81.8655
      vertex -1.36563 35 81.8655
    endloop
  endfacet
  facet normal 0.24296 0 -0.970036
    outer loop
      vertex -1.36563 49 81.8655
      vertex -2.03199 35 81.6986
      vertex -2.03199 49 81.6986
    endloop
  endfacet
  facet normal 0.857724 0 -0.51411
    outer loop
      vertex -5.82029 35 78.889
      vertex -6.17345 49 78.2998
      vertex -5.82029 49 78.889
    endloop
  endfacet
  facet normal 0.857724 0 -0.51411
    outer loop
      vertex -6.17345 49 78.2998
      vertex -5.82029 35 78.889
      vertex -6.17345 35 78.2998
    endloop
  endfacet
  facet normal -0.857724 0 0.51411
    outer loop
      vertex 5.82029 34 71.111
      vertex 6.17345 49 71.7002
      vertex 5.82029 49 71.111
    endloop
  endfacet
  facet normal -0.857724 0 0.51411
    outer loop
      vertex 6.17345 49 71.7002
      vertex 5.82029 34 71.111
      vertex 6.17345 34 71.7002
    endloop
  endfacet
  facet normal 0.336857 0 0.941556
    outer loop
      vertex -2.67878 42 68.5328
      vertex -2.03199 37.99 68.3014
      vertex -2.03199 42 68.3014
    endloop
  endfacet
  facet normal 0.336857 0 0.941556
    outer loop
      vertex -2.03199 37.99 68.3014
      vertex -2.67878 42 68.5328
      vertex -2.67878 37.99 68.5328
    endloop
  endfacet
  facet normal 0.740893 0 -0.671623
    outer loop
      vertex -4.94975 35 79.9497
      vertex -5.41107 49 79.4408
      vertex -4.94975 49 79.9497
    endloop
  endfacet
  facet normal 0.740893 0 -0.671623
    outer loop
      vertex -5.41107 49 79.4408
      vertex -4.94975 35 79.9497
      vertex -5.41107 35 79.4408
    endloop
  endfacet
  facet normal 0.671614 0 0.740901
    outer loop
      vertex -4.94975 49 70.0503
      vertex -4.44075 34 69.5889
      vertex -4.44075 49 69.5889
    endloop
  endfacet
  facet normal 0.671614 0 0.740901
    outer loop
      vertex -4.44075 34 69.5889
      vertex -4.94975 49 70.0503
      vertex -4.94975 34 70.0503
    endloop
  endfacet
  facet normal 0.51404 0 -0.857766
    outer loop
      vertex -3.88899 35 80.8203
      vertex -3.29978 49 81.1734
      vertex -3.29978 35 81.1734
    endloop
  endfacet
  facet normal 0.51404 0 -0.857766
    outer loop
      vertex -3.29978 49 81.1734
      vertex -3.88899 35 80.8203
      vertex -3.88899 49 80.8203
    endloop
  endfacet
  facet normal 0.970033 -0 0.242974
    outer loop
      vertex -6.8655 34 73.6344
      vertex -6.69858 49 72.968
      vertex -6.8655 49 73.6344
    endloop
  endfacet
  facet normal 0.970033 0 0.242974
    outer loop
      vertex -6.69858 49 72.968
      vertex -6.8655 34 73.6344
      vertex -6.69858 34 72.968
    endloop
  endfacet
  facet normal 0.803223 0 -0.595678
    outer loop
      vertex -5.41107 35 79.4408
      vertex -5.82029 49 78.889
      vertex -5.41107 49 79.4408
    endloop
  endfacet
  facet normal 0.803223 0 -0.595678
    outer loop
      vertex -5.82029 49 78.889
      vertex -5.41107 35 79.4408
      vertex -5.82029 35 78.889
    endloop
  endfacet
  facet normal 0.989177 0 -0.146724
    outer loop
      vertex -6.8655 35 76.3656
      vertex -6.96629 49 75.6861
      vertex -6.8655 49 76.3656
    endloop
  endfacet
  facet normal 0.989177 0 -0.146724
    outer loop
      vertex -6.96629 49 75.6861
      vertex -6.8655 35 76.3656
      vertex -6.96629 35 75.6861
    endloop
  endfacet
  facet normal -0.595687 0 -0.803217
    outer loop
      vertex 3.88899 35 80.8203
      vertex 4.44075 49 80.4111
      vertex 4.44075 35 80.4111
    endloop
  endfacet
  facet normal -0.595687 0 -0.803217
    outer loop
      vertex 4.44075 49 80.4111
      vertex 3.88899 35 80.8203
      vertex 3.88899 49 80.8203
    endloop
  endfacet
  facet normal 0.671614 0 -0.740901
    outer loop
      vertex -4.94975 35 79.9497
      vertex -4.44075 49 80.4111
      vertex -4.44075 35 80.4111
    endloop
  endfacet
  facet normal 0.671614 0 -0.740901
    outer loop
      vertex -4.44075 49 80.4111
      vertex -4.94975 35 79.9497
      vertex -4.94975 49 79.9497
    endloop
  endfacet
  facet normal 0.803223 -0 0.595678
    outer loop
      vertex -5.82029 34 71.111
      vertex -5.41107 49 70.5592
      vertex -5.82029 49 71.111
    endloop
  endfacet
  facet normal 0.803223 0 0.595678
    outer loop
      vertex -5.41107 49 70.5592
      vertex -5.82029 34 71.111
      vertex -5.41107 34 70.5592
    endloop
  endfacet
  facet normal 0.857724 -0 0.51411
    outer loop
      vertex -6.17345 34 71.7002
      vertex -5.82029 49 71.111
      vertex -6.17345 49 71.7002
    endloop
  endfacet
  facet normal 0.857724 0 0.51411
    outer loop
      vertex -5.82029 49 71.111
      vertex -6.17345 34 71.7002
      vertex -5.82029 34 71.111
    endloop
  endfacet
  facet normal 0.0490577 0 -0.998796
    outer loop
      vertex -0.686119 35 81.9663
      vertex 0 49 82
      vertex 0 35 82
    endloop
  endfacet
  facet normal 0.0490577 0 -0.998796
    outer loop
      vertex 0 49 82
      vertex -0.686119 35 81.9663
      vertex -0.686119 49 81.9663
    endloop
  endfacet
  facet normal 0.998795 -0 0.0490736
    outer loop
      vertex -7 35 75
      vertex -6.96629 49 74.3139
      vertex -7 49 75
    endloop
  endfacet
  facet normal 0.998795 0 0.0490736
    outer loop
      vertex -6.96629 34 74.3139
      vertex -7 35 75
      vertex -7 34 75
    endloop
  endfacet
  facet normal 0.998795 0 0.0490736
    outer loop
      vertex -7 35 75
      vertex -6.96629 34 74.3139
      vertex -6.96629 49 74.3139
    endloop
  endfacet
  facet normal 0.336857 0 -0.941556
    outer loop
      vertex -2.67878 35 81.4672
      vertex -2.03199 49 81.6986
      vertex -2.03199 35 81.6986
    endloop
  endfacet
  facet normal 0.336857 0 -0.941556
    outer loop
      vertex -2.03199 49 81.6986
      vertex -2.67878 35 81.4672
      vertex -2.67878 49 81.4672
    endloop
  endfacet
  facet normal -0.740893 0 -0.671623
    outer loop
      vertex 5.41107 35 79.4408
      vertex 4.94975 49 79.9497
      vertex 5.41107 49 79.4408
    endloop
  endfacet
  facet normal -0.740893 -0 -0.671623
    outer loop
      vertex 4.94975 49 79.9497
      vertex 5.41107 35 79.4408
      vertex 4.94975 35 79.9497
    endloop
  endfacet
  facet normal -0.671614 0 -0.740901
    outer loop
      vertex 4.44075 35 80.4111
      vertex 4.94975 49 79.9497
      vertex 4.94975 35 79.9497
    endloop
  endfacet
  facet normal -0.671614 0 -0.740901
    outer loop
      vertex 4.94975 49 79.9497
      vertex 4.44075 35 80.4111
      vertex 4.44075 49 80.4111
    endloop
  endfacet
  facet normal -1 0 0
    outer loop
      vertex 4.34 42 64.8438
      vertex 4.34 49 69.5142
      vertex 4.34 49 64.8438
    endloop
  endfacet
  facet normal -1 -0 0
    outer loop
      vertex 4.34 49 69.5142
      vertex 4.34 42 64.8438
      vertex 4.34 42 69.5142
    endloop
  endfacet
  facet normal 1 -0 0
    outer loop
      vertex -4.34 42 69.5142
      vertex -4.34 49 64.8438
      vertex -4.34 49 69.5142
    endloop
  endfacet
  facet normal 1 0 0
    outer loop
      vertex -4.34 49 64.8438
      vertex -4.34 42 69.5142
      vertex -4.34 42 64.8438
    endloop
  endfacet
  facet normal 0 1 0
    outer loop
      vertex 2.03199 42 68.3014
      vertex 3.20765 42 64.4258
      vertex 1.36563 42 68.1345
    endloop
  endfacet
  facet normal 0 1 -0
    outer loop
      vertex 3.20765 42 64.4258
      vertex 2.03199 42 68.3014
      vertex 4.22865 42 64.7911
    endloop
  endfacet
  facet normal 0 1 0
    outer loop
      vertex 2.67878 42 68.5328
      vertex 4.22865 42 64.7911
      vertex 2.03199 42 68.3014
    endloop
  endfacet
  facet normal 0 1 -0
    outer loop
      vertex 4.22865 42 64.7911
      vertex 2.67878 42 68.5328
      vertex 4.34 42 64.8438
    endloop
  endfacet
  facet normal 0 1 0
    outer loop
      vertex 3.29978 42 68.8266
      vertex 4.34 42 64.8438
      vertex 2.67878 42 68.5328
    endloop
  endfacet
  facet normal 0 1 0
    outer loop
      vertex 3.88899 42 69.1797
      vertex 4.34 42 64.8438
      vertex 3.29978 42 68.8266
    endloop
  endfacet
  facet normal 0 1 -0
    outer loop
      vertex 4.34 42 64.8438
      vertex 3.88899 42 69.1797
      vertex 4.34 42 69.5142
    endloop
  endfacet
  facet normal 0 1 -0
    outer loop
      vertex 2.15575 42 64.1623
      vertex 1.36563 42 68.1345
      vertex 3.20765 42 64.4258
    endloop
  endfacet
  facet normal 0 1 0
    outer loop
      vertex 1.36563 42 68.1345
      vertex 2.15575 42 64.1623
      vertex 0.686119 42 68.0337
    endloop
  endfacet
  facet normal 0 1 -0
    outer loop
      vertex 1.08309 42 64.0032
      vertex 0.686119 42 68.0337
      vertex 2.15575 42 64.1623
    endloop
  endfacet
  facet normal 0 1 0
    outer loop
      vertex 0.686119 42 68.0337
      vertex 1.08309 42 64.0032
      vertex 0 42 68
    endloop
  endfacet
  facet normal 0 1 0
    outer loop
      vertex 0 42 63.95
      vertex 0 42 68
      vertex 1.08309 42 64.0032
    endloop
  endfacet
  facet normal 0 1 0
    outer loop
      vertex -3.88899 42 69.1797
      vertex -4.34 42 64.8438
      vertex -4.34 42 69.5142
    endloop
  endfacet
  facet normal 0 1 0
    outer loop
      vertex -3.29978 42 68.8266
      vertex -4.34 42 64.8438
      vertex -3.88899 42 69.1797
    endloop
  endfacet
  facet normal 0 1 0
    outer loop
      vertex 0 42 68
      vertex 0 42 63.95
      vertex -0.686119 42 68.0337
    endloop
  endfacet
  facet normal -0 1 0
    outer loop
      vertex -1.08309 42 64.0032
      vertex -0.686119 42 68.0337
      vertex 0 42 63.95
    endloop
  endfacet
  facet normal 0 1 0
    outer loop
      vertex -0.686119 42 68.0337
      vertex -1.08309 42 64.0032
      vertex -1.36563 42 68.1345
    endloop
  endfacet
  facet normal -0 1 0
    outer loop
      vertex -4.34 42 64.8438
      vertex -2.67878 42 68.5328
      vertex -4.22865 42 64.7911
    endloop
  endfacet
  facet normal 0 1 0
    outer loop
      vertex -2.67878 42 68.5328
      vertex -4.34 42 64.8438
      vertex -3.29978 42 68.8266
    endloop
  endfacet
  facet normal -0 1 0
    outer loop
      vertex -2.15575 42 64.1623
      vertex -1.36563 42 68.1345
      vertex -1.08309 42 64.0032
    endloop
  endfacet
  facet normal -0 1 0
    outer loop
      vertex -4.22865 42 64.7911
      vertex -2.67878 42 68.5328
      vertex -3.20765 42 64.4258
    endloop
  endfacet
  facet normal 0 1 0
    outer loop
      vertex -1.36563 42 68.1345
      vertex -2.15575 42 64.1623
      vertex -2.03199 42 68.3014
    endloop
  endfacet
  facet normal 0 1 0
    outer loop
      vertex -2.03199 42 68.3014
      vertex -3.20765 42 64.4258
      vertex -2.67878 42 68.5328
    endloop
  endfacet
  facet normal -0 1 0
    outer loop
      vertex -3.20765 42 64.4258
      vertex -2.03199 42 68.3014
      vertex -2.15575 42 64.1623
    endloop
  endfacet
  facet normal -0.989175 0 -0.14674
    outer loop
      vertex -3.48179 32 61.3574
      vertex -3.53291 37.99 61.702
      vertex -3.48179 37.99 61.3574
    endloop
  endfacet
  facet normal -0.989175 -0 -0.14674
    outer loop
      vertex -3.53291 37.99 61.702
      vertex -3.48179 32 61.3574
      vertex -3.53291 32 61.702
    endloop
  endfacet
  facet normal -0.857721 0 -0.514116
    outer loop
      vertex -2.95172 32 60.0777
      vertex -3.13082 37.99 60.3765
      vertex -2.95172 37.99 60.0777
    endloop
  endfacet
  facet normal -0.857721 -0 -0.514116
    outer loop
      vertex -3.13082 37.99 60.3765
      vertex -2.95172 32 60.0777
      vertex -3.13082 32 60.3765
    endloop
  endfacet
  facet normal -0.803185 0 -0.595729
    outer loop
      vertex -2.74419 32 59.7979
      vertex -2.95172 37.99 60.0777
      vertex -2.74419 37.99 59.7979
    endloop
  endfacet
  facet normal -0.803185 -0 -0.595729
    outer loop
      vertex -2.95172 37.99 60.0777
      vertex -2.74419 32 59.7979
      vertex -2.95172 32 60.0777
    endloop
  endfacet
  facet normal -0.904027 0 -0.427476
    outer loop
      vertex -3.13082 32 60.3765
      vertex -3.27977 37.99 60.6915
      vertex -3.13082 37.99 60.3765
    endloop
  endfacet
  facet normal -0.904027 -0 -0.427476
    outer loop
      vertex -3.27977 37.99 60.6915
      vertex -3.13082 32 60.3765
      vertex -3.27977 32 60.6915
    endloop
  endfacet
  facet normal 0.0490843 0 -0.998795
    outer loop
      vertex 0 32 58.5
      vertex 0.34796 37.99 58.5171
      vertex 0.34796 32 58.5171
    endloop
  endfacet
  facet normal 0.0490843 0 -0.998795
    outer loop
      vertex 0.34796 37.99 58.5171
      vertex 0 32 58.5
      vertex 0 37.99 58.5
    endloop
  endfacet
  facet normal -0.970024 0 -0.243008
    outer loop
      vertex -3.39714 32 61.0195
      vertex -3.48179 37.99 61.3574
      vertex -3.39714 37.99 61.0195
    endloop
  endfacet
  facet normal -0.970024 -0 -0.243008
    outer loop
      vertex -3.48179 37.99 61.3574
      vertex -3.39714 32 61.0195
      vertex -3.48179 32 61.3574
    endloop
  endfacet
  facet normal 0.336718 0 -0.941605
    outer loop
      vertex 1.03051 32 58.6529
      vertex 1.35853 37.99 58.7702
      vertex 1.35853 32 58.7702
    endloop
  endfacet
  facet normal 0.336718 0 -0.941605
    outer loop
      vertex 1.35853 37.99 58.7702
      vertex 1.03051 32 58.6529
      vertex 1.03051 37.99 58.6529
    endloop
  endfacet
  facet normal -0.514103 0 -0.857728
    outer loop
      vertex -1.97227 32 59.0983
      vertex -1.67346 37.99 58.9192
      vertex -1.67346 32 58.9192
    endloop
  endfacet
  facet normal -0.514103 0 -0.857728
    outer loop
      vertex -1.67346 37.99 58.9192
      vertex -1.97227 32 59.0983
      vertex -1.97227 37.99 59.0983
    endloop
  endfacet
  facet normal 0.970024 0 -0.243008
    outer loop
      vertex 3.48179 32 61.3574
      vertex 3.39714 37.99 61.0195
      vertex 3.48179 37.99 61.3574
    endloop
  endfacet
  facet normal 0.970024 0 -0.243008
    outer loop
      vertex 3.39714 37.99 61.0195
      vertex 3.48179 32 61.3574
      vertex 3.39714 32 61.0195
    endloop
  endfacet
  facet normal -0.998796 0 -0.0490501
    outer loop
      vertex -3.53291 32 61.702
      vertex -3.55 37.99 62.05
      vertex -3.53291 37.99 61.702
    endloop
  endfacet
  facet normal -0.998796 -0 -0.0490501
    outer loop
      vertex -3.55 37.99 62.05
      vertex -3.53291 32 61.702
      vertex -3.55 32 62.05
    endloop
  endfacet
  facet normal -0.740906 0 -0.671609
    outer loop
      vertex -2.51023 32 59.5398
      vertex -2.74419 37.99 59.7979
      vertex -2.51023 37.99 59.5398
    endloop
  endfacet
  facet normal -0.740906 -0 -0.671609
    outer loop
      vertex -2.74419 37.99 59.7979
      vertex -2.51023 32 59.5398
      vertex -2.74419 32 59.7979
    endloop
  endfacet
  facet normal -1 0 0
    outer loop
      vertex -3.55 32 62.05
      vertex -3.55 37.99 63.95
      vertex -3.55 37.99 62.05
    endloop
  endfacet
  facet normal -1 -0 0
    outer loop
      vertex -3.55 37.99 63.95
      vertex -3.55 32 62.05
      vertex -3.55 32 63.95
    endloop
  endfacet
  facet normal 0.989175 0 -0.14674
    outer loop
      vertex 3.53291 32 61.702
      vertex 3.48179 37.99 61.3574
      vertex 3.53291 37.99 61.702
    endloop
  endfacet
  facet normal 0.989175 0 -0.14674
    outer loop
      vertex 3.48179 37.99 61.3574
      vertex 3.53291 32 61.702
      vertex 3.48179 32 61.3574
    endloop
  endfacet
  facet normal 0.904027 0 -0.427476
    outer loop
      vertex 3.27977 32 60.6915
      vertex 3.13082 37.99 60.3765
      vertex 3.27977 37.99 60.6915
    endloop
  endfacet
  facet normal 0.904027 0 -0.427476
    outer loop
      vertex 3.13082 37.99 60.3765
      vertex 3.27977 32 60.6915
      vertex 3.13082 32 60.3765
    endloop
  endfacet
  facet normal -0.336718 0 0.941605
    outer loop
      vertex -1.35853 37.99 71.2298
      vertex -1.03051 34 71.3471
      vertex -1.03051 37.99 71.3471
    endloop
  endfacet
  facet normal -0.336718 0 0.941605
    outer loop
      vertex -1.03051 34 71.3471
      vertex -1.35853 37.99 71.2298
      vertex -1.35853 34 71.2298
    endloop
  endfacet
  facet normal 0.941535 -0 0.336915
    outer loop
      vertex 3.27977 34 69.3085
      vertex 3.39714 37.99 68.9805
      vertex 3.27977 37.99 69.3085
    endloop
  endfacet
  facet normal 0.941535 0 0.336915
    outer loop
      vertex 3.39714 37.99 68.9805
      vertex 3.27977 34 69.3085
      vertex 3.39714 34 68.9805
    endloop
  endfacet
  facet normal -0.243116 0 0.969997
    outer loop
      vertex -1.03051 37.99 71.3471
      vertex -0.69257 34 71.4318
      vertex -0.69257 37.99 71.4318
    endloop
  endfacet
  facet normal -0.243116 0 0.969997
    outer loop
      vertex -0.69257 34 71.4318
      vertex -1.03051 37.99 71.3471
      vertex -1.03051 34 71.3471
    endloop
  endfacet
  facet normal 0.740906 0 -0.671609
    outer loop
      vertex 2.74419 32 59.7979
      vertex 2.51023 37.99 59.5398
      vertex 2.74419 37.99 59.7979
    endloop
  endfacet
  facet normal 0.740906 0 -0.671609
    outer loop
      vertex 2.51023 37.99 59.5398
      vertex 2.74419 32 59.7979
      vertex 2.51023 32 59.5398
    endloop
  endfacet
  facet normal -0.671629 0 -0.740887
    outer loop
      vertex -2.51023 32 59.5398
      vertex -2.2521 37.99 59.3058
      vertex -2.2521 32 59.3058
    endloop
  endfacet
  facet normal -0.671629 0 -0.740887
    outer loop
      vertex -2.2521 37.99 59.3058
      vertex -2.51023 32 59.5398
      vertex -2.51023 37.99 59.5398
    endloop
  endfacet
  facet normal 0.740906 -0 0.671609
    outer loop
      vertex 2.51023 34 70.4602
      vertex 2.74419 37.99 70.2021
      vertex 2.51023 37.99 70.4602
    endloop
  endfacet
  facet normal 0.740906 0 0.671609
    outer loop
      vertex 2.74419 37.99 70.2021
      vertex 2.51023 34 70.4602
      vertex 2.74419 34 70.2021
    endloop
  endfacet
  facet normal -0.970019 0 0.24303
    outer loop
      vertex -3.41796 34 68.8974
      vertex -3.39714 37.99 68.9805
      vertex -3.41796 37.99 68.8974
    endloop
  endfacet
  facet normal -0.970019 0 0.24303
    outer loop
      vertex -3.39714 37.99 68.9805
      vertex -3.41796 34 68.8974
      vertex -3.39714 34 68.9805
    endloop
  endfacet
  facet normal 0.595633 0 0.803257
    outer loop
      vertex 1.97227 37.99 70.9017
      vertex 2.2521 34 70.6942
      vertex 2.2521 37.99 70.6942
    endloop
  endfacet
  facet normal 0.595633 0 0.803257
    outer loop
      vertex 2.2521 34 70.6942
      vertex 1.97227 37.99 70.9017
      vertex 1.97227 34 70.9017
    endloop
  endfacet
  facet normal 0 1 0
    outer loop
      vertex 0 37.99 68
      vertex 0 37.99 71.5
      vertex 0.34796 37.99 71.4829
    endloop
  endfacet
  facet normal 0 1 0
    outer loop
      vertex 0 37.99 68
      vertex 0.34796 37.99 71.4829
      vertex 0.69257 37.99 71.4318
    endloop
  endfacet
  facet normal 0 1 0
    outer loop
      vertex 0 37.99 71.5
      vertex 0 37.99 68
      vertex -0.34796 37.99 71.4829
    endloop
  endfacet
  facet normal 0 1 0
    outer loop
      vertex 0.686119 37.99 68.0337
      vertex 0.69257 37.99 71.4318
      vertex 1.03051 37.99 71.3471
    endloop
  endfacet
  facet normal 0 1 0
    outer loop
      vertex -0.34796 37.99 71.4829
      vertex 0 37.99 68
      vertex -0.69257 37.99 71.4318
    endloop
  endfacet
  facet normal 0 1 0
    outer loop
      vertex 0.686119 37.99 68.0337
      vertex 1.03051 37.99 71.3471
      vertex 1.35853 37.99 71.2298
    endloop
  endfacet
  facet normal -0 1 -0
    outer loop
      vertex -0.686119 37.99 68.0337
      vertex -0.69257 37.99 71.4318
      vertex 0 37.99 68
    endloop
  endfacet
  facet normal 0 1 -0
    outer loop
      vertex 1.36563 37.99 68.1345
      vertex 1.35853 37.99 71.2298
      vertex 1.67346 37.99 71.0808
    endloop
  endfacet
  facet normal 0 1 0
    outer loop
      vertex -0.69257 37.99 71.4318
      vertex -0.686119 37.99 68.0337
      vertex -1.03051 37.99 71.3471
    endloop
  endfacet
  facet normal 0 1 0
    outer loop
      vertex 1.36563 37.99 68.1345
      vertex 1.67346 37.99 71.0808
      vertex 1.97227 37.99 70.9017
    endloop
  endfacet
  facet normal 0 1 0
    outer loop
      vertex -1.03051 37.99 71.3471
      vertex -0.686119 37.99 68.0337
      vertex -1.35853 37.99 71.2298
    endloop
  endfacet
  facet normal 0 1 0
    outer loop
      vertex 1.36563 37.99 68.1345
      vertex 1.97227 37.99 70.9017
      vertex 2.2521 37.99 70.6942
    endloop
  endfacet
  facet normal -0 1 0
    outer loop
      vertex -1.36563 37.99 68.1345
      vertex -1.35853 37.99 71.2298
      vertex -0.686119 37.99 68.0337
    endloop
  endfacet
  facet normal 0 1 0
    outer loop
      vertex 2.03199 37.99 68.3014
      vertex 2.2521 37.99 70.6942
      vertex 2.51023 37.99 70.4602
    endloop
  endfacet
  facet normal 0 1 0
    outer loop
      vertex -1.35853 37.99 71.2298
      vertex -1.36563 37.99 68.1345
      vertex -1.67346 37.99 71.0808
    endloop
  endfacet
  facet normal 0 1 0
    outer loop
      vertex 2.03199 37.99 68.3014
      vertex 2.51023 37.99 70.4602
      vertex 2.74419 37.99 70.2021
    endloop
  endfacet
  facet normal 0 1 0
    outer loop
      vertex -1.67346 37.99 71.0808
      vertex -1.36563 37.99 68.1345
      vertex -1.97227 37.99 70.9017
    endloop
  endfacet
  facet normal 0 1 0
    outer loop
      vertex 2.03199 37.99 68.3014
      vertex 2.74419 37.99 70.2021
      vertex 2.95172 37.99 69.9223
    endloop
  endfacet
  facet normal 0 1 0
    outer loop
      vertex -1.97227 37.99 70.9017
      vertex -1.36563 37.99 68.1345
      vertex -2.2521 37.99 70.6942
    endloop
  endfacet
  facet normal 0 1 0
    outer loop
      vertex 2.67878 37.99 68.5328
      vertex 2.95172 37.99 69.9223
      vertex 3.13082 37.99 69.6235
    endloop
  endfacet
  facet normal -0 1 -0
    outer loop
      vertex -2.03199 37.99 68.3014
      vertex -2.2521 37.99 70.6942
      vertex -1.36563 37.99 68.1345
    endloop
  endfacet
  facet normal 0 1 0
    outer loop
      vertex 2.67878 37.99 68.5328
      vertex 3.13082 37.99 69.6235
      vertex 3.27977 37.99 69.3085
    endloop
  endfacet
  facet normal 0 1 0
    outer loop
      vertex 0.69257 37.99 71.4318
      vertex 0.686119 37.99 68.0337
      vertex 0 37.99 68
    endloop
  endfacet
  facet normal 0 1 -0
    outer loop
      vertex 3.29978 37.99 68.8266
      vertex 3.27977 37.99 69.3085
      vertex 3.39714 37.99 68.9805
    endloop
  endfacet
  facet normal 0 1 0
    outer loop
      vertex 1.35853 37.99 71.2298
      vertex 1.36563 37.99 68.1345
      vertex 0.686119 37.99 68.0337
    endloop
  endfacet
  facet normal 0 1 0
    outer loop
      vertex 3.29978 37.99 68.8266
      vertex 3.39714 37.99 68.9805
      vertex 3.41796 37.99 68.8974
    endloop
  endfacet
  facet normal 0 1 0
    outer loop
      vertex 2.95172 37.99 69.9223
      vertex 2.67878 37.99 68.5328
      vertex 2.03199 37.99 68.3014
    endloop
  endfacet
  facet normal 0 1 0
    outer loop
      vertex 3.27977 37.99 69.3085
      vertex 3.29978 37.99 68.8266
      vertex 2.67878 37.99 68.5328
    endloop
  endfacet
  facet normal 0 1 0
    outer loop
      vertex 2.2521 37.99 70.6942
      vertex 2.03199 37.99 68.3014
      vertex 1.36563 37.99 68.1345
    endloop
  endfacet
  facet normal 0 1 0
    outer loop
      vertex -3.27977 37.99 69.3085
      vertex -3.29978 37.99 68.8266
      vertex -3.39714 37.99 68.9805
    endloop
  endfacet
  facet normal 0 1 0
    outer loop
      vertex -3.39714 37.99 68.9805
      vertex -3.29978 37.99 68.8266
      vertex -3.41796 37.99 68.8974
    endloop
  endfacet
  facet normal 0 1 0
    outer loop
      vertex -2.2521 37.99 70.6942
      vertex -2.03199 37.99 68.3014
      vertex -2.51023 37.99 70.4602
    endloop
  endfacet
  facet normal -0 1 0
    outer loop
      vertex -3.29978 37.99 68.8266
      vertex -3.27977 37.99 69.3085
      vertex -2.67878 37.99 68.5328
    endloop
  endfacet
  facet normal 0 1 0
    outer loop
      vertex -2.51023 37.99 70.4602
      vertex -2.03199 37.99 68.3014
      vertex -2.74419 37.99 70.2021
    endloop
  endfacet
  facet normal 0 1 0
    outer loop
      vertex -3.13082 37.99 69.6235
      vertex -2.67878 37.99 68.5328
      vertex -3.27977 37.99 69.3085
    endloop
  endfacet
  facet normal -0 1 -0
    outer loop
      vertex -2.67878 37.99 68.5328
      vertex -2.95172 37.99 69.9223
      vertex -2.03199 37.99 68.3014
    endloop
  endfacet
  facet normal 0 1 0
    outer loop
      vertex -2.95172 37.99 69.9223
      vertex -2.67878 37.99 68.5328
      vertex -3.13082 37.99 69.6235
    endloop
  endfacet
  facet normal 0 1 0
    outer loop
      vertex -2.74419 37.99 70.2021
      vertex -2.03199 37.99 68.3014
      vertex -2.95172 37.99 69.9223
    endloop
  endfacet
  facet normal 0 1 -0
    outer loop
      vertex 3.55 37.99 62.05
      vertex -3.55 37.99 63.95
      vertex 3.55 37.99 63.95
    endloop
  endfacet
  facet normal 0 1 0
    outer loop
      vertex 3.55 37.99 62.05
      vertex -3.55 37.99 62.05
      vertex -3.55 37.99 63.95
    endloop
  endfacet
  facet normal 0 1 -0
    outer loop
      vertex 3.53291 37.99 61.702
      vertex -3.55 37.99 62.05
      vertex 3.55 37.99 62.05
    endloop
  endfacet
  facet normal 0 1 0
    outer loop
      vertex 3.53291 37.99 61.702
      vertex -3.53291 37.99 61.702
      vertex -3.55 37.99 62.05
    endloop
  endfacet
  facet normal 0 1 -0
    outer loop
      vertex 3.48179 37.99 61.3574
      vertex -3.53291 37.99 61.702
      vertex 3.53291 37.99 61.702
    endloop
  endfacet
  facet normal 0 1 0
    outer loop
      vertex 3.48179 37.99 61.3574
      vertex -3.48179 37.99 61.3574
      vertex -3.53291 37.99 61.702
    endloop
  endfacet
  facet normal 0 1 -0
    outer loop
      vertex 3.39714 37.99 61.0195
      vertex -3.48179 37.99 61.3574
      vertex 3.48179 37.99 61.3574
    endloop
  endfacet
  facet normal 0 1 0
    outer loop
      vertex 3.39714 37.99 61.0195
      vertex -3.39714 37.99 61.0195
      vertex -3.48179 37.99 61.3574
    endloop
  endfacet
  facet normal 0 1 -0
    outer loop
      vertex 3.27977 37.99 60.6915
      vertex -3.39714 37.99 61.0195
      vertex 3.39714 37.99 61.0195
    endloop
  endfacet
  facet normal 0 1 0
    outer loop
      vertex 3.27977 37.99 60.6915
      vertex -3.27977 37.99 60.6915
      vertex -3.39714 37.99 61.0195
    endloop
  endfacet
  facet normal 0 1 -0
    outer loop
      vertex 3.13082 37.99 60.3765
      vertex -3.27977 37.99 60.6915
      vertex 3.27977 37.99 60.6915
    endloop
  endfacet
  facet normal 0 1 0
    outer loop
      vertex 3.13082 37.99 60.3765
      vertex -3.13082 37.99 60.3765
      vertex -3.27977 37.99 60.6915
    endloop
  endfacet
  facet normal 0 1 -0
    outer loop
      vertex 2.95172 37.99 60.0777
      vertex -3.13082 37.99 60.3765
      vertex 3.13082 37.99 60.3765
    endloop
  endfacet
  facet normal 0 1 0
    outer loop
      vertex 2.95172 37.99 60.0777
      vertex -2.95172 37.99 60.0777
      vertex -3.13082 37.99 60.3765
    endloop
  endfacet
  facet normal 0 1 -0
    outer loop
      vertex 2.74419 37.99 59.7979
      vertex -2.95172 37.99 60.0777
      vertex 2.95172 37.99 60.0777
    endloop
  endfacet
  facet normal 0 1 0
    outer loop
      vertex 2.74419 37.99 59.7979
      vertex -2.74419 37.99 59.7979
      vertex -2.95172 37.99 60.0777
    endloop
  endfacet
  facet normal 0 1 -0
    outer loop
      vertex 2.51023 37.99 59.5398
      vertex -2.74419 37.99 59.7979
      vertex 2.74419 37.99 59.7979
    endloop
  endfacet
  facet normal 0 1 0
    outer loop
      vertex 2.51023 37.99 59.5398
      vertex -2.51023 37.99 59.5398
      vertex -2.74419 37.99 59.7979
    endloop
  endfacet
  facet normal 0 1 -0
    outer loop
      vertex 2.2521 37.99 59.3058
      vertex -2.51023 37.99 59.5398
      vertex 2.51023 37.99 59.5398
    endloop
  endfacet
  facet normal 0 1 0
    outer loop
      vertex 2.2521 37.99 59.3058
      vertex -2.2521 37.99 59.3058
      vertex -2.51023 37.99 59.5398
    endloop
  endfacet
  facet normal 0 1 -0
    outer loop
      vertex 1.97227 37.99 59.0983
      vertex -2.2521 37.99 59.3058
      vertex 2.2521 37.99 59.3058
    endloop
  endfacet
  facet normal 0 1 0
    outer loop
      vertex 1.97227 37.99 59.0983
      vertex -1.97227 37.99 59.0983
      vertex -2.2521 37.99 59.3058
    endloop
  endfacet
  facet normal 0 1 -0
    outer loop
      vertex 1.67346 37.99 58.9192
      vertex -1.97227 37.99 59.0983
      vertex 1.97227 37.99 59.0983
    endloop
  endfacet
  facet normal 0 1 0
    outer loop
      vertex 1.67346 37.99 58.9192
      vertex -1.67346 37.99 58.9192
      vertex -1.97227 37.99 59.0983
    endloop
  endfacet
  facet normal 0 1 -0
    outer loop
      vertex 1.35853 37.99 58.7702
      vertex -1.67346 37.99 58.9192
      vertex 1.67346 37.99 58.9192
    endloop
  endfacet
  facet normal 0 1 0
    outer loop
      vertex 1.35853 37.99 58.7702
      vertex -1.35853 37.99 58.7702
      vertex -1.67346 37.99 58.9192
    endloop
  endfacet
  facet normal 0 1 -0
    outer loop
      vertex 1.03051 37.99 58.6529
      vertex -1.35853 37.99 58.7702
      vertex 1.35853 37.99 58.7702
    endloop
  endfacet
  facet normal 0 1 0
    outer loop
      vertex 1.03051 37.99 58.6529
      vertex -1.03051 37.99 58.6529
      vertex -1.35853 37.99 58.7702
    endloop
  endfacet
  facet normal 0 1 -0
    outer loop
      vertex 0.69257 37.99 58.5682
      vertex -1.03051 37.99 58.6529
      vertex 1.03051 37.99 58.6529
    endloop
  endfacet
  facet normal 0 1 0
    outer loop
      vertex 0.69257 37.99 58.5682
      vertex -0.69257 37.99 58.5682
      vertex -1.03051 37.99 58.6529
    endloop
  endfacet
  facet normal 0 1 -0
    outer loop
      vertex 0.34796 37.99 58.5171
      vertex -0.69257 37.99 58.5682
      vertex 0.69257 37.99 58.5682
    endloop
  endfacet
  facet normal 0 1 0
    outer loop
      vertex 0.34796 37.99 58.5171
      vertex -0.34796 37.99 58.5171
      vertex -0.69257 37.99 58.5682
    endloop
  endfacet
  facet normal -0 1 0
    outer loop
      vertex -0.34796 37.99 58.5171
      vertex 0.34796 37.99 58.5171
      vertex 0 37.99 58.5
    endloop
  endfacet
  facet normal 0.595633 0 -0.803257
    outer loop
      vertex 1.97227 32 59.0983
      vertex 2.2521 37.99 59.3058
      vertex 2.2521 32 59.3058
    endloop
  endfacet
  facet normal 0.595633 0 -0.803257
    outer loop
      vertex 2.2521 37.99 59.3058
      vertex 1.97227 32 59.0983
      vertex 1.97227 37.99 59.0983
    endloop
  endfacet
  facet normal -0.941535 0 -0.336915
    outer loop
      vertex -3.27977 32 60.6915
      vertex -3.39714 37.99 61.0195
      vertex -3.27977 37.99 60.6915
    endloop
  endfacet
  facet normal -0.941535 -0 -0.336915
    outer loop
      vertex -3.39714 37.99 61.0195
      vertex -3.27977 32 60.6915
      vertex -3.39714 32 61.0195
    endloop
  endfacet
  facet normal -0.595633 0 -0.803257
    outer loop
      vertex -2.2521 32 59.3058
      vertex -1.97227 37.99 59.0983
      vertex -1.97227 32 59.0983
    endloop
  endfacet
  facet normal -0.595633 0 -0.803257
    outer loop
      vertex -1.97227 37.99 59.0983
      vertex -2.2521 32 59.3058
      vertex -2.2521 37.99 59.3058
    endloop
  endfacet
  facet normal 0.243116 0 0.969997
    outer loop
      vertex 0.69257 37.99 71.4318
      vertex 1.03051 34 71.3471
      vertex 1.03051 37.99 71.3471
    endloop
  endfacet
  facet normal 0.243116 0 0.969997
    outer loop
      vertex 1.03051 34 71.3471
      vertex 0.69257 37.99 71.4318
      vertex 0.69257 34 71.4318
    endloop
  endfacet
  facet normal -0.803185 0 0.595729
    outer loop
      vertex -2.95172 34 69.9223
      vertex -2.74419 37.99 70.2021
      vertex -2.95172 37.99 69.9223
    endloop
  endfacet
  facet normal -0.803185 0 0.595729
    outer loop
      vertex -2.74419 37.99 70.2021
      vertex -2.95172 34 69.9223
      vertex -2.74419 34 70.2021
    endloop
  endfacet
  facet normal -0.14668 0 -0.989184
    outer loop
      vertex -0.69257 32 58.5682
      vertex -0.34796 37.99 58.5171
      vertex -0.34796 32 58.5171
    endloop
  endfacet
  facet normal -0.14668 0 -0.989184
    outer loop
      vertex -0.34796 37.99 58.5171
      vertex -0.69257 32 58.5682
      vertex -0.69257 37.99 58.5682
    endloop
  endfacet
  facet normal -0.514103 0 0.857728
    outer loop
      vertex -1.97227 37.99 70.9017
      vertex -1.67346 34 71.0808
      vertex -1.67346 37.99 71.0808
    endloop
  endfacet
  facet normal -0.514103 0 0.857728
    outer loop
      vertex -1.67346 34 71.0808
      vertex -1.97227 37.99 70.9017
      vertex -1.97227 34 70.9017
    endloop
  endfacet
  facet normal 0.998796 0 -0.0490501
    outer loop
      vertex 3.55 32 62.05
      vertex 3.53291 37.99 61.702
      vertex 3.55 37.99 62.05
    endloop
  endfacet
  facet normal 0.998796 0 -0.0490501
    outer loop
      vertex 3.53291 37.99 61.702
      vertex 3.55 32 62.05
      vertex 3.53291 32 61.702
    endloop
  endfacet
  facet normal 0.243116 0 -0.969997
    outer loop
      vertex 0.69257 32 58.5682
      vertex 1.03051 37.99 58.6529
      vertex 1.03051 32 58.6529
    endloop
  endfacet
  facet normal 0.243116 0 -0.969997
    outer loop
      vertex 1.03051 37.99 58.6529
      vertex 0.69257 32 58.5682
      vertex 0.69257 37.99 58.5682
    endloop
  endfacet
  facet normal 1 -0 0
    outer loop
      vertex 3.55 32 63.95
      vertex 3.55 37.99 62.05
      vertex 3.55 37.99 63.95
    endloop
  endfacet
  facet normal 1 0 0
    outer loop
      vertex 3.55 37.99 62.05
      vertex 3.55 32 63.95
      vertex 3.55 32 62.05
    endloop
  endfacet
  facet normal 0.514103 0 -0.857728
    outer loop
      vertex 1.67346 32 58.9192
      vertex 1.97227 37.99 59.0983
      vertex 1.97227 32 59.0983
    endloop
  endfacet
  facet normal 0.514103 0 -0.857728
    outer loop
      vertex 1.97227 37.99 59.0983
      vertex 1.67346 32 58.9192
      vertex 1.67346 37.99 58.9192
    endloop
  endfacet
  facet normal -0.0490843 0 -0.998795
    outer loop
      vertex -0.34796 32 58.5171
      vertex 0 37.99 58.5
      vertex 0 32 58.5
    endloop
  endfacet
  facet normal -0.0490843 0 -0.998795
    outer loop
      vertex 0 37.99 58.5
      vertex -0.34796 32 58.5171
      vertex -0.34796 37.99 58.5171
    endloop
  endfacet
  facet normal -0.243116 0 -0.969997
    outer loop
      vertex -1.03051 32 58.6529
      vertex -0.69257 37.99 58.5682
      vertex -0.69257 32 58.5682
    endloop
  endfacet
  facet normal -0.243116 0 -0.969997
    outer loop
      vertex -0.69257 37.99 58.5682
      vertex -1.03051 32 58.6529
      vertex -1.03051 37.99 58.6529
    endloop
  endfacet
  facet normal 0.14668 0 0.989184
    outer loop
      vertex 0.34796 37.99 71.4829
      vertex 0.69257 34 71.4318
      vertex 0.69257 37.99 71.4318
    endloop
  endfacet
  facet normal 0.14668 0 0.989184
    outer loop
      vertex 0.69257 34 71.4318
      vertex 0.34796 37.99 71.4829
      vertex 0.34796 34 71.4829
    endloop
  endfacet
  facet normal 0.42767 0 0.903935
    outer loop
      vertex 1.35853 37.99 71.2298
      vertex 1.67346 34 71.0808
      vertex 1.67346 37.99 71.0808
    endloop
  endfacet
  facet normal 0.42767 0 0.903935
    outer loop
      vertex 1.67346 34 71.0808
      vertex 1.35853 37.99 71.2298
      vertex 1.35853 34 71.2298
    endloop
  endfacet
  facet normal 0.671629 0 -0.740887
    outer loop
      vertex 2.2521 32 59.3058
      vertex 2.51023 37.99 59.5398
      vertex 2.51023 32 59.5398
    endloop
  endfacet
  facet normal 0.671629 0 -0.740887
    outer loop
      vertex 2.51023 37.99 59.5398
      vertex 2.2521 32 59.3058
      vertex 2.2521 37.99 59.3058
    endloop
  endfacet
  facet normal -0.671629 0 0.740887
    outer loop
      vertex -2.51023 37.99 70.4602
      vertex -2.2521 34 70.6942
      vertex -2.2521 37.99 70.6942
    endloop
  endfacet
  facet normal -0.671629 0 0.740887
    outer loop
      vertex -2.2521 34 70.6942
      vertex -2.51023 37.99 70.4602
      vertex -2.51023 34 70.4602
    endloop
  endfacet
  facet normal 0.857721 -0 0.514116
    outer loop
      vertex 2.95172 34 69.9223
      vertex 3.13082 37.99 69.6235
      vertex 2.95172 37.99 69.9223
    endloop
  endfacet
  facet normal 0.857721 0 0.514116
    outer loop
      vertex 3.13082 37.99 69.6235
      vertex 2.95172 34 69.9223
      vertex 3.13082 34 69.6235
    endloop
  endfacet
  facet normal -0.0490843 0 0.998795
    outer loop
      vertex -0.34796 37.99 71.4829
      vertex 0 34 71.5
      vertex 0 37.99 71.5
    endloop
  endfacet
  facet normal -0.0490843 0 0.998795
    outer loop
      vertex 0 34 71.5
      vertex -0.34796 37.99 71.4829
      vertex -0.34796 34 71.4829
    endloop
  endfacet
  facet normal 0.42767 0 -0.903935
    outer loop
      vertex 1.35853 32 58.7702
      vertex 1.67346 37.99 58.9192
      vertex 1.67346 32 58.9192
    endloop
  endfacet
  facet normal 0.42767 0 -0.903935
    outer loop
      vertex 1.67346 37.99 58.9192
      vertex 1.35853 32 58.7702
      vertex 1.35853 37.99 58.7702
    endloop
  endfacet
  facet normal -0.595633 0 0.803257
    outer loop
      vertex -2.2521 37.99 70.6942
      vertex -1.97227 34 70.9017
      vertex -1.97227 37.99 70.9017
    endloop
  endfacet
  facet normal -0.595633 0 0.803257
    outer loop
      vertex -1.97227 34 70.9017
      vertex -2.2521 37.99 70.6942
      vertex -2.2521 34 70.6942
    endloop
  endfacet
  facet normal 0.14668 0 -0.989184
    outer loop
      vertex 0.34796 32 58.5171
      vertex 0.69257 37.99 58.5682
      vertex 0.69257 32 58.5682
    endloop
  endfacet
  facet normal 0.14668 0 -0.989184
    outer loop
      vertex 0.69257 37.99 58.5682
      vertex 0.34796 32 58.5171
      vertex 0.34796 37.99 58.5171
    endloop
  endfacet
  facet normal 0.514103 0 0.857728
    outer loop
      vertex 1.67346 37.99 71.0808
      vertex 1.97227 34 70.9017
      vertex 1.97227 37.99 70.9017
    endloop
  endfacet
  facet normal 0.514103 0 0.857728
    outer loop
      vertex 1.97227 34 70.9017
      vertex 1.67346 37.99 71.0808
      vertex 1.67346 34 71.0808
    endloop
  endfacet
  facet normal 0.904027 -0 0.427476
    outer loop
      vertex 3.13082 34 69.6235
      vertex 3.27977 37.99 69.3085
      vertex 3.13082 37.99 69.6235
    endloop
  endfacet
  facet normal 0.904027 0 0.427476
    outer loop
      vertex 3.27977 37.99 69.3085
      vertex 3.13082 34 69.6235
      vertex 3.27977 34 69.3085
    endloop
  endfacet
  facet normal 0.0490843 0 0.998795
    outer loop
      vertex 0 37.99 71.5
      vertex 0.34796 34 71.4829
      vertex 0.34796 37.99 71.4829
    endloop
  endfacet
  facet normal 0.0490843 0 0.998795
    outer loop
      vertex 0.34796 34 71.4829
      vertex 0 37.99 71.5
      vertex 0 34 71.5
    endloop
  endfacet
  facet normal 0.941535 0 -0.336915
    outer loop
      vertex 3.39714 32 61.0195
      vertex 3.27977 37.99 60.6915
      vertex 3.39714 37.99 61.0195
    endloop
  endfacet
  facet normal 0.941535 0 -0.336915
    outer loop
      vertex 3.27977 37.99 60.6915
      vertex 3.39714 32 61.0195
      vertex 3.27977 32 60.6915
    endloop
  endfacet
  facet normal 0.803185 -0 0.595729
    outer loop
      vertex 2.74419 34 70.2021
      vertex 2.95172 37.99 69.9223
      vertex 2.74419 37.99 70.2021
    endloop
  endfacet
  facet normal 0.803185 0 0.595729
    outer loop
      vertex 2.95172 37.99 69.9223
      vertex 2.74419 34 70.2021
      vertex 2.95172 34 69.9223
    endloop
  endfacet
  facet normal -0.857721 0 0.514116
    outer loop
      vertex -3.13082 34 69.6235
      vertex -2.95172 37.99 69.9223
      vertex -3.13082 37.99 69.6235
    endloop
  endfacet
  facet normal -0.857721 0 0.514116
    outer loop
      vertex -2.95172 37.99 69.9223
      vertex -3.13082 34 69.6235
      vertex -2.95172 34 69.9223
    endloop
  endfacet
  facet normal 0.671629 0 0.740887
    outer loop
      vertex 2.2521 37.99 70.6942
      vertex 2.51023 34 70.4602
      vertex 2.51023 37.99 70.4602
    endloop
  endfacet
  facet normal 0.671629 0 0.740887
    outer loop
      vertex 2.51023 34 70.4602
      vertex 2.2521 37.99 70.6942
      vertex 2.2521 34 70.6942
    endloop
  endfacet
  facet normal 0.336718 0 0.941605
    outer loop
      vertex 1.03051 37.99 71.3471
      vertex 1.35853 34 71.2298
      vertex 1.35853 37.99 71.2298
    endloop
  endfacet
  facet normal 0.336718 0 0.941605
    outer loop
      vertex 1.35853 34 71.2298
      vertex 1.03051 37.99 71.3471
      vertex 1.03051 34 71.3471
    endloop
  endfacet
  facet normal -0.740906 0 0.671609
    outer loop
      vertex -2.74419 34 70.2021
      vertex -2.51023 37.99 70.4602
      vertex -2.74419 37.99 70.2021
    endloop
  endfacet
  facet normal -0.740906 0 0.671609
    outer loop
      vertex -2.51023 37.99 70.4602
      vertex -2.74419 34 70.2021
      vertex -2.51023 34 70.4602
    endloop
  endfacet
  facet normal -0.14668 0 0.989184
    outer loop
      vertex -0.69257 37.99 71.4318
      vertex -0.34796 34 71.4829
      vertex -0.34796 37.99 71.4829
    endloop
  endfacet
  facet normal -0.14668 0 0.989184
    outer loop
      vertex -0.34796 34 71.4829
      vertex -0.69257 37.99 71.4318
      vertex -0.69257 34 71.4318
    endloop
  endfacet
  facet normal -0.904027 0 0.427476
    outer loop
      vertex -3.27977 34 69.3085
      vertex -3.13082 37.99 69.6235
      vertex -3.27977 37.99 69.3085
    endloop
  endfacet
  facet normal -0.904027 0 0.427476
    outer loop
      vertex -3.13082 37.99 69.6235
      vertex -3.27977 34 69.3085
      vertex -3.13082 34 69.6235
    endloop
  endfacet
  facet normal 0.857721 0 -0.514116
    outer loop
      vertex 3.13082 32 60.3765
      vertex 2.95172 37.99 60.0777
      vertex 3.13082 37.99 60.3765
    endloop
  endfacet
  facet normal 0.857721 0 -0.514116
    outer loop
      vertex 2.95172 37.99 60.0777
      vertex 3.13082 32 60.3765
      vertex 2.95172 32 60.0777
    endloop
  endfacet
  facet normal 0.803185 0 -0.595729
    outer loop
      vertex 2.95172 32 60.0777
      vertex 2.74419 37.99 59.7979
      vertex 2.95172 37.99 60.0777
    endloop
  endfacet
  facet normal 0.803185 0 -0.595729
    outer loop
      vertex 2.74419 37.99 59.7979
      vertex 2.95172 32 60.0777
      vertex 2.74419 32 59.7979
    endloop
  endfacet
  facet normal 0.970019 -0 0.24303
    outer loop
      vertex 3.39714 34 68.9805
      vertex 3.41796 37.99 68.8974
      vertex 3.39714 37.99 68.9805
    endloop
  endfacet
  facet normal 0.970019 0 0.24303
    outer loop
      vertex 3.41796 37.99 68.8974
      vertex 3.39714 34 68.9805
      vertex 3.41796 34 68.8974
    endloop
  endfacet
  facet normal -0.42767 0 -0.903935
    outer loop
      vertex -1.67346 32 58.9192
      vertex -1.35853 37.99 58.7702
      vertex -1.35853 32 58.7702
    endloop
  endfacet
  facet normal -0.42767 0 -0.903935
    outer loop
      vertex -1.35853 37.99 58.7702
      vertex -1.67346 32 58.9192
      vertex -1.67346 37.99 58.9192
    endloop
  endfacet
  facet normal -0.336718 0 -0.941605
    outer loop
      vertex -1.35853 32 58.7702
      vertex -1.03051 37.99 58.6529
      vertex -1.03051 32 58.6529
    endloop
  endfacet
  facet normal -0.336718 0 -0.941605
    outer loop
      vertex -1.03051 37.99 58.6529
      vertex -1.35853 32 58.7702
      vertex -1.35853 37.99 58.7702
    endloop
  endfacet
  facet normal -0.42767 0 0.903935
    outer loop
      vertex -1.67346 37.99 71.0808
      vertex -1.35853 34 71.2298
      vertex -1.35853 37.99 71.2298
    endloop
  endfacet
  facet normal -0.42767 0 0.903935
    outer loop
      vertex -1.35853 34 71.2298
      vertex -1.67346 37.99 71.0808
      vertex -1.67346 34 71.0808
    endloop
  endfacet
  facet normal -0.941535 0 0.336915
    outer loop
      vertex -3.39714 34 68.9805
      vertex -3.27977 37.99 69.3085
      vertex -3.39714 37.99 68.9805
    endloop
  endfacet
  facet normal -0.941535 0 0.336915
    outer loop
      vertex -3.27977 37.99 69.3085
      vertex -3.39714 34 68.9805
      vertex -3.27977 34 69.3085
    endloop
  endfacet
endsolid OpenSCAD_Model
